-- MySQL dump 10.17  Distrib 10.3.25-MariaDB, for debian-linux-gnu (x86_64)
--
-- Host: localhost    Database: ensename
-- ------------------------------------------------------
-- Server version	10.3.25-MariaDB-0ubuntu0.20.04.1

/*!40101 SET @OLD_CHARACTER_SET_CLIENT=@@CHARACTER_SET_CLIENT */;
/*!40101 SET @OLD_CHARACTER_SET_RESULTS=@@CHARACTER_SET_RESULTS */;
/*!40101 SET @OLD_COLLATION_CONNECTION=@@COLLATION_CONNECTION */;
/*!40101 SET NAMES utf8mb4 */;
/*!40103 SET @OLD_TIME_ZONE=@@TIME_ZONE */;
/*!40103 SET TIME_ZONE='+00:00' */;
/*!40014 SET @OLD_UNIQUE_CHECKS=@@UNIQUE_CHECKS, UNIQUE_CHECKS=0 */;
/*!40014 SET @OLD_FOREIGN_KEY_CHECKS=@@FOREIGN_KEY_CHECKS, FOREIGN_KEY_CHECKS=0 */;
/*!40101 SET @OLD_SQL_MODE=@@SQL_MODE, SQL_MODE='NO_AUTO_VALUE_ON_ZERO' */;
/*!40111 SET @OLD_SQL_NOTES=@@SQL_NOTES, SQL_NOTES=0 */;

--
-- Table structure for table `academic_level`
--

DROP TABLE IF EXISTS `academic_level`;
/*!40101 SET @saved_cs_client     = @@character_set_client */;
/*!40101 SET character_set_client = utf8 */;
CREATE TABLE `academic_level` (
  `id` tinyint(3) unsigned NOT NULL AUTO_INCREMENT,
  `name` varchar(191) COLLATE utf8mb4_unicode_ci NOT NULL,
  `created_at` timestamp NULL DEFAULT NULL,
  `updated_at` timestamp NULL DEFAULT NULL,
  PRIMARY KEY (`id`)
) ENGINE=InnoDB AUTO_INCREMENT=14 DEFAULT CHARSET=utf8mb4 COLLATE=utf8mb4_unicode_ci;
/*!40101 SET character_set_client = @saved_cs_client */;

--
-- Dumping data for table `academic_level`
--

LOCK TABLES `academic_level` WRITE;
/*!40000 ALTER TABLE `academic_level` DISABLE KEYS */;
INSERT INTO `academic_level` VALUES (1,'No Definido','2020-10-13 14:37:18','2020-10-13 14:37:18'),(2,'Preescolar','2020-10-13 14:37:18','2020-10-13 14:37:18'),(3,'Básica Primaria','2020-10-13 14:37:18','2020-10-13 14:37:18'),(4,'Básica Secundaria (Bachillerato Básico)','2020-10-13 14:37:18','2020-10-13 14:37:18'),(5,'Media Académica o Clásica (Bachillerato Básico)','2020-10-13 14:37:18','2020-10-13 14:37:18'),(6,'Media Técnica (Bachillerato Técnico)','2020-10-13 14:37:18','2020-10-13 14:37:18'),(7,'Normalista','2020-10-13 14:37:18','2020-10-13 14:37:18'),(8,'Técnica Profesional','2020-10-13 14:37:18','2020-10-13 14:37:18'),(9,'Tecnológica','2020-10-13 14:37:18','2020-10-13 14:37:18'),(10,'Profesional','2020-10-13 14:37:18','2020-10-13 14:37:18'),(11,'Especialización','2020-10-13 14:37:18','2020-10-13 14:37:18'),(12,'Maestría','2020-10-13 14:37:18','2020-10-13 14:37:18'),(13,'Doctorado','2020-10-13 14:37:18','2020-10-13 14:37:18');
/*!40000 ALTER TABLE `academic_level` ENABLE KEYS */;
UNLOCK TABLES;

--
-- Table structure for table `activity`
--

DROP TABLE IF EXISTS `activity`;
/*!40101 SET @saved_cs_client     = @@character_set_client */;
/*!40101 SET character_set_client = utf8 */;
CREATE TABLE `activity` (
  `id` bigint(20) unsigned NOT NULL AUTO_INCREMENT,
  `session_id` bigint(20) unsigned NOT NULL,
  `activity_type_id` smallint(5) unsigned NOT NULL,
  `name` text COLLATE utf8mb4_unicode_ci NOT NULL,
  `description` text COLLATE utf8mb4_unicode_ci DEFAULT NULL,
  `created_at` timestamp NULL DEFAULT NULL,
  `updated_at` timestamp NULL DEFAULT NULL,
  PRIMARY KEY (`id`),
  KEY `activity_session_id_index` (`session_id`),
  KEY `activity_activity_type_id_index` (`activity_type_id`),
  CONSTRAINT `activity_activity_type_id_foreign` FOREIGN KEY (`activity_type_id`) REFERENCES `activity_type` (`id`),
  CONSTRAINT `activity_session_id_foreign` FOREIGN KEY (`session_id`) REFERENCES `session` (`id`)
) ENGINE=InnoDB AUTO_INCREMENT=728 DEFAULT CHARSET=utf8mb4 COLLATE=utf8mb4_unicode_ci;
/*!40101 SET character_set_client = @saved_cs_client */;

--
-- Dumping data for table `activity`
--

LOCK TABLES `activity` WRITE;
/*!40000 ALTER TABLE `activity` DISABLE KEYS */;
INSERT INTO `activity` VALUES (15,3,1,'Es momento de la invención - Entrega',NULL,'2020-10-13 14:37:24','2020-10-13 14:37:24'),(24,4,1,'Instrucciones claras y precisas - Entrega',NULL,'2020-10-13 14:37:24','2020-10-13 14:37:24'),(29,4,1,'¡Juguemos al que más rápido sume con el Micro:bit! - Entrega',NULL,'2020-10-13 14:37:24','2020-10-13 14:37:24'),(37,5,1,'Dibujo pixelado',NULL,'2020-10-13 14:37:24','2020-10-13 14:37:24'),(41,5,1,'Historia en pantalla grande - Entrega',NULL,'2020-10-13 14:37:24','2020-10-13 14:37:24'),(46,5,1,'Guardando información - Entrega',NULL,'2020-10-13 14:37:24','2020-10-13 14:37:24'),(58,6,1,'Condicionales para tomar el camino correcto - Entrega',NULL,'2020-10-13 14:37:24','2020-10-13 14:37:24'),(61,6,1,'Creando un dado con el Micro:bit - Entrega',NULL,'2020-10-13 14:37:24','2020-10-13 14:37:24'),(74,7,1,'Diseñadores de juegos - Entrega',NULL,'2020-10-13 14:37:24','2020-10-13 14:37:24'),(82,8,1,'¿Cómo elaborar un diagrama de flujo? - Entrega',NULL,'2020-10-13 14:37:24','2020-10-13 14:37:24'),(85,8,1,'Un Micro:bit como Bola de Cristal - Entrega',NULL,'2020-10-13 14:37:24','2020-10-13 14:37:24'),(95,9,1,'¡A probar materiales! ¿Cuáles son /conductores/ y /aislantes?/',NULL,'2020-10-13 14:37:24','2020-10-13 14:37:24'),(98,9,1,'¿Cómo la computadora se da cuenta del mundo? - Entrega',NULL,'2020-10-13 14:37:24','2020-10-13 14:37:24'),(106,10,1,'Resultados de los tiempos de reacción - Entrega',NULL,'2020-10-13 14:37:24','2020-10-13 14:37:24'),(116,11,1,'Radar de velocidad - Entrega',NULL,'2020-10-13 14:37:24','2020-10-13 14:37:24'),(119,11,1,'¿Es posible medir la humedad del suelo? - Entrega',NULL,'2020-10-13 14:37:24','2020-10-13 14:37:24'),(126,12,1,'Sistema de monitoreo agrícola.- Entrega',NULL,'2020-10-13 14:37:24','2020-10-13 14:37:24'),(129,12,1,'Creatividad en juego - Entrega',NULL,'2020-10-13 14:37:24','2020-10-13 14:37:24'),(132,12,1,'Evolución de tu mascota - Entrega',NULL,'2020-10-13 14:37:24','2020-10-13 14:37:24'),(133,12,1,'¿Cómo atender las necesidades de tu mascota?',NULL,'2020-10-13 14:37:24','2020-10-13 14:37:24'),(141,13,1,'¡Qué voltaje! - Entrega',NULL,'2020-10-13 14:37:24','2020-10-13 14:37:24'),(144,13,1,'Partes de la Tarjeta de Ampliación y Conexión - Entrega',NULL,'2020-10-13 14:37:24','2020-10-13 14:37:24'),(151,13,1,'¡A programar! - Entrega',NULL,'2020-10-13 14:37:24','2020-10-13 14:37:24'),(160,14,1,'¿Cómo se puede ver con sonido? - Entrega',NULL,'2020-10-13 14:37:24','2020-10-13 14:37:24'),(164,14,1,'Automatizando suministros de comida - Entrega',NULL,'2020-10-13 14:37:24','2020-10-13 14:37:24'),(172,15,1,'Actualización del dispensador de alimentos - Entrega',NULL,'2020-10-13 14:37:24','2020-10-13 14:37:24'),(175,15,1,'El sentido de las máquinas - Entrega',NULL,'2020-10-13 14:37:24','2020-10-13 14:37:24'),(185,15,1,'Construyendo una máquina manual - Entrega',NULL,'2020-10-13 14:37:24','2020-10-13 14:37:24'),(194,16,1,'¡A cumplir la Misión! - Entrega',NULL,'2020-10-13 14:37:24','2020-10-13 14:37:24'),(202,17,1,'Reconstruyendo al Robot AXGS - Entrega',NULL,'2020-10-13 14:37:24','2020-10-13 14:37:24'),(207,17,1,'Robots en la vida diaria - Entrega',NULL,'2020-10-13 14:37:24','2020-10-13 14:37:24'),(217,18,1,'Comunicación por radio - Entrega',NULL,'2020-10-13 14:37:24','2020-10-13 14:37:24'),(226,19,1,'Programadores de alto nivel - Entrega',NULL,'2020-10-13 14:37:24','2020-10-13 14:37:24'),(229,19,1,'¡A programar el carro a control remoto! - Entrega',NULL,'2020-10-13 14:37:24','2020-10-13 14:37:24'),(232,19,1,'Maestros de la velocidad - Entrega',NULL,'2020-10-13 14:37:24','2020-10-13 14:37:24'),(244,20,1,'Primera parte del control remoto - Entrega',NULL,'2020-10-13 14:37:24','2020-10-13 14:37:24'),(247,20,1,'Reto LED RGB -Entrega',NULL,'2020-10-13 14:37:24','2020-10-13 14:37:24'),(248,20,1,'Más programaciones, ¿cuáles son sus resultados?',NULL,'2020-10-13 14:37:24','2020-10-13 14:37:24'),(251,20,1,'GAMEPAD casero - Entrega',NULL,'2020-10-13 14:37:24','2020-10-13 14:37:24'),(259,21,1,'Salvando al Robot AXSG - Entrega',NULL,'2020-10-13 14:37:24','2020-10-13 14:37:24'),(262,21,1,'Prueba y error - Entrega',NULL,'2020-10-13 14:37:24','2020-10-13 14:37:24'),(264,21,1,'Ensamble y pruebas - Entrega',NULL,'2020-10-13 14:37:24','2020-10-13 14:37:24'),(272,22,1,'Ojos en los pies - Entrega',NULL,'2020-10-13 14:37:24','2020-10-13 14:37:24'),(275,22,1,'Diagrama de flujo - Entrega',NULL,'2020-10-13 14:37:24','2020-10-13 14:37:24'),(277,22,1,'Carrera de velocistas - Entrega',NULL,'2020-10-13 14:37:24','2020-10-13 14:37:24'),(288,23,1,'Lectura de contexto e identificación del problema - Entrega',NULL,'2020-10-13 14:37:24','2020-10-13 14:37:24'),(291,23,1,'¡A trabajar en equipo! - Entrega',NULL,'2020-10-13 14:37:24','2020-10-13 14:37:24'),(299,24,1,'Redacten sus objetivos - Entrega',NULL,'2020-10-13 14:37:24','2020-10-13 14:37:24'),(302,24,1,'Logros del Descubrir - Entrega',NULL,'2020-10-13 14:37:24','2020-10-13 14:37:24'),(305,24,1,'Definir - Primera parte - Entrega',NULL,'2020-10-13 14:37:24','2020-10-13 14:37:24'),(308,24,1,'Roles del equipo',NULL,'2020-10-13 14:37:24','2020-10-13 14:37:24'),(311,24,1,'Identidad de equipo - Entrega',NULL,'2020-10-13 14:37:24','2020-10-13 14:37:24'),(319,25,1,'Dándole forma al prototipo - Entrega',NULL,'2020-10-13 14:37:24','2020-10-13 14:37:24'),(322,25,1,'Partes y funciones del prototipo - Entrega',NULL,'2020-10-13 14:37:24','2020-10-13 14:37:24'),(325,25,1,'Diagramas de flujo - Entrega',NULL,'2020-10-13 14:37:24','2020-10-13 14:37:24'),(328,25,1,'Selección de herramientas y materiales - Entrega',NULL,'2020-10-13 14:37:24','2020-10-13 14:37:24'),(330,25,1,'Boceto del prototipo',NULL,'2020-10-13 14:37:24','2020-10-13 14:37:24'),(332,25,1,'Selección de materiales',NULL,'2020-10-13 14:37:24','2020-10-13 14:37:24'),(339,26,1,'Bocetos del prototipo - Entrega',NULL,'2020-10-13 14:37:24','2020-10-13 14:37:24'),(342,26,1,'Desarrollo del prototipo - Entrega',NULL,'2020-10-13 14:37:24','2020-10-13 14:37:24'),(348,27,1,'Avances y pendientes - Entrega',NULL,'2020-10-13 14:37:24','2020-10-13 14:37:24'),(354,28,1,'Evidencias del proceso final - Entrega',NULL,'2020-10-13 14:37:24','2020-10-13 14:37:24'),(355,28,1,'¡Misión cumplida! - Entrega',NULL,'2020-10-13 14:37:24','2020-10-13 14:37:24'),(362,29,1,'Resultados de las pruebas - Entrega',NULL,'2020-10-13 14:37:24','2020-10-13 14:37:24'),(364,29,1,'Mejoras en marcha - Entrega',NULL,'2020-10-13 14:37:24','2020-10-13 14:37:24'),(365,29,1,'Observación del problema y la solución - Entrega',NULL,'2020-10-13 14:37:24','2020-10-13 14:37:24'),(368,29,1,'Variables para medición - Entrega',NULL,'2020-10-13 14:37:24','2020-10-13 14:37:24'),(374,30,1,'Tabla de variables - Entrega',NULL,'2020-10-13 14:37:24','2020-10-13 14:37:24'),(377,30,1,'Resultados de pruebas - Entrega',NULL,'2020-10-13 14:37:24','2020-10-13 14:37:24'),(380,30,1,'Gráficas y análisis - Entrega',NULL,'2020-10-13 14:37:24','2020-10-13 14:37:24'),(383,30,1,'Sistematizar los resultados - Entrega',NULL,'2020-10-13 14:37:24','2020-10-13 14:37:24'),(389,31,1,'Reflexión final - Entrega',NULL,'2020-10-13 14:37:24','2020-10-13 14:37:24'),(391,31,1,'La gran historia del prototipo - Entrega',NULL,'2020-10-13 14:37:24','2020-10-13 14:37:24'),(393,31,1,'Organización de la feria - Entrega',NULL,'2020-10-13 14:37:24','2020-10-13 14:37:24'),(398,32,1,'Organización de la feria - Entrega',NULL,'2020-10-13 14:37:24','2020-10-13 14:37:24'),(399,32,1,'Último ensayo - Entrega',NULL,'2020-10-13 14:37:24','2020-10-13 14:37:24'),(414,34,1,'Tu primera tarea con el Micro:bit - Entrega',NULL,'2020-10-13 14:37:24','2020-10-13 14:37:24'),(417,35,1,'El Micro:bit como canal de comunicación - Entrega',NULL,'2020-10-13 14:37:24','2020-10-13 14:37:24'),(422,35,1,'Variables - Entrega',NULL,'2020-10-13 14:37:24','2020-10-13 14:37:24'),(430,36,1,'Juego de mesa utilizando Condicionales - Entrega',NULL,'2020-10-13 14:37:24','2020-10-13 14:37:24'),(431,36,1,'Diagramas de flujo - Entrega',NULL,'2020-10-13 14:37:24','2020-10-13 14:37:24'),(434,36,1,'¿Cómo te fue con los pines analógicos? - Entrega',NULL,'2020-10-13 14:37:24','2020-10-13 14:37:24'),(440,37,1,'Velocidad y tiempos con pines analógicos - Entrega',NULL,'2020-10-13 14:37:24','2020-10-13 14:37:24'),(450,38,1,'Aplicaciones de la Biotecnología en el mundo real - Entrega',NULL,'2020-10-13 14:37:24','2020-10-13 14:37:24'),(460,39,1,'Aplicación de sensores - Entrega',NULL,'2020-10-13 14:37:24','2020-10-13 14:37:24'),(470,40,1,'Programación y prueba de funcionamiento - Entrega',NULL,'2020-10-13 14:37:24','2020-10-13 14:37:24'),(480,41,1,'Tarjeta de Ampliación y sensores - Entrega',NULL,'2020-10-13 14:37:24','2020-10-13 14:37:24'),(486,42,1,'¿Qué es la agricultura? - Entrega',NULL,'2020-10-13 14:37:24','2020-10-13 14:37:24'),(494,42,1,'Proyecto - Humedad en el suelo - Entrega',NULL,'2020-10-13 14:37:24','2020-10-13 14:37:24'),(503,43,1,'Soluciones agropecuarias - Entrega',NULL,'2020-10-13 14:37:24','2020-10-13 14:37:24'),(509,44,1,'Proyecto. Humedad del suelo y humedad relativa - Entrega',NULL,'2020-10-13 14:37:24','2020-10-13 14:37:24'),(519,45,1,'Proyecto: temperatura ambiental y corporal - Entrega',NULL,'2020-10-13 14:37:24','2020-10-13 14:37:24'),(526,46,1,'Beneficios y riesgos del Sol - Entregable',NULL,'2020-10-13 14:37:24','2020-10-13 14:37:24'),(530,46,1,'Proyecto: Caja oscura y su iluminación - Entrega',NULL,'2020-10-13 14:37:24','2020-10-13 14:37:24'),(537,47,1,'¿Cómo evitar la contaminación? - Entregable',NULL,'2020-10-13 14:37:24','2020-10-13 14:37:24'),(541,47,1,'Elevación automática para el cuidado de cultivos - Entrega',NULL,'2020-10-13 14:37:24','2020-10-13 14:37:24'),(543,47,1,'Cuéntanos el avance de tu misión',NULL,'2020-10-13 14:37:24','2020-10-13 14:37:24'),(549,48,1,'Analiza, dialoga, responde y comparte - Entrega',NULL,'2020-10-13 14:37:24','2020-10-13 14:37:24'),(552,48,1,'Programación e Integración - Entrega',NULL,'2020-10-13 14:37:24','2020-10-13 14:37:24'),(561,49,1,'Energía eólica en Colombia',NULL,'2020-10-13 14:37:24','2020-10-13 14:37:24'),(563,49,1,'Proyecto velocidad del viento – Entrega',NULL,'2020-10-13 14:37:24','2020-10-13 14:37:24'),(570,49,1,'Proyecto: alarma contra incendios - Entrega',NULL,'2020-10-13 14:37:24','2020-10-13 14:37:24'),(581,50,1,'Proyecto seguidor de línea - Entrega',NULL,'2020-10-13 14:37:24','2020-10-13 14:37:24'),(582,50,1,'Aporte de la agricultura 4.0 - Entrega',NULL,'2020-10-13 14:37:24','2020-10-13 14:37:24'),(596,51,1,'Construcción suministro automático de alimento - Entrega',NULL,'2020-10-13 14:37:24','2020-10-13 14:37:24'),(598,51,1,'Cuéntanos el avance de tu misión',NULL,'2020-10-13 14:37:24','2020-10-13 14:37:24'),(607,52,1,'Tractor automatizado - Entrega',NULL,'2020-10-13 14:37:24','2020-10-13 14:37:24'),(619,53,1,'Proyecto: Ojos que no ven - Entrega',NULL,'2020-10-13 14:37:24','2020-10-13 14:37:24'),(636,54,1,'¡A trabajar en equipo! - Entrega',NULL,'2020-10-13 14:37:24','2020-10-13 14:37:24'),(638,54,1,'Cuéntanos el avance de tu misión',NULL,'2020-10-13 14:37:24','2020-10-13 14:37:24'),(643,55,1,'Redacten sus objetivos - Entrega',NULL,'2020-10-13 14:37:24','2020-10-13 14:37:24'),(646,55,1,'Soluciones propuestas - Entrega',NULL,'2020-10-13 14:37:24','2020-10-13 14:37:24'),(648,55,1,'Definir - Primera parte',NULL,'2020-10-13 14:37:24','2020-10-13 14:37:24'),(651,55,1,'Roles del equipo - Entrega',NULL,'2020-10-13 14:37:24','2020-10-13 14:37:24'),(654,55,1,'Diseño de marca - Entrega',NULL,'2020-10-13 14:37:24','2020-10-13 14:37:24'),(661,56,1,'Dándole forma al prototipo - Entrega',NULL,'2020-10-13 14:37:24','2020-10-13 14:37:24'),(664,56,1,'Partes y funciones del prototipo - Entrega',NULL,'2020-10-13 14:37:24','2020-10-13 14:37:24'),(667,56,1,'Diagramas de flujo',NULL,'2020-10-13 14:37:24','2020-10-13 14:37:24'),(670,56,1,'Preselección de materiales - Entrega',NULL,'2020-10-13 14:37:24','2020-10-13 14:37:24'),(672,56,1,'Preselección de materiales',NULL,'2020-10-13 14:37:24','2020-10-13 14:37:24'),(677,57,1,'Boceto del prototipo - Entrega',NULL,'2020-10-13 14:37:24','2020-10-13 14:37:24'),(679,57,1,'¡Hora de crear! - Entrega',NULL,'2020-10-13 14:37:24','2020-10-13 14:37:24'),(685,58,1,'Avances y pendientes - Entrega',NULL,'2020-10-13 14:37:24','2020-10-13 14:37:24'),(686,58,1,'Tareas por desarrollar - Entrega',NULL,'2020-10-13 14:37:24','2020-10-13 14:37:24'),(692,59,1,'Evidencias del proceso final - Entrega',NULL,'2020-10-13 14:37:24','2020-10-13 14:37:24'),(693,59,1,'Tareas pendientes',NULL,'2020-10-13 14:37:24','2020-10-13 14:37:24'),(694,59,1,'¡Misión cumplida! - Entrega',NULL,'2020-10-13 14:37:24','2020-10-13 14:37:24'),(699,60,1,'Mejoras en marcha - Entrega',NULL,'2020-10-13 14:37:24','2020-10-13 14:37:24'),(700,60,1,'Evaluación del proyecto - Entrega',NULL,'2020-10-13 14:37:24','2020-10-13 14:37:24'),(706,61,1,'Tabla de variables - Entrega',NULL,'2020-10-13 14:37:24','2020-10-13 14:37:24'),(709,61,1,'Gráficas y análisis - Entrega',NULL,'2020-10-13 14:37:24','2020-10-13 14:37:24'),(712,61,1,'Conclusiones',NULL,'2020-10-13 14:37:24','2020-10-13 14:37:24'),(718,62,1,'Organización de la Feria - Entrega',NULL,'2020-10-13 14:37:24','2020-10-13 14:37:24'),(719,62,1,'La gran historia del prototipo - Entrega',NULL,'2020-10-13 14:37:24','2020-10-13 14:37:24'),(721,62,1,'Tabla de variables',NULL,'2020-10-13 14:37:24','2020-10-13 14:37:24'),(727,63,1,'Organización de la Feria - Entrega',NULL,'2020-10-13 14:37:24','2020-10-13 14:37:24');
/*!40000 ALTER TABLE `activity` ENABLE KEYS */;
UNLOCK TABLES;

--
-- Table structure for table `activity_type`
--

DROP TABLE IF EXISTS `activity_type`;
/*!40101 SET @saved_cs_client     = @@character_set_client */;
/*!40101 SET character_set_client = utf8 */;
CREATE TABLE `activity_type` (
  `id` smallint(5) unsigned NOT NULL AUTO_INCREMENT,
  `name` varchar(191) COLLATE utf8mb4_unicode_ci NOT NULL,
  `group` tinyint(4) NOT NULL DEFAULT 0,
  `created_at` timestamp NULL DEFAULT NULL,
  `updated_at` timestamp NULL DEFAULT NULL,
  PRIMARY KEY (`id`)
) ENGINE=InnoDB AUTO_INCREMENT=2 DEFAULT CHARSET=utf8mb4 COLLATE=utf8mb4_unicode_ci;
/*!40101 SET character_set_client = @saved_cs_client */;

--
-- Dumping data for table `activity_type`
--

LOCK TABLES `activity_type` WRITE;
/*!40000 ALTER TABLE `activity_type` DISABLE KEYS */;
INSERT INTO `activity_type` VALUES (1,'assign',0,'2020-10-13 14:37:24','2020-10-13 14:37:24');
/*!40000 ALTER TABLE `activity_type` ENABLE KEYS */;
UNLOCK TABLES;

--
-- Table structure for table `category`
--

DROP TABLE IF EXISTS `category`;
/*!40101 SET @saved_cs_client     = @@character_set_client */;
/*!40101 SET character_set_client = utf8 */;
CREATE TABLE `category` (
  `id` bigint(20) unsigned NOT NULL AUTO_INCREMENT,
  `category_parent_id` bigint(20) unsigned DEFAULT NULL,
  `origin_id` tinyint(3) unsigned NOT NULL,
  `status_id` tinyint(3) unsigned NOT NULL,
  `name` text COLLATE utf8mb4_unicode_ci NOT NULL,
  `description` text COLLATE utf8mb4_unicode_ci DEFAULT NULL,
  `created_at` timestamp NULL DEFAULT NULL,
  `updated_at` timestamp NULL DEFAULT NULL,
  PRIMARY KEY (`id`),
  KEY `category_category_parent_id_index` (`category_parent_id`),
  KEY `category_origin_id_index` (`origin_id`),
  KEY `category_status_id_index` (`status_id`),
  CONSTRAINT `category_category_parent_id_foreign` FOREIGN KEY (`category_parent_id`) REFERENCES `category` (`id`),
  CONSTRAINT `category_origin_id_foreign` FOREIGN KEY (`origin_id`) REFERENCES `origin` (`id`),
  CONSTRAINT `category_status_id_foreign` FOREIGN KEY (`status_id`) REFERENCES `status` (`id`)
) ENGINE=InnoDB AUTO_INCREMENT=5 DEFAULT CHARSET=utf8mb4 COLLATE=utf8mb4_unicode_ci;
/*!40101 SET character_set_client = @saved_cs_client */;

--
-- Dumping data for table `category`
--

LOCK TABLES `category` WRITE;
/*!40000 ALTER TABLE `category` DISABLE KEYS */;
INSERT INTO `category` VALUES (1,NULL,1,1,'Pruebas','Pruebas','2020-10-13 14:37:19','2020-10-13 14:37:19'),(4,NULL,2,1,'Miscelánea','Miscelánea','2020-10-13 14:37:19','2020-10-13 14:37:19');
/*!40000 ALTER TABLE `category` ENABLE KEYS */;
UNLOCK TABLES;

--
-- Table structure for table `category_goal`
--

DROP TABLE IF EXISTS `category_goal`;
/*!40101 SET @saved_cs_client     = @@character_set_client */;
/*!40101 SET character_set_client = utf8 */;
CREATE TABLE `category_goal` (
  `id` bigint(20) unsigned NOT NULL AUTO_INCREMENT,
  `category_id` bigint(20) unsigned NOT NULL,
  `goal_id` bigint(20) unsigned NOT NULL,
  `created_at` timestamp NULL DEFAULT NULL,
  `updated_at` timestamp NULL DEFAULT NULL,
  PRIMARY KEY (`id`),
  KEY `category_goal_category_id_index` (`category_id`),
  KEY `category_goal_goal_id_index` (`goal_id`),
  CONSTRAINT `category_goal_category_id_foreign` FOREIGN KEY (`category_id`) REFERENCES `category` (`id`),
  CONSTRAINT `category_goal_goal_id_foreign` FOREIGN KEY (`goal_id`) REFERENCES `goal` (`id`)
) ENGINE=InnoDB DEFAULT CHARSET=utf8mb4 COLLATE=utf8mb4_unicode_ci;
/*!40101 SET character_set_client = @saved_cs_client */;

--
-- Dumping data for table `category_goal`
--

LOCK TABLES `category_goal` WRITE;
/*!40000 ALTER TABLE `category_goal` DISABLE KEYS */;
/*!40000 ALTER TABLE `category_goal` ENABLE KEYS */;
UNLOCK TABLES;

--
-- Table structure for table `competition`
--

DROP TABLE IF EXISTS `competition`;
/*!40101 SET @saved_cs_client     = @@character_set_client */;
/*!40101 SET character_set_client = utf8 */;
CREATE TABLE `competition` (
  `id` bigint(20) unsigned NOT NULL AUTO_INCREMENT,
  `name` text COLLATE utf8mb4_unicode_ci NOT NULL,
  `description` text COLLATE utf8mb4_unicode_ci DEFAULT NULL,
  `created_at` timestamp NULL DEFAULT NULL,
  `updated_at` timestamp NULL DEFAULT NULL,
  PRIMARY KEY (`id`)
) ENGINE=InnoDB AUTO_INCREMENT=6 DEFAULT CHARSET=utf8mb4 COLLATE=utf8mb4_unicode_ci;
/*!40101 SET character_set_client = @saved_cs_client */;

--
-- Dumping data for table `competition`
--

LOCK TABLES `competition` WRITE;
/*!40000 ALTER TABLE `competition` DISABLE KEYS */;
INSERT INTO `competition` VALUES (1,'Competencia comunicativa','Competencia comunicativa','2020-10-13 14:37:29','2020-10-13 14:37:29'),(2,'Competencia colaborativa','Competencia colaborativa','2020-10-13 14:37:29','2020-10-13 14:37:29'),(3,'Competencia tecnológica','Competencia tecnológica','2020-10-13 14:37:29','2020-10-13 14:37:29'),(4,'Competencia de indagación','Competencia de indagación','2020-10-13 14:37:29','2020-10-13 14:37:29'),(5,'Competencia laboral','Competencia laboral','2020-10-13 14:37:29','2020-10-13 14:37:29');
/*!40000 ALTER TABLE `competition` ENABLE KEYS */;
UNLOCK TABLES;

--
-- Table structure for table `competition_course`
--

DROP TABLE IF EXISTS `competition_course`;
/*!40101 SET @saved_cs_client     = @@character_set_client */;
/*!40101 SET character_set_client = utf8 */;
CREATE TABLE `competition_course` (
  `id` bigint(20) unsigned NOT NULL AUTO_INCREMENT,
  `competition_id` bigint(20) unsigned NOT NULL,
  `course_id` bigint(20) unsigned NOT NULL,
  `created_at` timestamp NULL DEFAULT NULL,
  `updated_at` timestamp NULL DEFAULT NULL,
  PRIMARY KEY (`id`),
  KEY `competition_course_competition_id_index` (`competition_id`),
  KEY `competition_course_course_id_index` (`course_id`),
  CONSTRAINT `competition_course_competition_id_foreign` FOREIGN KEY (`competition_id`) REFERENCES `competition` (`id`),
  CONSTRAINT `competition_course_course_id_foreign` FOREIGN KEY (`course_id`) REFERENCES `course` (`id`)
) ENGINE=InnoDB AUTO_INCREMENT=5 DEFAULT CHARSET=utf8mb4 COLLATE=utf8mb4_unicode_ci;
/*!40101 SET character_set_client = @saved_cs_client */;

--
-- Dumping data for table `competition_course`
--

LOCK TABLES `competition_course` WRITE;
/*!40000 ALTER TABLE `competition_course` DISABLE KEYS */;
INSERT INTO `competition_course` VALUES (1,1,1,'2020-10-13 14:37:29','2020-10-13 14:37:29'),(2,2,1,'2020-10-13 14:37:29','2020-10-13 14:37:29'),(3,1,2,'2020-10-13 14:37:29','2020-10-13 14:37:29'),(4,3,3,'2020-10-13 14:37:29','2020-10-13 14:37:29');
/*!40000 ALTER TABLE `competition_course` ENABLE KEYS */;
UNLOCK TABLES;

--
-- Table structure for table `country`
--

DROP TABLE IF EXISTS `country`;
/*!40101 SET @saved_cs_client     = @@character_set_client */;
/*!40101 SET character_set_client = utf8 */;
CREATE TABLE `country` (
  `id` bigint(20) unsigned NOT NULL AUTO_INCREMENT,
  `name` varchar(191) COLLATE utf8mb4_unicode_ci NOT NULL,
  `created_at` timestamp NULL DEFAULT NULL,
  `updated_at` timestamp NULL DEFAULT NULL,
  PRIMARY KEY (`id`)
) ENGINE=InnoDB AUTO_INCREMENT=58 DEFAULT CHARSET=utf8mb4 COLLATE=utf8mb4_unicode_ci;
/*!40101 SET character_set_client = @saved_cs_client */;

--
-- Dumping data for table `country`
--

LOCK TABLES `country` WRITE;
/*!40000 ALTER TABLE `country` DISABLE KEYS */;
INSERT INTO `country` VALUES (57,'Colombia','2020-10-13 14:37:17','2020-10-13 14:37:17');
/*!40000 ALTER TABLE `country` ENABLE KEYS */;
UNLOCK TABLES;

--
-- Table structure for table `course`
--

DROP TABLE IF EXISTS `course`;
/*!40101 SET @saved_cs_client     = @@character_set_client */;
/*!40101 SET character_set_client = utf8 */;
CREATE TABLE `course` (
  `id` bigint(20) unsigned NOT NULL AUTO_INCREMENT,
  `category_id` bigint(20) unsigned NOT NULL,
  `status_id` tinyint(3) unsigned NOT NULL,
  `long_name` text COLLATE utf8mb4_unicode_ci NOT NULL,
  `short_name` text COLLATE utf8mb4_unicode_ci NOT NULL,
  `start_date` datetime DEFAULT NULL,
  `finish_date` datetime DEFAULT NULL,
  `created_at` timestamp NULL DEFAULT NULL,
  `updated_at` timestamp NULL DEFAULT NULL,
  PRIMARY KEY (`id`),
  KEY `course_category_id_index` (`category_id`),
  KEY `course_status_id_index` (`status_id`),
  CONSTRAINT `course_category_id_foreign` FOREIGN KEY (`category_id`) REFERENCES `category` (`id`),
  CONSTRAINT `course_status_id_foreign` FOREIGN KEY (`status_id`) REFERENCES `status` (`id`)
) ENGINE=InnoDB AUTO_INCREMENT=4 DEFAULT CHARSET=utf8mb4 COLLATE=utf8mb4_unicode_ci;
/*!40101 SET character_set_client = @saved_cs_client */;

--
-- Dumping data for table `course`
--

LOCK TABLES `course` WRITE;
/*!40000 ALTER TABLE `course` DISABLE KEYS */;
INSERT INTO `course` VALUES (1,1,1,'Pruebas','Curso Pruebas',NULL,NULL,'2020-10-13 14:37:19','2020-10-13 14:37:19'),(2,4,1,'BITBOT - Solución de problemas del contexto mediante la aplicación de Sistemas Robóticos con un enfoque de Educación 4.0','Robótica',NULL,NULL,'2020-10-13 14:37:19','2020-10-13 14:37:19'),(3,4,1,'Los elegidos - Solución de problemas del contexto mediante la aplicación de Biotecnología con un enfoque de Educación 4.0','Biotecnología',NULL,NULL,'2020-10-13 14:37:19','2020-10-13 14:37:19');
/*!40000 ALTER TABLE `course` ENABLE KEYS */;
UNLOCK TABLES;

--
-- Table structure for table `course_educational_institution`
--

DROP TABLE IF EXISTS `course_educational_institution`;
/*!40101 SET @saved_cs_client     = @@character_set_client */;
/*!40101 SET character_set_client = utf8 */;
CREATE TABLE `course_educational_institution` (
  `id` bigint(20) unsigned NOT NULL AUTO_INCREMENT,
  `course_id` bigint(20) unsigned NOT NULL,
  `educational_institution_id` int(10) unsigned NOT NULL,
  `created_at` timestamp NULL DEFAULT NULL,
  `updated_at` timestamp NULL DEFAULT NULL,
  PRIMARY KEY (`id`),
  KEY `course_educational_institution_course_id_index` (`course_id`),
  KEY `course_educational_institution_educational_institution_id_index` (`educational_institution_id`),
  CONSTRAINT `course_educational_institution_course_id_foreign` FOREIGN KEY (`course_id`) REFERENCES `course` (`id`),
  CONSTRAINT `fk_course_institution` FOREIGN KEY (`educational_institution_id`) REFERENCES `educational_institution` (`id`)
) ENGINE=InnoDB AUTO_INCREMENT=201 DEFAULT CHARSET=utf8mb4 COLLATE=utf8mb4_unicode_ci;
/*!40101 SET character_set_client = @saved_cs_client */;

--
-- Dumping data for table `course_educational_institution`
--

LOCK TABLES `course_educational_institution` WRITE;
/*!40000 ALTER TABLE `course_educational_institution` DISABLE KEYS */;
INSERT INTO `course_educational_institution` VALUES (1,2,1,'2020-10-13 14:37:19','2020-10-13 14:37:19'),(2,3,1,'2020-10-13 14:37:19','2020-10-13 14:37:19'),(3,2,2,'2020-10-13 14:37:19','2020-10-13 14:37:19'),(4,3,2,'2020-10-13 14:37:19','2020-10-13 14:37:19'),(5,2,3,'2020-10-13 14:37:19','2020-10-13 14:37:19'),(6,3,3,'2020-10-13 14:37:19','2020-10-13 14:37:19'),(7,2,4,'2020-10-13 14:37:19','2020-10-13 14:37:19'),(8,3,4,'2020-10-13 14:37:19','2020-10-13 14:37:19'),(9,2,5,'2020-10-13 14:37:19','2020-10-13 14:37:19'),(10,3,5,'2020-10-13 14:37:19','2020-10-13 14:37:19'),(11,2,6,'2020-10-13 14:37:19','2020-10-13 14:37:19'),(12,3,6,'2020-10-13 14:37:19','2020-10-13 14:37:19'),(13,2,7,'2020-10-13 14:37:19','2020-10-13 14:37:19'),(14,3,7,'2020-10-13 14:37:19','2020-10-13 14:37:19'),(15,2,8,'2020-10-13 14:37:19','2020-10-13 14:37:19'),(16,3,8,'2020-10-13 14:37:19','2020-10-13 14:37:19'),(17,2,9,'2020-10-13 14:37:19','2020-10-13 14:37:19'),(18,3,9,'2020-10-13 14:37:19','2020-10-13 14:37:19'),(19,2,10,'2020-10-13 14:37:19','2020-10-13 14:37:19'),(20,3,10,'2020-10-13 14:37:19','2020-10-13 14:37:19'),(21,2,11,'2020-10-13 14:37:19','2020-10-13 14:37:19'),(22,3,11,'2020-10-13 14:37:19','2020-10-13 14:37:19'),(23,2,12,'2020-10-13 14:37:19','2020-10-13 14:37:19'),(24,3,12,'2020-10-13 14:37:19','2020-10-13 14:37:19'),(25,2,13,'2020-10-13 14:37:19','2020-10-13 14:37:19'),(26,3,13,'2020-10-13 14:37:19','2020-10-13 14:37:19'),(27,2,14,'2020-10-13 14:37:19','2020-10-13 14:37:19'),(28,3,14,'2020-10-13 14:37:19','2020-10-13 14:37:19'),(29,2,15,'2020-10-13 14:37:19','2020-10-13 14:37:19'),(30,3,15,'2020-10-13 14:37:19','2020-10-13 14:37:19'),(31,2,16,'2020-10-13 14:37:19','2020-10-13 14:37:19'),(32,3,16,'2020-10-13 14:37:19','2020-10-13 14:37:19'),(33,2,17,'2020-10-13 14:37:19','2020-10-13 14:37:19'),(34,3,17,'2020-10-13 14:37:19','2020-10-13 14:37:19'),(35,2,18,'2020-10-13 14:37:19','2020-10-13 14:37:19'),(36,3,18,'2020-10-13 14:37:19','2020-10-13 14:37:19'),(37,2,19,'2020-10-13 14:37:19','2020-10-13 14:37:19'),(38,3,19,'2020-10-13 14:37:19','2020-10-13 14:37:19'),(39,2,20,'2020-10-13 14:37:19','2020-10-13 14:37:19'),(40,3,20,'2020-10-13 14:37:19','2020-10-13 14:37:19'),(41,2,21,'2020-10-13 14:37:19','2020-10-13 14:37:19'),(42,3,21,'2020-10-13 14:37:19','2020-10-13 14:37:19'),(43,2,22,'2020-10-13 14:37:19','2020-10-13 14:37:19'),(44,3,22,'2020-10-13 14:37:19','2020-10-13 14:37:19'),(45,2,23,'2020-10-13 14:37:19','2020-10-13 14:37:19'),(46,3,23,'2020-10-13 14:37:19','2020-10-13 14:37:19'),(47,2,24,'2020-10-13 14:37:19','2020-10-13 14:37:19'),(48,3,24,'2020-10-13 14:37:19','2020-10-13 14:37:19'),(49,2,25,'2020-10-13 14:37:19','2020-10-13 14:37:19'),(50,3,25,'2020-10-13 14:37:19','2020-10-13 14:37:19'),(51,2,26,'2020-10-13 14:37:19','2020-10-13 14:37:19'),(52,3,26,'2020-10-13 14:37:19','2020-10-13 14:37:19'),(53,2,27,'2020-10-13 14:37:19','2020-10-13 14:37:19'),(54,3,27,'2020-10-13 14:37:19','2020-10-13 14:37:19'),(55,2,28,'2020-10-13 14:37:19','2020-10-13 14:37:19'),(56,3,28,'2020-10-13 14:37:19','2020-10-13 14:37:19'),(57,2,29,'2020-10-13 14:37:19','2020-10-13 14:37:19'),(58,3,29,'2020-10-13 14:37:19','2020-10-13 14:37:19'),(59,2,30,'2020-10-13 14:37:19','2020-10-13 14:37:19'),(60,3,30,'2020-10-13 14:37:19','2020-10-13 14:37:19'),(61,2,31,'2020-10-13 14:37:19','2020-10-13 14:37:19'),(62,3,31,'2020-10-13 14:37:19','2020-10-13 14:37:19'),(63,2,32,'2020-10-13 14:37:19','2020-10-13 14:37:19'),(64,3,32,'2020-10-13 14:37:19','2020-10-13 14:37:19'),(65,2,33,'2020-10-13 14:37:19','2020-10-13 14:37:19'),(66,3,33,'2020-10-13 14:37:20','2020-10-13 14:37:20'),(67,2,34,'2020-10-13 14:37:20','2020-10-13 14:37:20'),(68,3,34,'2020-10-13 14:37:20','2020-10-13 14:37:20'),(69,2,35,'2020-10-13 14:37:20','2020-10-13 14:37:20'),(70,3,35,'2020-10-13 14:37:20','2020-10-13 14:37:20'),(71,2,36,'2020-10-13 14:37:20','2020-10-13 14:37:20'),(72,3,36,'2020-10-13 14:37:20','2020-10-13 14:37:20'),(73,2,37,'2020-10-13 14:37:20','2020-10-13 14:37:20'),(74,3,37,'2020-10-13 14:37:20','2020-10-13 14:37:20'),(75,2,38,'2020-10-13 14:37:20','2020-10-13 14:37:20'),(76,3,38,'2020-10-13 14:37:20','2020-10-13 14:37:20'),(77,2,39,'2020-10-13 14:37:20','2020-10-13 14:37:20'),(78,3,39,'2020-10-13 14:37:20','2020-10-13 14:37:20'),(79,2,40,'2020-10-13 14:37:20','2020-10-13 14:37:20'),(80,3,40,'2020-10-13 14:37:20','2020-10-13 14:37:20'),(81,2,41,'2020-10-13 14:37:20','2020-10-13 14:37:20'),(82,3,41,'2020-10-13 14:37:20','2020-10-13 14:37:20'),(83,2,42,'2020-10-13 14:37:20','2020-10-13 14:37:20'),(84,3,42,'2020-10-13 14:37:20','2020-10-13 14:37:20'),(85,2,43,'2020-10-13 14:37:20','2020-10-13 14:37:20'),(86,3,43,'2020-10-13 14:37:20','2020-10-13 14:37:20'),(87,2,44,'2020-10-13 14:37:20','2020-10-13 14:37:20'),(88,3,44,'2020-10-13 14:37:20','2020-10-13 14:37:20'),(89,2,45,'2020-10-13 14:37:20','2020-10-13 14:37:20'),(90,3,45,'2020-10-13 14:37:20','2020-10-13 14:37:20'),(91,2,46,'2020-10-13 14:37:20','2020-10-13 14:37:20'),(92,3,46,'2020-10-13 14:37:20','2020-10-13 14:37:20'),(93,2,47,'2020-10-13 14:37:20','2020-10-13 14:37:20'),(94,3,47,'2020-10-13 14:37:20','2020-10-13 14:37:20'),(95,2,48,'2020-10-13 14:37:20','2020-10-13 14:37:20'),(96,3,48,'2020-10-13 14:37:20','2020-10-13 14:37:20'),(97,2,49,'2020-10-13 14:37:20','2020-10-13 14:37:20'),(98,3,49,'2020-10-13 14:37:20','2020-10-13 14:37:20'),(99,2,50,'2020-10-13 14:37:20','2020-10-13 14:37:20'),(100,3,50,'2020-10-13 14:37:20','2020-10-13 14:37:20'),(101,2,51,'2020-10-13 14:37:20','2020-10-13 14:37:20'),(102,3,51,'2020-10-13 14:37:20','2020-10-13 14:37:20'),(103,2,52,'2020-10-13 14:37:20','2020-10-13 14:37:20'),(104,3,52,'2020-10-13 14:37:20','2020-10-13 14:37:20'),(105,2,53,'2020-10-13 14:37:20','2020-10-13 14:37:20'),(106,3,53,'2020-10-13 14:37:20','2020-10-13 14:37:20'),(107,2,54,'2020-10-13 14:37:20','2020-10-13 14:37:20'),(108,3,54,'2020-10-13 14:37:20','2020-10-13 14:37:20'),(109,2,55,'2020-10-13 14:37:20','2020-10-13 14:37:20'),(110,3,55,'2020-10-13 14:37:20','2020-10-13 14:37:20'),(111,2,56,'2020-10-13 14:37:20','2020-10-13 14:37:20'),(112,3,56,'2020-10-13 14:37:20','2020-10-13 14:37:20'),(113,2,57,'2020-10-13 14:37:20','2020-10-13 14:37:20'),(114,3,57,'2020-10-13 14:37:20','2020-10-13 14:37:20'),(115,2,58,'2020-10-13 14:37:20','2020-10-13 14:37:20'),(116,3,58,'2020-10-13 14:37:20','2020-10-13 14:37:20'),(117,2,59,'2020-10-13 14:37:20','2020-10-13 14:37:20'),(118,3,59,'2020-10-13 14:37:20','2020-10-13 14:37:20'),(119,2,60,'2020-10-13 14:37:20','2020-10-13 14:37:20'),(120,3,60,'2020-10-13 14:37:20','2020-10-13 14:37:20'),(121,2,61,'2020-10-13 14:37:20','2020-10-13 14:37:20'),(122,3,61,'2020-10-13 14:37:20','2020-10-13 14:37:20'),(123,2,62,'2020-10-13 14:37:20','2020-10-13 14:37:20'),(124,3,62,'2020-10-13 14:37:20','2020-10-13 14:37:20'),(125,2,63,'2020-10-13 14:37:20','2020-10-13 14:37:20'),(126,3,63,'2020-10-13 14:37:20','2020-10-13 14:37:20'),(127,2,64,'2020-10-13 14:37:20','2020-10-13 14:37:20'),(128,3,64,'2020-10-13 14:37:20','2020-10-13 14:37:20'),(129,2,65,'2020-10-13 14:37:20','2020-10-13 14:37:20'),(130,3,65,'2020-10-13 14:37:20','2020-10-13 14:37:20'),(131,2,66,'2020-10-13 14:37:20','2020-10-13 14:37:20'),(132,3,66,'2020-10-13 14:37:20','2020-10-13 14:37:20'),(133,2,67,'2020-10-13 14:37:20','2020-10-13 14:37:20'),(134,3,67,'2020-10-13 14:37:20','2020-10-13 14:37:20'),(135,2,68,'2020-10-13 14:37:20','2020-10-13 14:37:20'),(136,3,68,'2020-10-13 14:37:20','2020-10-13 14:37:20'),(137,2,69,'2020-10-13 14:37:20','2020-10-13 14:37:20'),(138,3,69,'2020-10-13 14:37:20','2020-10-13 14:37:20'),(139,2,70,'2020-10-13 14:37:20','2020-10-13 14:37:20'),(140,3,70,'2020-10-13 14:37:20','2020-10-13 14:37:20'),(141,2,71,'2020-10-13 14:37:20','2020-10-13 14:37:20'),(142,3,71,'2020-10-13 14:37:20','2020-10-13 14:37:20'),(143,2,72,'2020-10-13 14:37:20','2020-10-13 14:37:20'),(144,3,72,'2020-10-13 14:37:20','2020-10-13 14:37:20'),(145,2,73,'2020-10-13 14:37:20','2020-10-13 14:37:20'),(146,3,73,'2020-10-13 14:37:20','2020-10-13 14:37:20'),(147,2,74,'2020-10-13 14:37:20','2020-10-13 14:37:20'),(148,3,74,'2020-10-13 14:37:20','2020-10-13 14:37:20'),(149,2,75,'2020-10-13 14:37:20','2020-10-13 14:37:20'),(150,3,75,'2020-10-13 14:37:20','2020-10-13 14:37:20'),(151,2,76,'2020-10-13 14:37:20','2020-10-13 14:37:20'),(152,3,76,'2020-10-13 14:37:20','2020-10-13 14:37:20'),(153,2,77,'2020-10-13 14:37:20','2020-10-13 14:37:20'),(154,3,77,'2020-10-13 14:37:20','2020-10-13 14:37:20'),(155,2,78,'2020-10-13 14:37:20','2020-10-13 14:37:20'),(156,3,78,'2020-10-13 14:37:20','2020-10-13 14:37:20'),(157,2,79,'2020-10-13 14:37:20','2020-10-13 14:37:20'),(158,3,79,'2020-10-13 14:37:20','2020-10-13 14:37:20'),(159,2,80,'2020-10-13 14:37:20','2020-10-13 14:37:20'),(160,3,80,'2020-10-13 14:37:20','2020-10-13 14:37:20'),(161,2,81,'2020-10-13 14:37:20','2020-10-13 14:37:20'),(162,3,81,'2020-10-13 14:37:20','2020-10-13 14:37:20'),(163,2,82,'2020-10-13 14:37:20','2020-10-13 14:37:20'),(164,3,82,'2020-10-13 14:37:20','2020-10-13 14:37:20'),(165,2,83,'2020-10-13 14:37:20','2020-10-13 14:37:20'),(166,3,83,'2020-10-13 14:37:20','2020-10-13 14:37:20'),(167,2,84,'2020-10-13 14:37:20','2020-10-13 14:37:20'),(168,3,84,'2020-10-13 14:37:20','2020-10-13 14:37:20'),(169,2,85,'2020-10-13 14:37:20','2020-10-13 14:37:20'),(170,3,85,'2020-10-13 14:37:20','2020-10-13 14:37:20'),(171,2,86,'2020-10-13 14:37:20','2020-10-13 14:37:20'),(172,3,86,'2020-10-13 14:37:20','2020-10-13 14:37:20'),(173,2,87,'2020-10-13 14:37:20','2020-10-13 14:37:20'),(174,3,87,'2020-10-13 14:37:20','2020-10-13 14:37:20'),(175,2,88,'2020-10-13 14:37:20','2020-10-13 14:37:20'),(176,3,88,'2020-10-13 14:37:20','2020-10-13 14:37:20'),(177,2,89,'2020-10-13 14:37:20','2020-10-13 14:37:20'),(178,3,89,'2020-10-13 14:37:20','2020-10-13 14:37:20'),(179,2,90,'2020-10-13 14:37:20','2020-10-13 14:37:20'),(180,3,90,'2020-10-13 14:37:20','2020-10-13 14:37:20'),(181,2,91,'2020-10-13 14:37:20','2020-10-13 14:37:20'),(182,3,91,'2020-10-13 14:37:20','2020-10-13 14:37:20'),(183,2,92,'2020-10-13 14:37:20','2020-10-13 14:37:20'),(184,3,92,'2020-10-13 14:37:20','2020-10-13 14:37:20'),(185,2,93,'2020-10-13 14:37:20','2020-10-13 14:37:20'),(186,3,93,'2020-10-13 14:37:20','2020-10-13 14:37:20'),(187,2,94,'2020-10-13 14:37:20','2020-10-13 14:37:20'),(188,3,94,'2020-10-13 14:37:20','2020-10-13 14:37:20'),(189,2,95,'2020-10-13 14:37:20','2020-10-13 14:37:20'),(190,3,95,'2020-10-13 14:37:20','2020-10-13 14:37:20'),(191,2,96,'2020-10-13 14:37:20','2020-10-13 14:37:20'),(192,3,96,'2020-10-13 14:37:20','2020-10-13 14:37:20'),(193,2,97,'2020-10-13 14:37:20','2020-10-13 14:37:20'),(194,3,97,'2020-10-13 14:37:20','2020-10-13 14:37:20'),(195,2,98,'2020-10-13 14:37:20','2020-10-13 14:37:20'),(196,3,98,'2020-10-13 14:37:20','2020-10-13 14:37:20'),(197,2,99,'2020-10-13 14:37:20','2020-10-13 14:37:20'),(198,3,99,'2020-10-13 14:37:20','2020-10-13 14:37:20'),(199,2,100,'2020-10-13 14:37:20','2020-10-13 14:37:20'),(200,3,100,'2020-10-13 14:37:20','2020-10-13 14:37:20');
/*!40000 ALTER TABLE `course_educational_institution` ENABLE KEYS */;
UNLOCK TABLES;

--
-- Table structure for table `course_institution_cohort`
--

DROP TABLE IF EXISTS `course_institution_cohort`;
/*!40101 SET @saved_cs_client     = @@character_set_client */;
/*!40101 SET character_set_client = utf8 */;
CREATE TABLE `course_institution_cohort` (
  `id` bigint(20) unsigned NOT NULL AUTO_INCREMENT,
  `cohort` varchar(191) COLLATE utf8mb4_unicode_ci NOT NULL,
  `course_institution_id` bigint(20) unsigned NOT NULL,
  `created_at` timestamp NULL DEFAULT NULL,
  `updated_at` timestamp NULL DEFAULT NULL,
  PRIMARY KEY (`id`),
  UNIQUE KEY `course_institution_cohort_cohort_course_institution_id_unique` (`cohort`,`course_institution_id`),
  KEY `course_institution_cohort_course_institution_id_index` (`course_institution_id`),
  KEY `course_institution_cohort_cohort_index` (`cohort`),
  CONSTRAINT `course_institution_cohort_course_institution_id_foreign` FOREIGN KEY (`course_institution_id`) REFERENCES `course_educational_institution` (`id`)
) ENGINE=InnoDB AUTO_INCREMENT=272 DEFAULT CHARSET=utf8mb4 COLLATE=utf8mb4_unicode_ci;
/*!40101 SET character_set_client = @saved_cs_client */;

--
-- Dumping data for table `course_institution_cohort`
--

LOCK TABLES `course_institution_cohort` WRITE;
/*!40000 ALTER TABLE `course_institution_cohort` DISABLE KEYS */;
INSERT INTO `course_institution_cohort` VALUES (1,'1',1,'2020-10-13 14:37:20','2020-10-13 14:37:20'),(2,'2',2,'2020-10-13 14:37:20','2020-10-13 14:37:20'),(3,'3',3,'2020-10-13 14:37:20','2020-10-13 14:37:20'),(4,'4',4,'2020-10-13 14:37:20','2020-10-13 14:37:20'),(5,'5',5,'2020-10-13 14:37:20','2020-10-13 14:37:20'),(6,'6',6,'2020-10-13 14:37:20','2020-10-13 14:37:20'),(7,'7',7,'2020-10-13 14:37:20','2020-10-13 14:37:20'),(8,'8',8,'2020-10-13 14:37:20','2020-10-13 14:37:20'),(9,'9',9,'2020-10-13 14:37:20','2020-10-13 14:37:20'),(10,'10',10,'2020-10-13 14:37:20','2020-10-13 14:37:20'),(11,'11',11,'2020-10-13 14:37:20','2020-10-13 14:37:20'),(12,'12',12,'2020-10-13 14:37:20','2020-10-13 14:37:20'),(13,'13',13,'2020-10-13 14:37:20','2020-10-13 14:37:20'),(14,'14',14,'2020-10-13 14:37:20','2020-10-13 14:37:20'),(15,'15',15,'2020-10-13 14:37:20','2020-10-13 14:37:20'),(16,'16',15,'2020-10-13 14:37:20','2020-10-13 14:37:20'),(17,'17',15,'2020-10-13 14:37:20','2020-10-13 14:37:20'),(18,'18',16,'2020-10-13 14:37:20','2020-10-13 14:37:20'),(19,'19',16,'2020-10-13 14:37:20','2020-10-13 14:37:20'),(20,'20',16,'2020-10-13 14:37:20','2020-10-13 14:37:20'),(21,'21',17,'2020-10-13 14:37:20','2020-10-13 14:37:20'),(22,'22',17,'2020-10-13 14:37:20','2020-10-13 14:37:20'),(23,'23',18,'2020-10-13 14:37:20','2020-10-13 14:37:20'),(24,'24',19,'2020-10-13 14:37:20','2020-10-13 14:37:20'),(25,'25',19,'2020-10-13 14:37:20','2020-10-13 14:37:20'),(26,'26',20,'2020-10-13 14:37:20','2020-10-13 14:37:20'),(27,'27',21,'2020-10-13 14:37:20','2020-10-13 14:37:20'),(28,'28',21,'2020-10-13 14:37:20','2020-10-13 14:37:20'),(29,'29',22,'2020-10-13 14:37:20','2020-10-13 14:37:20'),(30,'30',23,'2020-10-13 14:37:20','2020-10-13 14:37:20'),(31,'31',23,'2020-10-13 14:37:20','2020-10-13 14:37:20'),(32,'32',24,'2020-10-13 14:37:20','2020-10-13 14:37:20'),(33,'33',25,'2020-10-13 14:37:20','2020-10-13 14:37:20'),(34,'34',25,'2020-10-13 14:37:20','2020-10-13 14:37:20'),(35,'35',26,'2020-10-13 14:37:20','2020-10-13 14:37:20'),(36,'36',27,'2020-10-13 14:37:20','2020-10-13 14:37:20'),(37,'37',27,'2020-10-13 14:37:20','2020-10-13 14:37:20'),(38,'38',28,'2020-10-13 14:37:20','2020-10-13 14:37:20'),(39,'39',29,'2020-10-13 14:37:20','2020-10-13 14:37:20'),(40,'40',29,'2020-10-13 14:37:20','2020-10-13 14:37:20'),(41,'41',30,'2020-10-13 14:37:20','2020-10-13 14:37:20'),(42,'42',31,'2020-10-13 14:37:21','2020-10-13 14:37:21'),(43,'43',31,'2020-10-13 14:37:21','2020-10-13 14:37:21'),(44,'44',32,'2020-10-13 14:37:21','2020-10-13 14:37:21'),(45,'45',33,'2020-10-13 14:37:21','2020-10-13 14:37:21'),(46,'46',33,'2020-10-13 14:37:21','2020-10-13 14:37:21'),(47,'47',34,'2020-10-13 14:37:21','2020-10-13 14:37:21'),(48,'48',35,'2020-10-13 14:37:21','2020-10-13 14:37:21'),(49,'49',35,'2020-10-13 14:37:21','2020-10-13 14:37:21'),(50,'50',36,'2020-10-13 14:37:21','2020-10-13 14:37:21'),(51,'51',37,'2020-10-13 14:37:21','2020-10-13 14:37:21'),(52,'52',37,'2020-10-13 14:37:21','2020-10-13 14:37:21'),(53,'53',38,'2020-10-13 14:37:21','2020-10-13 14:37:21'),(54,'54',39,'2020-10-13 14:37:21','2020-10-13 14:37:21'),(55,'55',39,'2020-10-13 14:37:21','2020-10-13 14:37:21'),(56,'56',40,'2020-10-13 14:37:21','2020-10-13 14:37:21'),(57,'57',41,'2020-10-13 14:37:21','2020-10-13 14:37:21'),(58,'58',41,'2020-10-13 14:37:21','2020-10-13 14:37:21'),(59,'59',42,'2020-10-13 14:37:21','2020-10-13 14:37:21'),(60,'60',43,'2020-10-13 14:37:21','2020-10-13 14:37:21'),(61,'61',43,'2020-10-13 14:37:21','2020-10-13 14:37:21'),(62,'62',44,'2020-10-13 14:37:21','2020-10-13 14:37:21'),(63,'63',45,'2020-10-13 14:37:21','2020-10-13 14:37:21'),(64,'64',45,'2020-10-13 14:37:21','2020-10-13 14:37:21'),(65,'65',46,'2020-10-13 14:37:21','2020-10-13 14:37:21'),(66,'66',47,'2020-10-13 14:37:21','2020-10-13 14:37:21'),(67,'67',47,'2020-10-13 14:37:21','2020-10-13 14:37:21'),(68,'68',48,'2020-10-13 14:37:21','2020-10-13 14:37:21'),(69,'69',49,'2020-10-13 14:37:21','2020-10-13 14:37:21'),(70,'70',50,'2020-10-13 14:37:21','2020-10-13 14:37:21'),(71,'71',51,'2020-10-13 14:37:21','2020-10-13 14:37:21'),(72,'72',52,'2020-10-13 14:37:21','2020-10-13 14:37:21'),(73,'73',53,'2020-10-13 14:37:21','2020-10-13 14:37:21'),(74,'74',54,'2020-10-13 14:37:21','2020-10-13 14:37:21'),(75,'75',55,'2020-10-13 14:37:21','2020-10-13 14:37:21'),(76,'76',56,'2020-10-13 14:37:21','2020-10-13 14:37:21'),(77,'77',57,'2020-10-13 14:37:21','2020-10-13 14:37:21'),(78,'78',58,'2020-10-13 14:37:21','2020-10-13 14:37:21'),(79,'79',59,'2020-10-13 14:37:21','2020-10-13 14:37:21'),(80,'80',60,'2020-10-13 14:37:21','2020-10-13 14:37:21'),(81,'81',61,'2020-10-13 14:37:21','2020-10-13 14:37:21'),(82,'82',62,'2020-10-13 14:37:21','2020-10-13 14:37:21'),(83,'83',63,'2020-10-13 14:37:21','2020-10-13 14:37:21'),(84,'84',64,'2020-10-13 14:37:21','2020-10-13 14:37:21'),(85,'85',65,'2020-10-13 14:37:21','2020-10-13 14:37:21'),(86,'86',65,'2020-10-13 14:37:21','2020-10-13 14:37:21'),(87,'87',65,'2020-10-13 14:37:21','2020-10-13 14:37:21'),(88,'88',65,'2020-10-13 14:37:21','2020-10-13 14:37:21'),(89,'89',66,'2020-10-13 14:37:21','2020-10-13 14:37:21'),(90,'90',66,'2020-10-13 14:37:21','2020-10-13 14:37:21'),(91,'91',66,'2020-10-13 14:37:21','2020-10-13 14:37:21'),(92,'92',66,'2020-10-13 14:37:21','2020-10-13 14:37:21'),(93,'93',67,'2020-10-13 14:37:21','2020-10-13 14:37:21'),(94,'94',68,'2020-10-13 14:37:21','2020-10-13 14:37:21'),(95,'95',69,'2020-10-13 14:37:21','2020-10-13 14:37:21'),(96,'96',70,'2020-10-13 14:37:21','2020-10-13 14:37:21'),(97,'97',71,'2020-10-13 14:37:21','2020-10-13 14:37:21'),(98,'98',72,'2020-10-13 14:37:21','2020-10-13 14:37:21'),(99,'99',73,'2020-10-13 14:37:21','2020-10-13 14:37:21'),(100,'100',74,'2020-10-13 14:37:21','2020-10-13 14:37:21'),(101,'101',75,'2020-10-13 14:37:21','2020-10-13 14:37:21'),(102,'102',76,'2020-10-13 14:37:21','2020-10-13 14:37:21'),(103,'103',77,'2020-10-13 14:37:21','2020-10-13 14:37:21'),(104,'104',78,'2020-10-13 14:37:21','2020-10-13 14:37:21'),(105,'105',79,'2020-10-13 14:37:21','2020-10-13 14:37:21'),(106,'106',80,'2020-10-13 14:37:21','2020-10-13 14:37:21'),(107,'107',81,'2020-10-13 14:37:21','2020-10-13 14:37:21'),(108,'108',81,'2020-10-13 14:37:21','2020-10-13 14:37:21'),(109,'109',81,'2020-10-13 14:37:21','2020-10-13 14:37:21'),(110,'110',82,'2020-10-13 14:37:21','2020-10-13 14:37:21'),(111,'111',82,'2020-10-13 14:37:21','2020-10-13 14:37:21'),(112,'112',82,'2020-10-13 14:37:21','2020-10-13 14:37:21'),(113,'113',83,'2020-10-13 14:37:21','2020-10-13 14:37:21'),(114,'114',84,'2020-10-13 14:37:21','2020-10-13 14:37:21'),(115,'115',85,'2020-10-13 14:37:21','2020-10-13 14:37:21'),(116,'116',86,'2020-10-13 14:37:21','2020-10-13 14:37:21'),(117,'117',87,'2020-10-13 14:37:21','2020-10-13 14:37:21'),(118,'118',88,'2020-10-13 14:37:21','2020-10-13 14:37:21'),(119,'119',89,'2020-10-13 14:37:21','2020-10-13 14:37:21'),(120,'120',90,'2020-10-13 14:37:21','2020-10-13 14:37:21'),(121,'121',91,'2020-10-13 14:37:21','2020-10-13 14:37:21'),(122,'122',92,'2020-10-13 14:37:21','2020-10-13 14:37:21'),(123,'123',93,'2020-10-13 14:37:21','2020-10-13 14:37:21'),(124,'124',94,'2020-10-13 14:37:21','2020-10-13 14:37:21'),(125,'125',95,'2020-10-13 14:37:21','2020-10-13 14:37:21'),(126,'126',96,'2020-10-13 14:37:21','2020-10-13 14:37:21'),(127,'127',97,'2020-10-13 14:37:21','2020-10-13 14:37:21'),(128,'128',98,'2020-10-13 14:37:21','2020-10-13 14:37:21'),(129,'129',99,'2020-10-13 14:37:21','2020-10-13 14:37:21'),(130,'130',99,'2020-10-13 14:37:21','2020-10-13 14:37:21'),(131,'131',99,'2020-10-13 14:37:21','2020-10-13 14:37:21'),(132,'132',99,'2020-10-13 14:37:21','2020-10-13 14:37:21'),(133,'133',100,'2020-10-13 14:37:21','2020-10-13 14:37:21'),(134,'134',100,'2020-10-13 14:37:21','2020-10-13 14:37:21'),(135,'135',100,'2020-10-13 14:37:21','2020-10-13 14:37:21'),(136,'136',100,'2020-10-13 14:37:21','2020-10-13 14:37:21'),(137,'137',101,'2020-10-13 14:37:21','2020-10-13 14:37:21'),(138,'138',102,'2020-10-13 14:37:21','2020-10-13 14:37:21'),(139,'139',103,'2020-10-13 14:37:21','2020-10-13 14:37:21'),(140,'140',104,'2020-10-13 14:37:21','2020-10-13 14:37:21'),(141,'141',105,'2020-10-13 14:37:21','2020-10-13 14:37:21'),(142,'142',106,'2020-10-13 14:37:21','2020-10-13 14:37:21'),(143,'143',107,'2020-10-13 14:37:21','2020-10-13 14:37:21'),(144,'144',108,'2020-10-13 14:37:21','2020-10-13 14:37:21'),(145,'145',109,'2020-10-13 14:37:21','2020-10-13 14:37:21'),(146,'146',110,'2020-10-13 14:37:21','2020-10-13 14:37:21'),(147,'147',111,'2020-10-13 14:37:21','2020-10-13 14:37:21'),(148,'148',112,'2020-10-13 14:37:21','2020-10-13 14:37:21'),(149,'149',113,'2020-10-13 14:37:21','2020-10-13 14:37:21'),(150,'150',114,'2020-10-13 14:37:21','2020-10-13 14:37:21'),(151,'151',115,'2020-10-13 14:37:21','2020-10-13 14:37:21'),(152,'152',115,'2020-10-13 14:37:21','2020-10-13 14:37:21'),(153,'153',115,'2020-10-13 14:37:21','2020-10-13 14:37:21'),(154,'154',116,'2020-10-13 14:37:21','2020-10-13 14:37:21'),(155,'155',116,'2020-10-13 14:37:21','2020-10-13 14:37:21'),(156,'156',116,'2020-10-13 14:37:21','2020-10-13 14:37:21'),(157,'157',117,'2020-10-13 14:37:21','2020-10-13 14:37:21'),(158,'158',118,'2020-10-13 14:37:21','2020-10-13 14:37:21'),(159,'159',119,'2020-10-13 14:37:21','2020-10-13 14:37:21'),(160,'160',120,'2020-10-13 14:37:21','2020-10-13 14:37:21'),(161,'161',121,'2020-10-13 14:37:21','2020-10-13 14:37:21'),(162,'162',122,'2020-10-13 14:37:21','2020-10-13 14:37:21'),(163,'163',123,'2020-10-13 14:37:21','2020-10-13 14:37:21'),(164,'164',124,'2020-10-13 14:37:21','2020-10-13 14:37:21'),(165,'165',125,'2020-10-13 14:37:21','2020-10-13 14:37:21'),(166,'166',126,'2020-10-13 14:37:21','2020-10-13 14:37:21'),(167,'167',127,'2020-10-13 14:37:21','2020-10-13 14:37:21'),(168,'168',128,'2020-10-13 14:37:21','2020-10-13 14:37:21'),(169,'169',129,'2020-10-13 14:37:21','2020-10-13 14:37:21'),(170,'170',130,'2020-10-13 14:37:21','2020-10-13 14:37:21'),(171,'171',131,'2020-10-13 14:37:21','2020-10-13 14:37:21'),(172,'172',132,'2020-10-13 14:37:21','2020-10-13 14:37:21'),(173,'173',133,'2020-10-13 14:37:21','2020-10-13 14:37:21'),(174,'174',133,'2020-10-13 14:37:21','2020-10-13 14:37:21'),(175,'175',133,'2020-10-13 14:37:21','2020-10-13 14:37:21'),(176,'176',133,'2020-10-13 14:37:21','2020-10-13 14:37:21'),(177,'177',134,'2020-10-13 14:37:21','2020-10-13 14:37:21'),(178,'178',134,'2020-10-13 14:37:21','2020-10-13 14:37:21'),(179,'179',134,'2020-10-13 14:37:21','2020-10-13 14:37:21'),(180,'180',134,'2020-10-13 14:37:21','2020-10-13 14:37:21'),(181,'181',135,'2020-10-13 14:37:21','2020-10-13 14:37:21'),(182,'182',136,'2020-10-13 14:37:21','2020-10-13 14:37:21'),(183,'183',137,'2020-10-13 14:37:21','2020-10-13 14:37:21'),(184,'184',138,'2020-10-13 14:37:21','2020-10-13 14:37:21'),(185,'185',139,'2020-10-13 14:37:21','2020-10-13 14:37:21'),(186,'186',140,'2020-10-13 14:37:21','2020-10-13 14:37:21'),(187,'187',141,'2020-10-13 14:37:21','2020-10-13 14:37:21'),(188,'188',142,'2020-10-13 14:37:21','2020-10-13 14:37:21'),(189,'189',143,'2020-10-13 14:37:21','2020-10-13 14:37:21'),(190,'190',144,'2020-10-13 14:37:21','2020-10-13 14:37:21'),(191,'191',145,'2020-10-13 14:37:21','2020-10-13 14:37:21'),(192,'192',146,'2020-10-13 14:37:21','2020-10-13 14:37:21'),(193,'193',147,'2020-10-13 14:37:21','2020-10-13 14:37:21'),(194,'194',148,'2020-10-13 14:37:21','2020-10-13 14:37:21'),(195,'195',149,'2020-10-13 14:37:21','2020-10-13 14:37:21'),(196,'196',150,'2020-10-13 14:37:21','2020-10-13 14:37:21'),(197,'197',151,'2020-10-13 14:37:21','2020-10-13 14:37:21'),(198,'198',151,'2020-10-13 14:37:21','2020-10-13 14:37:21'),(199,'199',151,'2020-10-13 14:37:21','2020-10-13 14:37:21'),(200,'200',151,'2020-10-13 14:37:21','2020-10-13 14:37:21'),(201,'201',152,'2020-10-13 14:37:21','2020-10-13 14:37:21'),(202,'202',152,'2020-10-13 14:37:21','2020-10-13 14:37:21'),(203,'203',152,'2020-10-13 14:37:21','2020-10-13 14:37:21'),(204,'204',152,'2020-10-13 14:37:21','2020-10-13 14:37:21'),(205,'205',153,'2020-10-13 14:37:21','2020-10-13 14:37:21'),(206,'206',154,'2020-10-13 14:37:21','2020-10-13 14:37:21'),(207,'207',155,'2020-10-13 14:37:21','2020-10-13 14:37:21'),(208,'208',156,'2020-10-13 14:37:21','2020-10-13 14:37:21'),(209,'209',157,'2020-10-13 14:37:21','2020-10-13 14:37:21'),(210,'210',158,'2020-10-13 14:37:21','2020-10-13 14:37:21'),(211,'211',159,'2020-10-13 14:37:21','2020-10-13 14:37:21'),(212,'212',160,'2020-10-13 14:37:21','2020-10-13 14:37:21'),(213,'213',161,'2020-10-13 14:37:21','2020-10-13 14:37:21'),(214,'214',162,'2020-10-13 14:37:21','2020-10-13 14:37:21'),(215,'215',163,'2020-10-13 14:37:21','2020-10-13 14:37:21'),(216,'216',164,'2020-10-13 14:37:21','2020-10-13 14:37:21'),(217,'217',165,'2020-10-13 14:37:21','2020-10-13 14:37:21'),(218,'218',166,'2020-10-13 14:37:21','2020-10-13 14:37:21'),(219,'219',167,'2020-10-13 14:37:21','2020-10-13 14:37:21'),(220,'220',167,'2020-10-13 14:37:21','2020-10-13 14:37:21'),(221,'221',167,'2020-10-13 14:37:22','2020-10-13 14:37:22'),(222,'222',168,'2020-10-13 14:37:22','2020-10-13 14:37:22'),(223,'223',168,'2020-10-13 14:37:22','2020-10-13 14:37:22'),(224,'224',168,'2020-10-13 14:37:22','2020-10-13 14:37:22'),(225,'225',169,'2020-10-13 14:37:22','2020-10-13 14:37:22'),(226,'226',170,'2020-10-13 14:37:22','2020-10-13 14:37:22'),(227,'227',171,'2020-10-13 14:37:22','2020-10-13 14:37:22'),(228,'228',172,'2020-10-13 14:37:22','2020-10-13 14:37:22'),(229,'229',173,'2020-10-13 14:37:22','2020-10-13 14:37:22'),(230,'230',174,'2020-10-13 14:37:22','2020-10-13 14:37:22'),(231,'231',175,'2020-10-13 14:37:22','2020-10-13 14:37:22'),(232,'232',176,'2020-10-13 14:37:22','2020-10-13 14:37:22'),(233,'233',177,'2020-10-13 14:37:22','2020-10-13 14:37:22'),(234,'234',178,'2020-10-13 14:37:22','2020-10-13 14:37:22'),(235,'235',179,'2020-10-13 14:37:22','2020-10-13 14:37:22'),(236,'236',180,'2020-10-13 14:37:22','2020-10-13 14:37:22'),(237,'237',181,'2020-10-13 14:37:22','2020-10-13 14:37:22'),(238,'238',182,'2020-10-13 14:37:22','2020-10-13 14:37:22'),(239,'239',183,'2020-10-13 14:37:22','2020-10-13 14:37:22'),(240,'240',183,'2020-10-13 14:37:22','2020-10-13 14:37:22'),(241,'241',183,'2020-10-13 14:37:22','2020-10-13 14:37:22'),(242,'242',184,'2020-10-13 14:37:22','2020-10-13 14:37:22'),(243,'243',184,'2020-10-13 14:37:22','2020-10-13 14:37:22'),(244,'244',184,'2020-10-13 14:37:22','2020-10-13 14:37:22'),(245,'245',185,'2020-10-13 14:37:22','2020-10-13 14:37:22'),(246,'246',186,'2020-10-13 14:37:22','2020-10-13 14:37:22'),(247,'247',187,'2020-10-13 14:37:22','2020-10-13 14:37:22'),(248,'248',188,'2020-10-13 14:37:22','2020-10-13 14:37:22'),(249,'249',189,'2020-10-13 14:37:22','2020-10-13 14:37:22'),(250,'250',190,'2020-10-13 14:37:22','2020-10-13 14:37:22'),(251,'251',191,'2020-10-13 14:37:22','2020-10-13 14:37:22'),(252,'252',192,'2020-10-13 14:37:22','2020-10-13 14:37:22'),(253,'253',193,'2020-10-13 14:37:22','2020-10-13 14:37:22'),(254,'254',194,'2020-10-13 14:37:22','2020-10-13 14:37:22'),(255,'255',195,'2020-10-13 14:37:22','2020-10-13 14:37:22'),(256,'256',196,'2020-10-13 14:37:22','2020-10-13 14:37:22'),(257,'257',197,'2020-10-13 14:37:22','2020-10-13 14:37:22'),(258,'258',198,'2020-10-13 14:37:22','2020-10-13 14:37:22'),(259,'259',199,'2020-10-13 14:37:22','2020-10-13 14:37:22'),(260,'260',199,'2020-10-13 14:37:22','2020-10-13 14:37:22'),(261,'261',199,'2020-10-13 14:37:22','2020-10-13 14:37:22'),(262,'262',200,'2020-10-13 14:37:22','2020-10-13 14:37:22'),(263,'263',200,'2020-10-13 14:37:22','2020-10-13 14:37:22'),(264,'264',200,'2020-10-13 14:37:22','2020-10-13 14:37:22'),(265,'Grupo 1',1,'2020-10-13 14:39:10','2020-10-13 14:39:10'),(266,'Grupo 2',1,'2020-10-13 14:39:11','2020-10-13 14:39:11'),(267,'Sin grupo asignado',1,'2020-10-13 14:39:12','2020-10-13 14:39:12'),(269,'Sin grupo asignado',2,'2020-10-13 14:39:12','2020-10-13 14:39:12'),(270,'Grupo 1',2,'2020-10-13 14:39:12','2020-10-13 14:39:12'),(271,'Grupo 2',2,'2020-10-13 14:39:13','2020-10-13 14:39:13');
/*!40000 ALTER TABLE `course_institution_cohort` ENABLE KEYS */;
UNLOCK TABLES;

--
-- Table structure for table `criterion`
--

DROP TABLE IF EXISTS `criterion`;
/*!40101 SET @saved_cs_client     = @@character_set_client */;
/*!40101 SET character_set_client = utf8 */;
CREATE TABLE `criterion` (
  `id` bigint(20) unsigned NOT NULL AUTO_INCREMENT,
  `competition_id` bigint(20) unsigned NOT NULL,
  `name` text COLLATE utf8mb4_unicode_ci NOT NULL,
  `created_at` timestamp NULL DEFAULT NULL,
  `updated_at` timestamp NULL DEFAULT NULL,
  PRIMARY KEY (`id`),
  KEY `criterion_competition_id_index` (`competition_id`),
  CONSTRAINT `criterion_competition_id_foreign` FOREIGN KEY (`competition_id`) REFERENCES `competition` (`id`)
) ENGINE=InnoDB AUTO_INCREMENT=93 DEFAULT CHARSET=utf8mb4 COLLATE=utf8mb4_unicode_ci;
/*!40101 SET character_set_client = @saved_cs_client */;

--
-- Dumping data for table `criterion`
--

LOCK TABLES `criterion` WRITE;
/*!40000 ALTER TABLE `criterion` DISABLE KEYS */;
INSERT INTO `criterion` VALUES (1,1,'Comprende instrucciones, orales y escritas, necesarias para el desarrollo de actividades, identificando su rol y lo que debe suministrar.','2020-10-13 14:37:29','2020-10-13 14:37:29'),(2,1,'Establece diálogos con los compañeros o con el Facilitador, de forma respetuosa y asertiva, que propician el desarrollo adecuado de la actividad.','2020-10-13 14:37:29','2020-10-13 14:37:29'),(3,1,'Expresa ideas de forma clara y coherente al momento de hablar en público, con un grado de formalidad adecuado al contexto de la actividad.','2020-10-13 14:37:29','2020-10-13 14:37:29'),(4,2,'Participa de manera colaborativa y respetuosa durante el desarrollo de las actividades prácticas realizadas en equipo.','2020-10-13 14:37:29','2020-10-13 14:37:29'),(5,2,'Contribuye a las metas de grupo, teniendo en cuenta las ideas y propuestas de sus compañeros y guiando el desempeño de los que requieren más esfuerzo. Habilidad para compartir con los demás.','2020-10-13 14:37:29','2020-10-13 14:37:29'),(6,2,'Demuestra una actitud propositiva y resolutiva en la solución de conflictos que se puedan presentar durante el desarrollo de las actividades prácticas y el aprendizaje de los temas abordados en cada sesión.','2020-10-13 14:37:29','2020-10-13 14:37:29'),(7,3,'Reconoce la lógica de programación de las computadoras y es capaz de diseñar algoritmos básicos mediante bloque de programación para dar instrucciones a la tarjeta Micro:bit.','2020-10-13 14:37:29','2020-10-13 14:37:29'),(8,3,'Incorpora en los algoritmos de programación, el uso de variables para almacenar información y condicionales para tomar decisiones.','2020-10-13 14:37:29','2020-10-13 14:37:29'),(9,3,'Representa algoritmos usando diagramas de flujo y resuelve problemas usando variables y condicionales.','2020-10-13 14:37:29','2020-10-13 14:37:29'),(10,3,'Comprende cómo las computadoras reconocen el exterior usando sensores y los incorpora en algoritmos para hacer mediciones del entorno.','2020-10-13 14:37:29','2020-10-13 14:37:29'),(11,3,'Observa el medio ambiente e identifica variables físicas que puede medir de su entorno usando sensores integrados a Micro:bit.','2020-10-13 14:37:29','2020-10-13 14:37:29'),(12,4,'Realiza una búsqueda básica de información en documentos sugeridos.','2020-10-13 14:37:29','2020-10-13 14:37:29'),(13,4,'Formula preguntas sobre el uso de variables y condicionales e indaga para encontrar respuestas.','2020-10-13 14:37:29','2020-10-13 14:37:29'),(14,4,'Formula preguntas sobre el uso de la biotecnología y la programación y, de forma individual indaga en distintas fuentes, incluido su entorno, para dar respuesta a sus preguntas.','2020-10-13 14:37:29','2020-10-13 14:37:29'),(15,4,'Observa el medio ambiente y plantea preguntas para diseñar prototipos de medición y automatización usando la programación de Micro:bit.','2020-10-13 14:37:29','2020-10-13 14:37:29'),(16,1,'Comprende instrucciones, orales y escritas, necesarias para el desarrollo de actividades, identificando su rol y lo que debe suministrar.','2020-10-13 14:37:29','2020-10-13 14:37:29'),(17,1,'Establece diálogos con los compañeros o con el Facilitador, de forma respetuosa y asertiva, que propician el desarrollo adecuado de la actividad.','2020-10-13 14:37:29','2020-10-13 14:37:29'),(18,1,'Expresa ideas de forma clara y coherente al momento de hablar en público, con un grado de formalidad adecuado al contexto de la actividad.','2020-10-13 14:37:29','2020-10-13 14:37:29'),(19,1,'Elabora textos escritos, de forma ordenada y coherente, gramaticalmente correctos y con un lenguaje adecuado al tipo de texto y el destinatario.','2020-10-13 14:37:29','2020-10-13 14:37:29'),(20,2,'Participa de manera colaborativa y respetuosa durante el desarrollo de las actividades prácticas realizadas en equipo.','2020-10-13 14:37:29','2020-10-13 14:37:29'),(21,2,'Contribuye a las metas de grupo, teniendo en cuenta las ideas y propuestas de sus compañeros y guiando el desempeño de los que requieren más esfuerzo. Habilidad para compartir con los demás.','2020-10-13 14:37:29','2020-10-13 14:37:29'),(22,2,'Demuestra una actitud propositiva y resolutiva en la solución de conflictos que se puedan presentar durante el desarrollo de las actividades prácticas y el aprendizaje de los temas abordados en cada sesión.','2020-10-13 14:37:29','2020-10-13 14:37:29'),(23,3,'Reconoce la lógica de programación de las computadoras a partir de algoritmos y es capaz de diseñar algoritmos básicos mediante bloque de programación para dar instrucciones a la tarjeta Micro:bit.','2020-10-13 14:37:29','2020-10-13 14:37:29'),(24,3,'Incorpora en los algoritmos de programación, el uso de variables para almacenar información y condicionales para tomar decisiones.','2020-10-13 14:37:29','2020-10-13 14:37:29'),(25,3,'Representa algoritmos usando diagramas de flujo y resuelve problemas usando variables y condicionales.','2020-10-13 14:37:29','2020-10-13 14:37:29'),(26,3,'Comprende cómo las computadoras reconocen el exterior usando sensores y los incorpora en algoritmos para hacer mediciones del entorno.','2020-10-13 14:37:29','2020-10-13 14:37:29'),(27,3,'Observa el medio ambiente e identifica variables físicas que puede medir de su entorno usando sensores integrados a Micro:bit.','2020-10-13 14:37:29','2020-10-13 14:37:29'),(28,4,'Realiza una búsqueda básica de información en documentos sugeridos.','2020-10-13 14:37:29','2020-10-13 14:37:29'),(29,4,'Formula preguntas sobre el uso de variables y condicionales e indaga para encontrar respuestas.','2020-10-13 14:37:29','2020-10-13 14:37:29'),(30,4,'Formula preguntas y de forma individual indaga en distintas fuentes, incluido su entorno, para dar respuesta a sus preguntas.','2020-10-13 14:37:29','2020-10-13 14:37:29'),(31,4,'Observa el medio ambiente y plantea preguntas para diseñar prototipos de medición usando la programación de Micro:bit.','2020-10-13 14:37:29','2020-10-13 14:37:29'),(32,1,'Establece diálogos con los compañeros para socializar y analizar, de forma crítica, las problemáticas del entorno y los retos planteados en el curso.','2020-10-13 14:37:29','2020-10-13 14:37:29'),(33,1,'Utiliza diferentes métodos de expresión para comunicar sus ideas de forma clara y creativa. Se expresa de forma objetiva, analítica y crítica.','2020-10-13 14:37:29','2020-10-13 14:37:29'),(34,1,'Interpreta y relaciona información recibida con aspectos ya conocidos, y expresa de forma clara instrucciones, opiniones, conclusiones y/o recomendaciones.','2020-10-13 14:37:29','2020-10-13 14:37:29'),(35,2,'Contribuye de manera activa al trabajo en equipo, cumpliendo con su rol de trabajo designado, para el adecuado desarrollo de las actividades.','2020-10-13 14:37:29','2020-10-13 14:37:29'),(36,2,'Fomenta la integración de los conocimientos previos  y habilidades individuales para la realización de actividades complejas, y valora las diferencias, opiniones y capacidades de sus compañeros.','2020-10-13 14:37:29','2020-10-13 14:37:29'),(37,2,'Interviene de forma activa en las actividades grupales, aporta opiniones y retroalimentaciones constructivas a diferentes equipos de trabajo, y ayuda a sus compañeros respetando normas y siguiendo instrucciones con el fin de asegurar el correcto desarrollo de las actividades.','2020-10-13 14:37:29','2020-10-13 14:37:29'),(38,3,'Entiende el concepto de Biotecnología y lo integra a la lógica de programación de las computadoras, por medio de sensores externos e integrados al Micro:bit.','2020-10-13 14:37:29','2020-10-13 14:37:29'),(39,3,'Selecciona dispositivos electrónicos con funciones específicas para aplicación en solución de problemas.','2020-10-13 14:37:29','2020-10-13 14:37:29'),(40,3,'Analiza el funcionamiento de dispositivos electrónicos y reconoce sus potenciales aplicaciones.','2020-10-13 14:37:29','2020-10-13 14:37:29'),(41,3,'Apropia la tecnología a su entorno directo e indirecto, y reconoce la potencialidad de ésta para transformarlo.','2020-10-13 14:37:29','2020-10-13 14:37:29'),(42,4,'Analiza los resultados de un proyecto para plantear nuevas o mejoradas soluciones a partir de la indagación.','2020-10-13 14:37:29','2020-10-13 14:37:29'),(43,4,'Observa su entorno y a partir de la necesidad, oportunidad, análisis inverso identifica problemas a resolver.','2020-10-13 14:37:29','2020-10-13 14:37:29'),(44,4,'Realiza experimentos que permiten comprobar hipótesis y validar soluciones a problemas puntuales.','2020-10-13 14:37:29','2020-10-13 14:37:29'),(45,1,'Comprende y asimila la información dada en la plataforma, y establece diálogos con los compañeros y el facilitador, de forma respetuosa y asertiva, para la apropiación de los temas presentados.','2020-10-13 14:37:30','2020-10-13 14:37:30'),(46,1,'Establece diálogos con los compañeros para socializar y analizar, de forma crítica, las problemáticas del entorno y los retos planteados en el curso.','2020-10-13 14:37:30','2020-10-13 14:37:30'),(47,1,'Interpreta y relaciona información recibida con aspectos ya conocidos, y expresa de forma clara instrucciones y opiniones.','2020-10-13 14:37:30','2020-10-13 14:37:30'),(48,1,'Utiliza diferentes métodos de expresión (oral, escrita, dibujos, diagramas) para comunicar sus ideas, y se expresa de forma objetiva, analítica y crítica.','2020-10-13 14:37:30','2020-10-13 14:37:30'),(49,2,'Contribuye de manera activa al trabajo en equipo, cumpliendo con su rol de trabajo designado, para el adecuado desarrollo de las actividades.','2020-10-13 14:37:30','2020-10-13 14:37:30'),(50,2,'Contribuye y aporta ideas para el diseño y construcción de un prototipo, respetando roles de trabajo y enfocando el modelo hacia la solución de un problema planteado.','2020-10-13 14:37:30','2020-10-13 14:37:30'),(51,2,'Fomenta la integración de los conocimientos y habilidades individuales para la realización de actividades complejas, y valora las diferencias, opiniones y capacidades de sus compañeros.','2020-10-13 14:37:30','2020-10-13 14:37:30'),(52,2,'Interviene de forma activa en las actividades grupales, aporta opiniones y retroalimentaciones constructivas a diferentes equipos de trabajo, y ayuda a sus compañeros respetando normas y siguiendo instrucciones con el fin de asegurar el correcto desarrollo de las actividades.','2020-10-13 14:37:30','2020-10-13 14:37:30'),(53,3,'Reconoce, analiza y registra el funcionamiento de los sensores y actuadores entregados en los kits, y los integra al Micro:bit.','2020-10-13 14:37:30','2020-10-13 14:37:30'),(54,3,'Diseña, construye y programa prototipos con una y múltiples funciones, empleando sensores y actuadores para su automatización.','2020-10-13 14:37:30','2020-10-13 14:37:30'),(55,3,'Comprende y programa comunicación por radio entre micro:bits para la realización de tareas a distancia.','2020-10-13 14:37:30','2020-10-13 14:37:30'),(56,3,'Comprende el funcionamiento de la robótica móvil, y realiza algoritmos para el control de vehículos.','2020-10-13 14:37:30','2020-10-13 14:37:30'),(57,4,'Formula preguntas sobre su entorno y las actividades que realiza en la cotidianidad, y plantea soluciones tecnológicas viables para cada una de ellas.','2020-10-13 14:37:30','2020-10-13 14:37:30'),(58,4,'Explora la plataforma MakeCode e indaga sobre la forma correcta de programar las funciones requeridas por las actividades.','2020-10-13 14:37:30','2020-10-13 14:37:30'),(59,4,'Prueba y analiza el comportamiento de distintos dispositivos tecnológicos, e indaga la forma de agregarlos a aplicaciones preexistentes.','2020-10-13 14:37:30','2020-10-13 14:37:30'),(60,1,'Propone, identifica y define ideas de forma escrita y/o verbal bajo un contexto.','2020-10-13 14:37:30','2020-10-13 14:37:30'),(61,1,'Establece e implementa en grupo, la identidad única del equipo.','2020-10-13 14:37:30','2020-10-13 14:37:30'),(62,1,'Expresa y escucha activamente opiniones sobre planeación y construcción del prototipo, generando acuerdos plasmados en gráficos, textos, dibujos, etc.','2020-10-13 14:37:30','2020-10-13 14:37:30'),(63,1,'Establece un cronograma y posterior a ello utiliza el tiempo teniéndolo en cuenta y duración asignada para determinadas acciones.','2020-10-13 14:37:30','2020-10-13 14:37:30'),(64,1,'Utiliza diferentes métodos de expresión (oral, escrita, dibujos, diagramas) para comunicar sus ideas, y se expresa de forma clara, objetiva, analítica y crítica.','2020-10-13 14:37:30','2020-10-13 14:37:30'),(65,2,'Reconoce en sí mismo y en los demás compañeros de grupo, las fortalezas y debilidades que les permitirán desarrollar el proyecto de forma exitosa, comprometiéndose individualmente en tareas vinculadas al logro de los objetivos planteados.','2020-10-13 14:37:30','2020-10-13 14:37:30'),(66,2,'Fomenta la socialización en grupo para definir y/o mejorar aspectos relevantes, realizando contribuciones a su propio proyecto y de otros grupos.','2020-10-13 14:37:30','2020-10-13 14:37:30'),(67,2,'Gestiona el compromiso individual y del equipo en el desarrollo de actividades enfocadas al desarrollo y/o solución de la problemática, afrontando posibles dificultades fortuitas o desacuerdos, y contribuyendo con nuevas ideas para dar soluciones.','2020-10-13 14:37:30','2020-10-13 14:37:30'),(68,3,'Plantea soluciones tecnológicas para el problema identificado, seleccionando los dispositivos tecnológicos requeridos para llevar a cabo la solución, basado en diagramas de flujo.','2020-10-13 14:37:30','2020-10-13 14:37:30'),(69,3,'Integra la biotecnología, diseño, recursos tecnológicos y programación por bloques, en el desarrollo de un prototipo funcional que responde a la necesidad planteada bajo la narrativa.','2020-10-13 14:37:30','2020-10-13 14:37:30'),(70,3,'Corrobora el desempeño y correcto funcionamiento del prototipo diseñado teniendo en cuenta tecnología y objetivos planteados.','2020-10-13 14:37:30','2020-10-13 14:37:30'),(71,4,'Identifica por medio de la observación, análisis, asociación y conocimientos previos, un problema y/o necesidad de su entorno basado el narrativa eje del curso, y propone posibles soluciones para ello.','2020-10-13 14:37:30','2020-10-13 14:37:30'),(72,4,'Recopila información, prueba y analiza resultados producto de la experimentación, con el fin de medir la calidad del prototipo.','2020-10-13 14:37:30','2020-10-13 14:37:30'),(73,5,'Interviene en la planeación del proyecto eje enfocado en la solución de una problemática del entorno, teniendo en cuenta la narrativa del curso, los recursos, el tiempo y los roles de trabajo, entre otros.','2020-10-13 14:37:30','2020-10-13 14:37:30'),(74,5,'Evalúa los avances en el desarrollo del proyecto, teniendo en cuenta información existente, recursos, cronograma y objetivos.','2020-10-13 14:37:30','2020-10-13 14:37:30'),(75,5,'Administra recursos, tiempos e información disponible del proyecto, para planear y posterior presentar la feria a la comunidad educativa.','2020-10-13 14:37:30','2020-10-13 14:37:30'),(76,1,'Se expresa objetiva y críticamente de forma verbal y escrita, analiza información recopilada en el proceso de indagación, compara datos para tomar decisiones y establece objetivos claros y concisos.','2020-10-13 14:37:30','2020-10-13 14:37:30'),(77,1,'Aporta activamente opiniones sobre la planeación y construcción del prototipo considerando tiempos, recursos y roles de trabajo, y plasma mediante dibujos los planos constructivos del prototipo, agregando detalles de construcción mediante anotaciones y cotas claras y concisas.','2020-10-13 14:37:30','2020-10-13 14:37:30'),(78,1,'Utiliza los resultados de la experimentación, y los análisis y conclusiones generados durante las pruebas, para argumentar sus ideas y opiniones.','2020-10-13 14:37:30','2020-10-13 14:37:30'),(79,1,'Selecciona, organiza, sintetiza y expone información relevante del proyecto de forma clara y sencilla, utilizando terminología de programación y robótica, apoyo gráfico, siguiendo la planeación establecida para la sustentación del prototipo y teniendo en cuenta el conocimiento previo del público sobre los temas relacionados con el proyecto.','2020-10-13 14:37:30','2020-10-13 14:37:30'),(80,2,'Identifica las habilidades propias y de sus compañeros para la división y asignación de tareas en el desarrollo del prototipo, y establece, en grupo, la identidad única del equipo.','2020-10-13 14:37:30','2020-10-13 14:37:30'),(81,2,'Fomenta la socialización en grupo para definir aspectos relevantes del proyecto como los diagramas de flujo del funcionamiento, y el diseño general de la estructura del prototipo, que determinará los resultados esperados del proyecto.','2020-10-13 14:37:30','2020-10-13 14:37:30'),(82,2,'Gestiona el compromiso individual y del equipo en el desarrollo de actividades enfocadas a la realización de un prototipo funcional que solucione una problemática del entorno.','2020-10-13 14:37:30','2020-10-13 14:37:30'),(83,2,'Participa activamente en la realización de las actividades propuestas por el curso, fomenta la socialización en grupo sobre temas fundamentales del proyecto, y afronta dificultades inesperadas, aportando ideas y ayudando a mantener el orden en el equipo.','2020-10-13 14:37:30','2020-10-13 14:37:30'),(84,3,'Plantea soluciones tecnológicas para problemas del entorno, y selecciona los dispositivos tecnológicos requeridos para llevar a cabo la solución.','2020-10-13 14:37:30','2020-10-13 14:37:30'),(85,3,'Incorpora la tecnología y herramientas de programación en el desarrollo de un prototipo funcional que responda a una necesidad del entorno.','2020-10-13 14:37:30','2020-10-13 14:37:30'),(86,3,'Valida el desempeño y correcto funcionamiento de la tecnología incorporada en el prototipo desarrollado.','2020-10-13 14:37:30','2020-10-13 14:37:30'),(87,4,'Observa, reconoce y plantea problemáticas y/o necesidades del entorno, consulta y recopila información para generar una comprensión más profunda del problema seleccionado, y a partir de ella, plantea un listado de posibles soluciones.','2020-10-13 14:37:30','2020-10-13 14:37:30'),(88,4,'Identifica, evalúa, califica y compara las posibles mejoras que se pueden realizar sobre el prototipo, a partir de una serie de criterios como tiempo y recursos, y decide cuál implementar.','2020-10-13 14:37:30','2020-10-13 14:37:30'),(89,4,'Recopila información y analiza resultados producto de la experimentación, con el fin de medir la calidad del prototipo.','2020-10-13 14:37:30','2020-10-13 14:37:30'),(90,5,'Participa en la planeación de un proyecto enfocado en la solución de una problemática del entorno, teniendo en cuenta recursos, tiempo y roles de trabajo.','2020-10-13 14:37:30','2020-10-13 14:37:30'),(91,5,'Analiza los avances en el desarrollo del prototipo, a partir de la información recopilada, gestiona recursos, tiempos y soluciones para alcanzar las metas planteadas, y genera un registro de los resultados obtenidos.','2020-10-13 14:37:30','2020-10-13 14:37:30'),(92,5,'Gestiona recursos, tiempos e información sobre el proyecto, para planear la presentación del prototipo ante la comunidad educativa.','2020-10-13 14:37:30','2020-10-13 14:37:30');
/*!40000 ALTER TABLE `criterion` ENABLE KEYS */;
UNLOCK TABLES;

--
-- Table structure for table `criterion_activity_goal`
--

DROP TABLE IF EXISTS `criterion_activity_goal`;
/*!40101 SET @saved_cs_client     = @@character_set_client */;
/*!40101 SET character_set_client = utf8 */;
CREATE TABLE `criterion_activity_goal` (
  `id` bigint(20) unsigned NOT NULL AUTO_INCREMENT,
  `criterion_id` bigint(20) unsigned NOT NULL,
  `activity_id` bigint(20) unsigned NOT NULL,
  `goal_id` bigint(20) unsigned NOT NULL,
  `created_at` timestamp NULL DEFAULT NULL,
  `updated_at` timestamp NULL DEFAULT NULL,
  PRIMARY KEY (`id`),
  KEY `criterion_activity_goal_criterion_id_index` (`criterion_id`),
  KEY `criterion_activity_goal_activity_id_index` (`activity_id`),
  KEY `criterion_activity_goal_goal_id_index` (`goal_id`),
  CONSTRAINT `criterion_activity_goal_activity_id_foreign` FOREIGN KEY (`activity_id`) REFERENCES `activity` (`id`),
  CONSTRAINT `criterion_activity_goal_criterion_id_foreign` FOREIGN KEY (`criterion_id`) REFERENCES `criterion` (`id`),
  CONSTRAINT `criterion_activity_goal_goal_id_foreign` FOREIGN KEY (`goal_id`) REFERENCES `goal` (`id`)
) ENGINE=InnoDB AUTO_INCREMENT=773 DEFAULT CHARSET=utf8mb4 COLLATE=utf8mb4_unicode_ci;
/*!40101 SET character_set_client = @saved_cs_client */;

--
-- Dumping data for table `criterion_activity_goal`
--

LOCK TABLES `criterion_activity_goal` WRITE;
/*!40000 ALTER TABLE `criterion_activity_goal` DISABLE KEYS */;
INSERT INTO `criterion_activity_goal` VALUES (1,16,15,393,'2020-10-13 14:37:30','2020-10-13 14:37:30'),(2,16,15,394,'2020-10-13 14:37:30','2020-10-13 14:37:30'),(3,16,15,395,'2020-10-13 14:37:30','2020-10-13 14:37:30'),(4,16,15,396,'2020-10-13 14:37:30','2020-10-13 14:37:30'),(5,23,15,397,'2020-10-13 14:37:30','2020-10-13 14:37:30'),(6,23,15,398,'2020-10-13 14:37:30','2020-10-13 14:37:30'),(7,23,15,399,'2020-10-13 14:37:30','2020-10-13 14:37:30'),(8,23,15,400,'2020-10-13 14:37:30','2020-10-13 14:37:30'),(9,28,15,401,'2020-10-13 14:37:30','2020-10-13 14:37:30'),(10,28,15,402,'2020-10-13 14:37:30','2020-10-13 14:37:30'),(11,28,15,403,'2020-10-13 14:37:30','2020-10-13 14:37:30'),(12,28,15,404,'2020-10-13 14:37:30','2020-10-13 14:37:30'),(13,16,24,405,'2020-10-13 14:37:30','2020-10-13 14:37:30'),(14,16,24,406,'2020-10-13 14:37:30','2020-10-13 14:37:30'),(15,16,24,407,'2020-10-13 14:37:30','2020-10-13 14:37:30'),(16,16,24,408,'2020-10-13 14:37:30','2020-10-13 14:37:30'),(17,20,29,409,'2020-10-13 14:37:30','2020-10-13 14:37:30'),(18,20,29,410,'2020-10-13 14:37:30','2020-10-13 14:37:30'),(19,20,29,411,'2020-10-13 14:37:30','2020-10-13 14:37:30'),(20,20,29,412,'2020-10-13 14:37:30','2020-10-13 14:37:30'),(21,23,29,413,'2020-10-13 14:37:30','2020-10-13 14:37:30'),(22,23,29,414,'2020-10-13 14:37:30','2020-10-13 14:37:30'),(23,23,29,415,'2020-10-13 14:37:30','2020-10-13 14:37:30'),(24,23,29,416,'2020-10-13 14:37:30','2020-10-13 14:37:30'),(25,20,41,417,'2020-10-13 14:37:30','2020-10-13 14:37:30'),(26,20,41,418,'2020-10-13 14:37:30','2020-10-13 14:37:30'),(27,20,41,419,'2020-10-13 14:37:30','2020-10-13 14:37:30'),(28,20,41,420,'2020-10-13 14:37:30','2020-10-13 14:37:30'),(29,24,46,421,'2020-10-13 14:37:30','2020-10-13 14:37:30'),(30,24,46,422,'2020-10-13 14:37:30','2020-10-13 14:37:30'),(31,24,46,423,'2020-10-13 14:37:30','2020-10-13 14:37:30'),(32,24,46,424,'2020-10-13 14:37:30','2020-10-13 14:37:30'),(33,17,58,425,'2020-10-13 14:37:30','2020-10-13 14:37:30'),(34,17,58,426,'2020-10-13 14:37:30','2020-10-13 14:37:30'),(35,17,58,427,'2020-10-13 14:37:30','2020-10-13 14:37:30'),(36,17,58,428,'2020-10-13 14:37:30','2020-10-13 14:37:30'),(37,21,58,429,'2020-10-13 14:37:30','2020-10-13 14:37:30'),(38,21,58,430,'2020-10-13 14:37:30','2020-10-13 14:37:30'),(39,21,58,431,'2020-10-13 14:37:30','2020-10-13 14:37:30'),(40,21,58,432,'2020-10-13 14:37:30','2020-10-13 14:37:30'),(41,24,61,433,'2020-10-13 14:37:30','2020-10-13 14:37:30'),(42,24,61,434,'2020-10-13 14:37:30','2020-10-13 14:37:30'),(43,24,61,435,'2020-10-13 14:37:30','2020-10-13 14:37:30'),(44,24,61,436,'2020-10-13 14:37:30','2020-10-13 14:37:30'),(45,29,61,437,'2020-10-13 14:37:30','2020-10-13 14:37:30'),(46,29,61,438,'2020-10-13 14:37:30','2020-10-13 14:37:30'),(47,29,61,439,'2020-10-13 14:37:30','2020-10-13 14:37:30'),(48,29,61,440,'2020-10-13 14:37:30','2020-10-13 14:37:30'),(49,17,74,441,'2020-10-13 14:37:30','2020-10-13 14:37:30'),(50,17,74,442,'2020-10-13 14:37:30','2020-10-13 14:37:30'),(51,17,74,443,'2020-10-13 14:37:30','2020-10-13 14:37:30'),(52,17,74,444,'2020-10-13 14:37:30','2020-10-13 14:37:30'),(53,25,74,445,'2020-10-13 14:37:30','2020-10-13 14:37:30'),(54,25,74,446,'2020-10-13 14:37:30','2020-10-13 14:37:30'),(55,25,74,447,'2020-10-13 14:37:30','2020-10-13 14:37:30'),(56,25,74,448,'2020-10-13 14:37:30','2020-10-13 14:37:30'),(57,21,82,449,'2020-10-13 14:37:30','2020-10-13 14:37:30'),(58,21,82,450,'2020-10-13 14:37:30','2020-10-13 14:37:30'),(59,21,82,451,'2020-10-13 14:37:30','2020-10-13 14:37:30'),(60,21,82,452,'2020-10-13 14:37:30','2020-10-13 14:37:30'),(61,25,85,453,'2020-10-13 14:37:30','2020-10-13 14:37:30'),(62,25,85,454,'2020-10-13 14:37:30','2020-10-13 14:37:30'),(63,25,85,455,'2020-10-13 14:37:30','2020-10-13 14:37:30'),(64,25,85,456,'2020-10-13 14:37:30','2020-10-13 14:37:30'),(65,18,98,457,'2020-10-13 14:37:30','2020-10-13 14:37:30'),(66,18,98,458,'2020-10-13 14:37:30','2020-10-13 14:37:30'),(67,18,98,459,'2020-10-13 14:37:30','2020-10-13 14:37:30'),(68,18,98,460,'2020-10-13 14:37:30','2020-10-13 14:37:30'),(69,26,98,461,'2020-10-13 14:37:30','2020-10-13 14:37:30'),(70,26,98,462,'2020-10-13 14:37:30','2020-10-13 14:37:30'),(71,26,98,463,'2020-10-13 14:37:30','2020-10-13 14:37:30'),(72,26,98,464,'2020-10-13 14:37:30','2020-10-13 14:37:30'),(73,30,98,465,'2020-10-13 14:37:30','2020-10-13 14:37:30'),(74,30,98,466,'2020-10-13 14:37:30','2020-10-13 14:37:30'),(75,30,98,467,'2020-10-13 14:37:30','2020-10-13 14:37:30'),(76,30,98,468,'2020-10-13 14:37:30','2020-10-13 14:37:30'),(77,22,106,469,'2020-10-13 14:37:30','2020-10-13 14:37:30'),(78,22,106,470,'2020-10-13 14:37:30','2020-10-13 14:37:30'),(79,22,106,471,'2020-10-13 14:37:30','2020-10-13 14:37:30'),(80,22,106,472,'2020-10-13 14:37:30','2020-10-13 14:37:30'),(81,26,106,473,'2020-10-13 14:37:30','2020-10-13 14:37:30'),(82,26,106,474,'2020-10-13 14:37:30','2020-10-13 14:37:30'),(83,26,106,475,'2020-10-13 14:37:30','2020-10-13 14:37:30'),(84,26,106,476,'2020-10-13 14:37:30','2020-10-13 14:37:30'),(85,30,106,477,'2020-10-13 14:37:30','2020-10-13 14:37:30'),(86,30,106,478,'2020-10-13 14:37:30','2020-10-13 14:37:30'),(87,30,106,479,'2020-10-13 14:37:30','2020-10-13 14:37:30'),(88,30,106,480,'2020-10-13 14:37:30','2020-10-13 14:37:30'),(89,18,116,481,'2020-10-13 14:37:30','2020-10-13 14:37:30'),(90,18,116,482,'2020-10-13 14:37:30','2020-10-13 14:37:30'),(91,18,116,483,'2020-10-13 14:37:30','2020-10-13 14:37:30'),(92,18,116,484,'2020-10-13 14:37:30','2020-10-13 14:37:30'),(93,22,116,485,'2020-10-13 14:37:30','2020-10-13 14:37:30'),(94,22,116,486,'2020-10-13 14:37:30','2020-10-13 14:37:30'),(95,22,116,487,'2020-10-13 14:37:30','2020-10-13 14:37:30'),(96,22,116,488,'2020-10-13 14:37:30','2020-10-13 14:37:30'),(97,27,119,489,'2020-10-13 14:37:30','2020-10-13 14:37:30'),(98,27,119,490,'2020-10-13 14:37:30','2020-10-13 14:37:30'),(99,27,119,491,'2020-10-13 14:37:30','2020-10-13 14:37:30'),(100,27,119,492,'2020-10-13 14:37:30','2020-10-13 14:37:30'),(101,31,119,493,'2020-10-13 14:37:30','2020-10-13 14:37:30'),(102,31,119,494,'2020-10-13 14:37:30','2020-10-13 14:37:30'),(103,31,119,495,'2020-10-13 14:37:30','2020-10-13 14:37:30'),(104,31,119,496,'2020-10-13 14:37:30','2020-10-13 14:37:30'),(105,27,126,497,'2020-10-13 14:37:30','2020-10-13 14:37:30'),(106,27,126,498,'2020-10-13 14:37:30','2020-10-13 14:37:30'),(107,27,126,499,'2020-10-13 14:37:30','2020-10-13 14:37:30'),(108,27,126,500,'2020-10-13 14:37:30','2020-10-13 14:37:30'),(109,31,126,501,'2020-10-13 14:37:30','2020-10-13 14:37:30'),(110,31,126,502,'2020-10-13 14:37:30','2020-10-13 14:37:30'),(111,31,126,503,'2020-10-13 14:37:30','2020-10-13 14:37:30'),(112,31,126,504,'2020-10-13 14:37:30','2020-10-13 14:37:30'),(113,19,129,505,'2020-10-13 14:37:30','2020-10-13 14:37:30'),(114,19,129,506,'2020-10-13 14:37:30','2020-10-13 14:37:30'),(115,19,129,507,'2020-10-13 14:37:30','2020-10-13 14:37:30'),(116,19,129,508,'2020-10-13 14:37:30','2020-10-13 14:37:30'),(117,19,132,509,'2020-10-13 14:37:30','2020-10-13 14:37:30'),(118,19,132,510,'2020-10-13 14:37:30','2020-10-13 14:37:30'),(119,19,132,511,'2020-10-13 14:37:30','2020-10-13 14:37:30'),(120,19,132,512,'2020-10-13 14:37:30','2020-10-13 14:37:30'),(121,49,141,513,'2020-10-13 14:37:30','2020-10-13 14:37:30'),(122,49,141,514,'2020-10-13 14:37:30','2020-10-13 14:37:30'),(123,49,141,515,'2020-10-13 14:37:30','2020-10-13 14:37:30'),(124,49,141,516,'2020-10-13 14:37:30','2020-10-13 14:37:30'),(125,45,144,517,'2020-10-13 14:37:30','2020-10-13 14:37:30'),(126,45,144,518,'2020-10-13 14:37:31','2020-10-13 14:37:31'),(127,45,144,519,'2020-10-13 14:37:31','2020-10-13 14:37:31'),(128,45,144,520,'2020-10-13 14:37:31','2020-10-13 14:37:31'),(129,53,151,521,'2020-10-13 14:37:31','2020-10-13 14:37:31'),(130,53,151,522,'2020-10-13 14:37:31','2020-10-13 14:37:31'),(131,53,151,523,'2020-10-13 14:37:31','2020-10-13 14:37:31'),(132,53,151,524,'2020-10-13 14:37:31','2020-10-13 14:37:31'),(133,49,160,525,'2020-10-13 14:37:31','2020-10-13 14:37:31'),(134,49,160,526,'2020-10-13 14:37:31','2020-10-13 14:37:31'),(135,49,160,527,'2020-10-13 14:37:31','2020-10-13 14:37:31'),(136,49,160,528,'2020-10-13 14:37:31','2020-10-13 14:37:31'),(137,45,164,529,'2020-10-13 14:37:31','2020-10-13 14:37:31'),(138,45,164,530,'2020-10-13 14:37:31','2020-10-13 14:37:31'),(139,45,164,531,'2020-10-13 14:37:31','2020-10-13 14:37:31'),(140,45,164,532,'2020-10-13 14:37:31','2020-10-13 14:37:31'),(141,53,164,533,'2020-10-13 14:37:31','2020-10-13 14:37:31'),(142,53,164,534,'2020-10-13 14:37:31','2020-10-13 14:37:31'),(143,53,164,535,'2020-10-13 14:37:31','2020-10-13 14:37:31'),(144,53,164,536,'2020-10-13 14:37:31','2020-10-13 14:37:31'),(145,54,172,537,'2020-10-13 14:37:31','2020-10-13 14:37:31'),(146,54,172,538,'2020-10-13 14:37:31','2020-10-13 14:37:31'),(147,54,172,539,'2020-10-13 14:37:31','2020-10-13 14:37:31'),(148,54,172,540,'2020-10-13 14:37:31','2020-10-13 14:37:31'),(149,46,175,541,'2020-10-13 14:37:31','2020-10-13 14:37:31'),(150,46,175,542,'2020-10-13 14:37:31','2020-10-13 14:37:31'),(151,46,175,543,'2020-10-13 14:37:31','2020-10-13 14:37:31'),(152,46,175,544,'2020-10-13 14:37:31','2020-10-13 14:37:31'),(153,47,175,545,'2020-10-13 14:37:31','2020-10-13 14:37:31'),(154,47,175,546,'2020-10-13 14:37:31','2020-10-13 14:37:31'),(155,47,175,547,'2020-10-13 14:37:31','2020-10-13 14:37:31'),(156,47,175,548,'2020-10-13 14:37:31','2020-10-13 14:37:31'),(157,50,185,549,'2020-10-13 14:37:31','2020-10-13 14:37:31'),(158,50,185,550,'2020-10-13 14:37:31','2020-10-13 14:37:31'),(159,50,185,551,'2020-10-13 14:37:31','2020-10-13 14:37:31'),(160,50,185,552,'2020-10-13 14:37:31','2020-10-13 14:37:31'),(161,57,185,553,'2020-10-13 14:37:31','2020-10-13 14:37:31'),(162,57,185,554,'2020-10-13 14:37:31','2020-10-13 14:37:31'),(163,57,185,555,'2020-10-13 14:37:31','2020-10-13 14:37:31'),(164,57,185,556,'2020-10-13 14:37:31','2020-10-13 14:37:31'),(165,46,194,557,'2020-10-13 14:37:31','2020-10-13 14:37:31'),(166,46,194,558,'2020-10-13 14:37:31','2020-10-13 14:37:31'),(167,46,194,559,'2020-10-13 14:37:31','2020-10-13 14:37:31'),(168,46,194,560,'2020-10-13 14:37:31','2020-10-13 14:37:31'),(169,47,194,561,'2020-10-13 14:37:31','2020-10-13 14:37:31'),(170,47,194,562,'2020-10-13 14:37:31','2020-10-13 14:37:31'),(171,47,194,563,'2020-10-13 14:37:31','2020-10-13 14:37:31'),(172,47,194,564,'2020-10-13 14:37:31','2020-10-13 14:37:31'),(173,50,194,565,'2020-10-13 14:37:31','2020-10-13 14:37:31'),(174,50,194,566,'2020-10-13 14:37:31','2020-10-13 14:37:31'),(175,50,194,567,'2020-10-13 14:37:31','2020-10-13 14:37:31'),(176,50,194,568,'2020-10-13 14:37:31','2020-10-13 14:37:31'),(177,54,194,569,'2020-10-13 14:37:31','2020-10-13 14:37:31'),(178,54,194,570,'2020-10-13 14:37:31','2020-10-13 14:37:31'),(179,54,194,571,'2020-10-13 14:37:31','2020-10-13 14:37:31'),(180,54,194,572,'2020-10-13 14:37:31','2020-10-13 14:37:31'),(181,54,202,573,'2020-10-13 14:37:31','2020-10-13 14:37:31'),(182,54,202,574,'2020-10-13 14:37:31','2020-10-13 14:37:31'),(183,54,202,575,'2020-10-13 14:37:31','2020-10-13 14:37:31'),(184,54,202,576,'2020-10-13 14:37:31','2020-10-13 14:37:31'),(185,57,207,577,'2020-10-13 14:37:31','2020-10-13 14:37:31'),(186,57,207,578,'2020-10-13 14:37:31','2020-10-13 14:37:31'),(187,57,207,579,'2020-10-13 14:37:31','2020-10-13 14:37:31'),(188,57,207,580,'2020-10-13 14:37:31','2020-10-13 14:37:31'),(189,55,217,581,'2020-10-13 14:37:31','2020-10-13 14:37:31'),(190,55,217,582,'2020-10-13 14:37:31','2020-10-13 14:37:31'),(191,55,217,583,'2020-10-13 14:37:31','2020-10-13 14:37:31'),(192,55,217,584,'2020-10-13 14:37:31','2020-10-13 14:37:31'),(193,58,217,585,'2020-10-13 14:37:31','2020-10-13 14:37:31'),(194,58,217,586,'2020-10-13 14:37:31','2020-10-13 14:37:31'),(195,58,217,587,'2020-10-13 14:37:31','2020-10-13 14:37:31'),(196,58,217,588,'2020-10-13 14:37:31','2020-10-13 14:37:31'),(197,58,226,589,'2020-10-13 14:37:31','2020-10-13 14:37:31'),(198,58,226,590,'2020-10-13 14:37:31','2020-10-13 14:37:31'),(199,58,226,591,'2020-10-13 14:37:31','2020-10-13 14:37:31'),(200,58,226,592,'2020-10-13 14:37:31','2020-10-13 14:37:31'),(201,55,229,593,'2020-10-13 14:37:31','2020-10-13 14:37:31'),(202,55,229,594,'2020-10-13 14:37:31','2020-10-13 14:37:31'),(203,55,229,595,'2020-10-13 14:37:31','2020-10-13 14:37:31'),(204,55,229,596,'2020-10-13 14:37:31','2020-10-13 14:37:31'),(205,51,232,597,'2020-10-13 14:37:31','2020-10-13 14:37:31'),(206,51,232,598,'2020-10-13 14:37:31','2020-10-13 14:37:31'),(207,51,232,599,'2020-10-13 14:37:31','2020-10-13 14:37:31'),(208,51,232,600,'2020-10-13 14:37:31','2020-10-13 14:37:31'),(209,56,244,601,'2020-10-13 14:37:31','2020-10-13 14:37:31'),(210,56,244,602,'2020-10-13 14:37:31','2020-10-13 14:37:31'),(211,56,244,603,'2020-10-13 14:37:31','2020-10-13 14:37:31'),(212,56,244,604,'2020-10-13 14:37:31','2020-10-13 14:37:31'),(213,59,247,605,'2020-10-13 14:37:31','2020-10-13 14:37:31'),(214,59,247,606,'2020-10-13 14:37:31','2020-10-13 14:37:31'),(215,59,247,607,'2020-10-13 14:37:31','2020-10-13 14:37:31'),(216,59,247,608,'2020-10-13 14:37:31','2020-10-13 14:37:31'),(217,48,251,609,'2020-10-13 14:37:31','2020-10-13 14:37:31'),(218,48,251,610,'2020-10-13 14:37:31','2020-10-13 14:37:31'),(219,48,251,611,'2020-10-13 14:37:31','2020-10-13 14:37:31'),(220,48,251,612,'2020-10-13 14:37:31','2020-10-13 14:37:31'),(221,51,251,613,'2020-10-13 14:37:31','2020-10-13 14:37:31'),(222,51,251,614,'2020-10-13 14:37:31','2020-10-13 14:37:31'),(223,51,251,615,'2020-10-13 14:37:31','2020-10-13 14:37:31'),(224,51,251,616,'2020-10-13 14:37:31','2020-10-13 14:37:31'),(225,59,259,617,'2020-10-13 14:37:31','2020-10-13 14:37:31'),(226,59,259,618,'2020-10-13 14:37:31','2020-10-13 14:37:31'),(227,59,259,619,'2020-10-13 14:37:31','2020-10-13 14:37:31'),(228,59,259,620,'2020-10-13 14:37:31','2020-10-13 14:37:31'),(229,48,262,621,'2020-10-13 14:37:31','2020-10-13 14:37:31'),(230,48,262,622,'2020-10-13 14:37:31','2020-10-13 14:37:31'),(231,48,262,623,'2020-10-13 14:37:31','2020-10-13 14:37:31'),(232,48,262,624,'2020-10-13 14:37:31','2020-10-13 14:37:31'),(233,52,264,625,'2020-10-13 14:37:31','2020-10-13 14:37:31'),(234,52,264,626,'2020-10-13 14:37:31','2020-10-13 14:37:31'),(235,52,264,627,'2020-10-13 14:37:31','2020-10-13 14:37:31'),(236,52,264,628,'2020-10-13 14:37:31','2020-10-13 14:37:31'),(237,52,272,629,'2020-10-13 14:37:31','2020-10-13 14:37:31'),(238,52,272,630,'2020-10-13 14:37:31','2020-10-13 14:37:31'),(239,52,272,631,'2020-10-13 14:37:31','2020-10-13 14:37:31'),(240,52,272,632,'2020-10-13 14:37:31','2020-10-13 14:37:31'),(241,48,275,633,'2020-10-13 14:37:31','2020-10-13 14:37:31'),(242,48,275,634,'2020-10-13 14:37:31','2020-10-13 14:37:31'),(243,48,275,635,'2020-10-13 14:37:31','2020-10-13 14:37:31'),(244,48,275,636,'2020-10-13 14:37:31','2020-10-13 14:37:31'),(245,56,277,637,'2020-10-13 14:37:31','2020-10-13 14:37:31'),(246,56,277,638,'2020-10-13 14:37:31','2020-10-13 14:37:31'),(247,56,277,639,'2020-10-13 14:37:31','2020-10-13 14:37:31'),(248,56,277,640,'2020-10-13 14:37:31','2020-10-13 14:37:31'),(249,76,288,641,'2020-10-13 14:37:31','2020-10-13 14:37:31'),(250,76,288,642,'2020-10-13 14:37:31','2020-10-13 14:37:31'),(251,76,288,643,'2020-10-13 14:37:31','2020-10-13 14:37:31'),(252,76,288,644,'2020-10-13 14:37:31','2020-10-13 14:37:31'),(253,87,288,645,'2020-10-13 14:37:31','2020-10-13 14:37:31'),(254,87,288,646,'2020-10-13 14:37:31','2020-10-13 14:37:31'),(255,87,288,647,'2020-10-13 14:37:31','2020-10-13 14:37:31'),(256,87,288,648,'2020-10-13 14:37:31','2020-10-13 14:37:31'),(257,80,291,649,'2020-10-13 14:37:31','2020-10-13 14:37:31'),(258,80,291,650,'2020-10-13 14:37:31','2020-10-13 14:37:31'),(259,80,291,651,'2020-10-13 14:37:31','2020-10-13 14:37:31'),(260,80,291,652,'2020-10-13 14:37:31','2020-10-13 14:37:31'),(261,76,299,653,'2020-10-13 14:37:31','2020-10-13 14:37:31'),(262,76,299,654,'2020-10-13 14:37:31','2020-10-13 14:37:31'),(263,76,299,655,'2020-10-13 14:37:31','2020-10-13 14:37:31'),(264,76,299,656,'2020-10-13 14:37:31','2020-10-13 14:37:31'),(265,87,302,657,'2020-10-13 14:37:31','2020-10-13 14:37:31'),(266,87,302,658,'2020-10-13 14:37:31','2020-10-13 14:37:31'),(267,87,302,659,'2020-10-13 14:37:31','2020-10-13 14:37:31'),(268,87,302,660,'2020-10-13 14:37:31','2020-10-13 14:37:31'),(269,90,305,661,'2020-10-13 14:37:31','2020-10-13 14:37:31'),(270,90,305,662,'2020-10-13 14:37:31','2020-10-13 14:37:31'),(271,90,305,663,'2020-10-13 14:37:31','2020-10-13 14:37:31'),(272,90,305,664,'2020-10-13 14:37:31','2020-10-13 14:37:31'),(273,80,311,772,'2020-10-13 14:37:31','2020-10-13 14:37:31'),(274,80,311,771,'2020-10-13 14:37:31','2020-10-13 14:37:31'),(275,80,311,770,'2020-10-13 14:37:31','2020-10-13 14:37:31'),(276,80,311,769,'2020-10-13 14:37:31','2020-10-13 14:37:31'),(277,77,319,665,'2020-10-13 14:37:31','2020-10-13 14:37:31'),(278,77,319,666,'2020-10-13 14:37:31','2020-10-13 14:37:31'),(279,77,319,667,'2020-10-13 14:37:31','2020-10-13 14:37:31'),(280,77,319,668,'2020-10-13 14:37:31','2020-10-13 14:37:31'),(281,90,322,669,'2020-10-13 14:37:31','2020-10-13 14:37:31'),(282,90,322,670,'2020-10-13 14:37:31','2020-10-13 14:37:31'),(283,90,322,671,'2020-10-13 14:37:31','2020-10-13 14:37:31'),(284,90,322,672,'2020-10-13 14:37:31','2020-10-13 14:37:31'),(285,81,325,673,'2020-10-13 14:37:31','2020-10-13 14:37:31'),(286,81,325,674,'2020-10-13 14:37:31','2020-10-13 14:37:31'),(287,81,325,675,'2020-10-13 14:37:31','2020-10-13 14:37:31'),(288,81,325,676,'2020-10-13 14:37:31','2020-10-13 14:37:31'),(289,84,328,677,'2020-10-13 14:37:31','2020-10-13 14:37:31'),(290,84,328,678,'2020-10-13 14:37:31','2020-10-13 14:37:31'),(291,84,328,679,'2020-10-13 14:37:31','2020-10-13 14:37:31'),(292,84,328,680,'2020-10-13 14:37:31','2020-10-13 14:37:31'),(293,77,339,681,'2020-10-13 14:37:31','2020-10-13 14:37:31'),(294,77,339,682,'2020-10-13 14:37:31','2020-10-13 14:37:31'),(295,77,339,683,'2020-10-13 14:37:31','2020-10-13 14:37:31'),(296,77,339,684,'2020-10-13 14:37:31','2020-10-13 14:37:31'),(297,81,339,685,'2020-10-13 14:37:31','2020-10-13 14:37:31'),(298,81,339,686,'2020-10-13 14:37:31','2020-10-13 14:37:31'),(299,81,339,687,'2020-10-13 14:37:31','2020-10-13 14:37:31'),(300,81,339,688,'2020-10-13 14:37:31','2020-10-13 14:37:31'),(301,90,342,689,'2020-10-13 14:37:31','2020-10-13 14:37:31'),(302,90,342,690,'2020-10-13 14:37:31','2020-10-13 14:37:31'),(303,90,342,691,'2020-10-13 14:37:32','2020-10-13 14:37:32'),(304,90,342,692,'2020-10-13 14:37:32','2020-10-13 14:37:32'),(305,82,348,693,'2020-10-13 14:37:32','2020-10-13 14:37:32'),(306,82,348,694,'2020-10-13 14:37:32','2020-10-13 14:37:32'),(307,82,348,695,'2020-10-13 14:37:32','2020-10-13 14:37:32'),(308,82,348,696,'2020-10-13 14:37:32','2020-10-13 14:37:32'),(309,85,348,697,'2020-10-13 14:37:32','2020-10-13 14:37:32'),(310,85,348,698,'2020-10-13 14:37:32','2020-10-13 14:37:32'),(311,85,348,699,'2020-10-13 14:37:32','2020-10-13 14:37:32'),(312,85,348,700,'2020-10-13 14:37:32','2020-10-13 14:37:32'),(313,91,348,701,'2020-10-13 14:37:32','2020-10-13 14:37:32'),(314,91,348,702,'2020-10-13 14:37:32','2020-10-13 14:37:32'),(315,91,348,703,'2020-10-13 14:37:32','2020-10-13 14:37:32'),(316,91,348,704,'2020-10-13 14:37:32','2020-10-13 14:37:32'),(317,82,354,705,'2020-10-13 14:37:32','2020-10-13 14:37:32'),(318,82,354,706,'2020-10-13 14:37:32','2020-10-13 14:37:32'),(319,82,354,707,'2020-10-13 14:37:32','2020-10-13 14:37:32'),(320,82,354,708,'2020-10-13 14:37:32','2020-10-13 14:37:32'),(321,85,354,709,'2020-10-13 14:37:32','2020-10-13 14:37:32'),(322,85,354,710,'2020-10-13 14:37:32','2020-10-13 14:37:32'),(323,85,354,711,'2020-10-13 14:37:32','2020-10-13 14:37:32'),(324,85,354,712,'2020-10-13 14:37:32','2020-10-13 14:37:32'),(325,91,355,713,'2020-10-13 14:37:32','2020-10-13 14:37:32'),(326,91,355,714,'2020-10-13 14:37:32','2020-10-13 14:37:32'),(327,91,355,715,'2020-10-13 14:37:32','2020-10-13 14:37:32'),(328,91,355,716,'2020-10-13 14:37:32','2020-10-13 14:37:32'),(329,78,362,717,'2020-10-13 14:37:32','2020-10-13 14:37:32'),(330,78,362,718,'2020-10-13 14:37:32','2020-10-13 14:37:32'),(331,78,362,719,'2020-10-13 14:37:32','2020-10-13 14:37:32'),(332,78,362,720,'2020-10-13 14:37:32','2020-10-13 14:37:32'),(333,88,364,721,'2020-10-13 14:37:32','2020-10-13 14:37:32'),(334,88,364,722,'2020-10-13 14:37:32','2020-10-13 14:37:32'),(335,88,364,723,'2020-10-13 14:37:32','2020-10-13 14:37:32'),(336,88,364,724,'2020-10-13 14:37:32','2020-10-13 14:37:32'),(337,86,365,725,'2020-10-13 14:37:32','2020-10-13 14:37:32'),(338,86,365,726,'2020-10-13 14:37:32','2020-10-13 14:37:32'),(339,86,365,727,'2020-10-13 14:37:32','2020-10-13 14:37:32'),(340,86,365,728,'2020-10-13 14:37:32','2020-10-13 14:37:32'),(341,83,368,729,'2020-10-13 14:37:32','2020-10-13 14:37:32'),(342,83,368,730,'2020-10-13 14:37:32','2020-10-13 14:37:32'),(343,83,368,731,'2020-10-13 14:37:32','2020-10-13 14:37:32'),(344,83,368,732,'2020-10-13 14:37:32','2020-10-13 14:37:32'),(345,89,374,733,'2020-10-13 14:37:32','2020-10-13 14:37:32'),(346,89,374,734,'2020-10-13 14:37:32','2020-10-13 14:37:32'),(347,89,374,735,'2020-10-13 14:37:32','2020-10-13 14:37:32'),(348,89,374,736,'2020-10-13 14:37:32','2020-10-13 14:37:32'),(349,86,377,737,'2020-10-13 14:37:32','2020-10-13 14:37:32'),(350,86,377,738,'2020-10-13 14:37:32','2020-10-13 14:37:32'),(351,86,377,739,'2020-10-13 14:37:32','2020-10-13 14:37:32'),(352,86,377,740,'2020-10-13 14:37:32','2020-10-13 14:37:32'),(353,89,380,741,'2020-10-13 14:37:32','2020-10-13 14:37:32'),(354,89,380,742,'2020-10-13 14:37:32','2020-10-13 14:37:32'),(355,89,380,743,'2020-10-13 14:37:32','2020-10-13 14:37:32'),(356,89,380,744,'2020-10-13 14:37:32','2020-10-13 14:37:32'),(357,78,383,745,'2020-10-13 14:37:32','2020-10-13 14:37:32'),(358,78,383,746,'2020-10-13 14:37:32','2020-10-13 14:37:32'),(359,78,383,747,'2020-10-13 14:37:32','2020-10-13 14:37:32'),(360,78,383,748,'2020-10-13 14:37:32','2020-10-13 14:37:32'),(361,79,389,749,'2020-10-13 14:37:32','2020-10-13 14:37:32'),(362,79,389,750,'2020-10-13 14:37:32','2020-10-13 14:37:32'),(363,79,389,751,'2020-10-13 14:37:32','2020-10-13 14:37:32'),(364,79,389,752,'2020-10-13 14:37:32','2020-10-13 14:37:32'),(365,83,391,753,'2020-10-13 14:37:32','2020-10-13 14:37:32'),(366,83,391,754,'2020-10-13 14:37:32','2020-10-13 14:37:32'),(367,83,391,755,'2020-10-13 14:37:32','2020-10-13 14:37:32'),(368,83,391,756,'2020-10-13 14:37:32','2020-10-13 14:37:32'),(369,92,393,757,'2020-10-13 14:37:32','2020-10-13 14:37:32'),(370,92,393,758,'2020-10-13 14:37:32','2020-10-13 14:37:32'),(371,92,393,759,'2020-10-13 14:37:32','2020-10-13 14:37:32'),(372,92,393,760,'2020-10-13 14:37:32','2020-10-13 14:37:32'),(373,79,398,761,'2020-10-13 14:37:32','2020-10-13 14:37:32'),(374,79,398,762,'2020-10-13 14:37:32','2020-10-13 14:37:32'),(375,79,398,763,'2020-10-13 14:37:32','2020-10-13 14:37:32'),(376,79,398,764,'2020-10-13 14:37:32','2020-10-13 14:37:32'),(377,83,399,765,'2020-10-13 14:37:32','2020-10-13 14:37:32'),(378,83,399,766,'2020-10-13 14:37:32','2020-10-13 14:37:32'),(379,83,399,767,'2020-10-13 14:37:32','2020-10-13 14:37:32'),(380,83,399,768,'2020-10-13 14:37:32','2020-10-13 14:37:32'),(381,1,414,1,'2020-10-13 14:37:32','2020-10-13 14:37:32'),(382,1,414,2,'2020-10-13 14:37:32','2020-10-13 14:37:32'),(383,1,414,3,'2020-10-13 14:37:32','2020-10-13 14:37:32'),(384,1,414,4,'2020-10-13 14:37:32','2020-10-13 14:37:32'),(385,7,414,5,'2020-10-13 14:37:32','2020-10-13 14:37:32'),(386,7,414,6,'2020-10-13 14:37:32','2020-10-13 14:37:32'),(387,7,414,7,'2020-10-13 14:37:32','2020-10-13 14:37:32'),(388,7,414,8,'2020-10-13 14:37:32','2020-10-13 14:37:32'),(389,12,414,9,'2020-10-13 14:37:32','2020-10-13 14:37:32'),(390,12,414,10,'2020-10-13 14:37:32','2020-10-13 14:37:32'),(391,12,414,11,'2020-10-13 14:37:32','2020-10-13 14:37:32'),(392,12,414,12,'2020-10-13 14:37:32','2020-10-13 14:37:32'),(393,7,417,13,'2020-10-13 14:37:32','2020-10-13 14:37:32'),(394,7,417,14,'2020-10-13 14:37:32','2020-10-13 14:37:32'),(395,7,417,15,'2020-10-13 14:37:32','2020-10-13 14:37:32'),(396,7,417,16,'2020-10-13 14:37:32','2020-10-13 14:37:32'),(397,1,422,17,'2020-10-13 14:37:32','2020-10-13 14:37:32'),(398,1,422,18,'2020-10-13 14:37:32','2020-10-13 14:37:32'),(399,1,422,19,'2020-10-13 14:37:32','2020-10-13 14:37:32'),(400,1,422,20,'2020-10-13 14:37:32','2020-10-13 14:37:32'),(401,4,422,21,'2020-10-13 14:37:32','2020-10-13 14:37:32'),(402,4,422,22,'2020-10-13 14:37:32','2020-10-13 14:37:32'),(403,4,422,23,'2020-10-13 14:37:32','2020-10-13 14:37:32'),(404,4,422,24,'2020-10-13 14:37:32','2020-10-13 14:37:32'),(405,8,422,25,'2020-10-13 14:37:32','2020-10-13 14:37:32'),(406,8,422,26,'2020-10-13 14:37:32','2020-10-13 14:37:32'),(407,8,422,27,'2020-10-13 14:37:32','2020-10-13 14:37:32'),(408,8,422,28,'2020-10-13 14:37:32','2020-10-13 14:37:32'),(409,12,422,29,'2020-10-13 14:37:32','2020-10-13 14:37:32'),(410,12,422,30,'2020-10-13 14:37:32','2020-10-13 14:37:32'),(411,12,422,31,'2020-10-13 14:37:32','2020-10-13 14:37:32'),(412,12,422,32,'2020-10-13 14:37:32','2020-10-13 14:37:32'),(413,2,430,33,'2020-10-13 14:37:32','2020-10-13 14:37:32'),(414,2,430,34,'2020-10-13 14:37:32','2020-10-13 14:37:32'),(415,2,430,35,'2020-10-13 14:37:32','2020-10-13 14:37:32'),(416,2,430,36,'2020-10-13 14:37:32','2020-10-13 14:37:32'),(417,4,430,37,'2020-10-13 14:37:32','2020-10-13 14:37:32'),(418,4,430,38,'2020-10-13 14:37:32','2020-10-13 14:37:32'),(419,4,430,39,'2020-10-13 14:37:32','2020-10-13 14:37:32'),(420,4,430,40,'2020-10-13 14:37:32','2020-10-13 14:37:32'),(421,5,430,41,'2020-10-13 14:37:32','2020-10-13 14:37:32'),(422,5,430,42,'2020-10-13 14:37:32','2020-10-13 14:37:32'),(423,5,430,43,'2020-10-13 14:37:32','2020-10-13 14:37:32'),(424,5,430,44,'2020-10-13 14:37:32','2020-10-13 14:37:32'),(425,8,430,45,'2020-10-13 14:37:32','2020-10-13 14:37:32'),(426,8,430,46,'2020-10-13 14:37:32','2020-10-13 14:37:32'),(427,8,430,47,'2020-10-13 14:37:32','2020-10-13 14:37:32'),(428,8,430,48,'2020-10-13 14:37:32','2020-10-13 14:37:32'),(429,9,431,49,'2020-10-13 14:37:32','2020-10-13 14:37:32'),(430,9,431,50,'2020-10-13 14:37:32','2020-10-13 14:37:32'),(431,9,431,51,'2020-10-13 14:37:32','2020-10-13 14:37:32'),(432,9,431,52,'2020-10-13 14:37:32','2020-10-13 14:37:32'),(433,9,434,53,'2020-10-13 14:37:32','2020-10-13 14:37:32'),(434,9,434,54,'2020-10-13 14:37:32','2020-10-13 14:37:32'),(435,9,434,55,'2020-10-13 14:37:32','2020-10-13 14:37:32'),(436,9,434,56,'2020-10-13 14:37:32','2020-10-13 14:37:32'),(437,13,434,57,'2020-10-13 14:37:32','2020-10-13 14:37:32'),(438,13,434,58,'2020-10-13 14:37:32','2020-10-13 14:37:32'),(439,13,434,59,'2020-10-13 14:37:32','2020-10-13 14:37:32'),(440,13,434,60,'2020-10-13 14:37:32','2020-10-13 14:37:32'),(441,2,440,61,'2020-10-13 14:37:32','2020-10-13 14:37:32'),(442,2,440,62,'2020-10-13 14:37:32','2020-10-13 14:37:32'),(443,2,440,63,'2020-10-13 14:37:32','2020-10-13 14:37:32'),(444,2,440,64,'2020-10-13 14:37:32','2020-10-13 14:37:32'),(445,5,440,65,'2020-10-13 14:37:32','2020-10-13 14:37:32'),(446,5,440,66,'2020-10-13 14:37:32','2020-10-13 14:37:32'),(447,5,440,67,'2020-10-13 14:37:32','2020-10-13 14:37:32'),(448,5,440,68,'2020-10-13 14:37:32','2020-10-13 14:37:32'),(449,10,440,69,'2020-10-13 14:37:32','2020-10-13 14:37:32'),(450,10,440,70,'2020-10-13 14:37:32','2020-10-13 14:37:32'),(451,10,440,71,'2020-10-13 14:37:32','2020-10-13 14:37:32'),(452,10,440,72,'2020-10-13 14:37:32','2020-10-13 14:37:32'),(453,13,440,73,'2020-10-13 14:37:32','2020-10-13 14:37:32'),(454,13,440,74,'2020-10-13 14:37:32','2020-10-13 14:37:32'),(455,13,440,75,'2020-10-13 14:37:32','2020-10-13 14:37:32'),(456,13,440,76,'2020-10-13 14:37:32','2020-10-13 14:37:32'),(457,14,450,77,'2020-10-13 14:37:32','2020-10-13 14:37:32'),(458,14,450,78,'2020-10-13 14:37:32','2020-10-13 14:37:32'),(459,14,450,79,'2020-10-13 14:37:32','2020-10-13 14:37:32'),(460,14,450,80,'2020-10-13 14:37:32','2020-10-13 14:37:32'),(461,10,460,81,'2020-10-13 14:37:32','2020-10-13 14:37:32'),(462,10,460,82,'2020-10-13 14:37:32','2020-10-13 14:37:32'),(463,10,460,83,'2020-10-13 14:37:32','2020-10-13 14:37:32'),(464,10,460,84,'2020-10-13 14:37:32','2020-10-13 14:37:32'),(465,14,460,85,'2020-10-13 14:37:32','2020-10-13 14:37:32'),(466,14,460,86,'2020-10-13 14:37:32','2020-10-13 14:37:32'),(467,14,460,87,'2020-10-13 14:37:32','2020-10-13 14:37:32'),(468,14,460,88,'2020-10-13 14:37:32','2020-10-13 14:37:32'),(469,3,470,89,'2020-10-13 14:37:32','2020-10-13 14:37:32'),(470,3,470,90,'2020-10-13 14:37:32','2020-10-13 14:37:32'),(471,3,470,91,'2020-10-13 14:37:32','2020-10-13 14:37:32'),(472,3,470,92,'2020-10-13 14:37:32','2020-10-13 14:37:32'),(473,10,470,93,'2020-10-13 14:37:32','2020-10-13 14:37:32'),(474,10,470,94,'2020-10-13 14:37:32','2020-10-13 14:37:32'),(475,10,470,95,'2020-10-13 14:37:32','2020-10-13 14:37:32'),(476,10,470,96,'2020-10-13 14:37:33','2020-10-13 14:37:33'),(477,6,480,97,'2020-10-13 14:37:33','2020-10-13 14:37:33'),(478,6,480,98,'2020-10-13 14:37:33','2020-10-13 14:37:33'),(479,6,480,99,'2020-10-13 14:37:33','2020-10-13 14:37:33'),(480,6,480,100,'2020-10-13 14:37:33','2020-10-13 14:37:33'),(481,10,480,101,'2020-10-13 14:37:33','2020-10-13 14:37:33'),(482,10,480,102,'2020-10-13 14:37:33','2020-10-13 14:37:33'),(483,10,480,103,'2020-10-13 14:37:33','2020-10-13 14:37:33'),(484,10,480,104,'2020-10-13 14:37:33','2020-10-13 14:37:33'),(485,15,480,105,'2020-10-13 14:37:33','2020-10-13 14:37:33'),(486,15,480,106,'2020-10-13 14:37:33','2020-10-13 14:37:33'),(487,15,480,107,'2020-10-13 14:37:33','2020-10-13 14:37:33'),(488,15,480,108,'2020-10-13 14:37:33','2020-10-13 14:37:33'),(489,3,486,109,'2020-10-13 14:37:33','2020-10-13 14:37:33'),(490,3,486,110,'2020-10-13 14:37:33','2020-10-13 14:37:33'),(491,3,486,111,'2020-10-13 14:37:33','2020-10-13 14:37:33'),(492,3,486,112,'2020-10-13 14:37:33','2020-10-13 14:37:33'),(493,11,494,113,'2020-10-13 14:37:33','2020-10-13 14:37:33'),(494,11,494,114,'2020-10-13 14:37:33','2020-10-13 14:37:33'),(495,11,494,115,'2020-10-13 14:37:33','2020-10-13 14:37:33'),(496,11,494,116,'2020-10-13 14:37:33','2020-10-13 14:37:33'),(497,15,494,117,'2020-10-13 14:37:33','2020-10-13 14:37:33'),(498,15,494,118,'2020-10-13 14:37:33','2020-10-13 14:37:33'),(499,15,494,119,'2020-10-13 14:37:33','2020-10-13 14:37:33'),(500,15,494,120,'2020-10-13 14:37:33','2020-10-13 14:37:33'),(501,6,503,121,'2020-10-13 14:37:33','2020-10-13 14:37:33'),(502,6,503,122,'2020-10-13 14:37:33','2020-10-13 14:37:33'),(503,6,503,123,'2020-10-13 14:37:33','2020-10-13 14:37:33'),(504,6,503,124,'2020-10-13 14:37:33','2020-10-13 14:37:33'),(505,11,503,125,'2020-10-13 14:37:33','2020-10-13 14:37:33'),(506,11,503,126,'2020-10-13 14:37:33','2020-10-13 14:37:33'),(507,11,503,127,'2020-10-13 14:37:33','2020-10-13 14:37:33'),(508,11,503,128,'2020-10-13 14:37:33','2020-10-13 14:37:33'),(509,15,503,129,'2020-10-13 14:37:33','2020-10-13 14:37:33'),(510,15,503,130,'2020-10-13 14:37:33','2020-10-13 14:37:33'),(511,15,503,131,'2020-10-13 14:37:33','2020-10-13 14:37:33'),(512,15,503,132,'2020-10-13 14:37:33','2020-10-13 14:37:33'),(513,32,509,133,'2020-10-13 14:37:33','2020-10-13 14:37:33'),(514,32,509,134,'2020-10-13 14:37:33','2020-10-13 14:37:33'),(515,32,509,135,'2020-10-13 14:37:33','2020-10-13 14:37:33'),(516,32,509,136,'2020-10-13 14:37:33','2020-10-13 14:37:33'),(517,38,509,137,'2020-10-13 14:37:33','2020-10-13 14:37:33'),(518,38,509,138,'2020-10-13 14:37:33','2020-10-13 14:37:33'),(519,38,509,139,'2020-10-13 14:37:33','2020-10-13 14:37:33'),(520,38,509,140,'2020-10-13 14:37:33','2020-10-13 14:37:33'),(521,42,509,141,'2020-10-13 14:37:33','2020-10-13 14:37:33'),(522,42,509,142,'2020-10-13 14:37:33','2020-10-13 14:37:33'),(523,42,509,143,'2020-10-13 14:37:33','2020-10-13 14:37:33'),(524,42,509,144,'2020-10-13 14:37:33','2020-10-13 14:37:33'),(525,32,519,145,'2020-10-13 14:37:33','2020-10-13 14:37:33'),(526,32,519,146,'2020-10-13 14:37:33','2020-10-13 14:37:33'),(527,32,519,147,'2020-10-13 14:37:33','2020-10-13 14:37:33'),(528,32,519,148,'2020-10-13 14:37:33','2020-10-13 14:37:33'),(529,38,519,149,'2020-10-13 14:37:33','2020-10-13 14:37:33'),(530,38,519,150,'2020-10-13 14:37:33','2020-10-13 14:37:33'),(531,38,519,151,'2020-10-13 14:37:33','2020-10-13 14:37:33'),(532,38,519,152,'2020-10-13 14:37:33','2020-10-13 14:37:33'),(533,33,526,153,'2020-10-13 14:37:33','2020-10-13 14:37:33'),(534,33,526,154,'2020-10-13 14:37:33','2020-10-13 14:37:33'),(535,33,526,155,'2020-10-13 14:37:33','2020-10-13 14:37:33'),(536,33,526,156,'2020-10-13 14:37:33','2020-10-13 14:37:33'),(537,39,530,157,'2020-10-13 14:37:33','2020-10-13 14:37:33'),(538,39,530,158,'2020-10-13 14:37:33','2020-10-13 14:37:33'),(539,39,530,159,'2020-10-13 14:37:33','2020-10-13 14:37:33'),(540,39,530,160,'2020-10-13 14:37:33','2020-10-13 14:37:33'),(541,42,530,161,'2020-10-13 14:37:33','2020-10-13 14:37:33'),(542,42,530,162,'2020-10-13 14:37:33','2020-10-13 14:37:33'),(543,42,530,163,'2020-10-13 14:37:33','2020-10-13 14:37:33'),(544,42,530,164,'2020-10-13 14:37:33','2020-10-13 14:37:33'),(545,43,537,165,'2020-10-13 14:37:33','2020-10-13 14:37:33'),(546,43,537,166,'2020-10-13 14:37:33','2020-10-13 14:37:33'),(547,43,537,167,'2020-10-13 14:37:33','2020-10-13 14:37:33'),(548,43,537,168,'2020-10-13 14:37:33','2020-10-13 14:37:33'),(549,39,541,169,'2020-10-13 14:37:33','2020-10-13 14:37:33'),(550,39,541,170,'2020-10-13 14:37:33','2020-10-13 14:37:33'),(551,39,541,171,'2020-10-13 14:37:33','2020-10-13 14:37:33'),(552,39,541,172,'2020-10-13 14:37:33','2020-10-13 14:37:33'),(553,33,549,173,'2020-10-13 14:37:33','2020-10-13 14:37:33'),(554,33,549,174,'2020-10-13 14:37:33','2020-10-13 14:37:33'),(555,33,549,175,'2020-10-13 14:37:33','2020-10-13 14:37:33'),(556,33,549,176,'2020-10-13 14:37:33','2020-10-13 14:37:33'),(557,34,549,177,'2020-10-13 14:37:33','2020-10-13 14:37:33'),(558,34,549,178,'2020-10-13 14:37:33','2020-10-13 14:37:33'),(559,34,549,179,'2020-10-13 14:37:33','2020-10-13 14:37:33'),(560,34,549,180,'2020-10-13 14:37:33','2020-10-13 14:37:33'),(561,35,552,181,'2020-10-13 14:37:33','2020-10-13 14:37:33'),(562,35,552,182,'2020-10-13 14:37:33','2020-10-13 14:37:33'),(563,35,552,183,'2020-10-13 14:37:33','2020-10-13 14:37:33'),(564,35,552,184,'2020-10-13 14:37:33','2020-10-13 14:37:33'),(565,40,552,185,'2020-10-13 14:37:33','2020-10-13 14:37:33'),(566,40,552,186,'2020-10-13 14:37:33','2020-10-13 14:37:33'),(567,40,552,187,'2020-10-13 14:37:33','2020-10-13 14:37:33'),(568,40,552,188,'2020-10-13 14:37:33','2020-10-13 14:37:33'),(569,44,552,189,'2020-10-13 14:37:33','2020-10-13 14:37:33'),(570,44,552,190,'2020-10-13 14:37:33','2020-10-13 14:37:33'),(571,44,552,191,'2020-10-13 14:37:33','2020-10-13 14:37:33'),(572,44,552,192,'2020-10-13 14:37:33','2020-10-13 14:37:33'),(573,35,563,193,'2020-10-13 14:37:33','2020-10-13 14:37:33'),(574,35,563,194,'2020-10-13 14:37:33','2020-10-13 14:37:33'),(575,35,563,195,'2020-10-13 14:37:33','2020-10-13 14:37:33'),(576,35,563,196,'2020-10-13 14:37:33','2020-10-13 14:37:33'),(577,36,570,197,'2020-10-13 14:37:33','2020-10-13 14:37:33'),(578,36,570,198,'2020-10-13 14:37:33','2020-10-13 14:37:33'),(579,36,570,199,'2020-10-13 14:37:33','2020-10-13 14:37:33'),(580,36,570,200,'2020-10-13 14:37:33','2020-10-13 14:37:33'),(581,40,570,201,'2020-10-13 14:37:33','2020-10-13 14:37:33'),(582,40,570,202,'2020-10-13 14:37:33','2020-10-13 14:37:33'),(583,40,570,203,'2020-10-13 14:37:33','2020-10-13 14:37:33'),(584,40,570,204,'2020-10-13 14:37:33','2020-10-13 14:37:33'),(585,44,570,205,'2020-10-13 14:37:33','2020-10-13 14:37:33'),(586,44,570,206,'2020-10-13 14:37:33','2020-10-13 14:37:33'),(587,44,570,207,'2020-10-13 14:37:33','2020-10-13 14:37:33'),(588,44,570,208,'2020-10-13 14:37:33','2020-10-13 14:37:33'),(589,36,581,209,'2020-10-13 14:37:33','2020-10-13 14:37:33'),(590,36,581,210,'2020-10-13 14:37:33','2020-10-13 14:37:33'),(591,36,581,211,'2020-10-13 14:37:33','2020-10-13 14:37:33'),(592,36,581,212,'2020-10-13 14:37:33','2020-10-13 14:37:33'),(593,40,581,213,'2020-10-13 14:37:33','2020-10-13 14:37:33'),(594,40,581,214,'2020-10-13 14:37:33','2020-10-13 14:37:33'),(595,40,581,215,'2020-10-13 14:37:33','2020-10-13 14:37:33'),(596,40,581,216,'2020-10-13 14:37:33','2020-10-13 14:37:33'),(597,41,581,217,'2020-10-13 14:37:33','2020-10-13 14:37:33'),(598,41,581,218,'2020-10-13 14:37:33','2020-10-13 14:37:33'),(599,41,581,219,'2020-10-13 14:37:33','2020-10-13 14:37:33'),(600,41,581,220,'2020-10-13 14:37:33','2020-10-13 14:37:33'),(601,43,582,221,'2020-10-13 14:37:33','2020-10-13 14:37:33'),(602,43,582,222,'2020-10-13 14:37:33','2020-10-13 14:37:33'),(603,43,582,223,'2020-10-13 14:37:33','2020-10-13 14:37:33'),(604,43,582,224,'2020-10-13 14:37:33','2020-10-13 14:37:33'),(605,40,596,225,'2020-10-13 14:37:33','2020-10-13 14:37:33'),(606,40,596,226,'2020-10-13 14:37:33','2020-10-13 14:37:33'),(607,40,596,227,'2020-10-13 14:37:33','2020-10-13 14:37:33'),(608,40,596,228,'2020-10-13 14:37:33','2020-10-13 14:37:33'),(609,42,598,229,'2020-10-13 14:37:33','2020-10-13 14:37:33'),(610,42,598,230,'2020-10-13 14:37:33','2020-10-13 14:37:33'),(611,42,598,231,'2020-10-13 14:37:33','2020-10-13 14:37:33'),(612,42,598,232,'2020-10-13 14:37:33','2020-10-13 14:37:33'),(613,34,607,233,'2020-10-13 14:37:33','2020-10-13 14:37:33'),(614,34,607,234,'2020-10-13 14:37:33','2020-10-13 14:37:33'),(615,34,607,235,'2020-10-13 14:37:33','2020-10-13 14:37:33'),(616,34,607,236,'2020-10-13 14:37:33','2020-10-13 14:37:33'),(617,37,607,237,'2020-10-13 14:37:33','2020-10-13 14:37:33'),(618,37,607,238,'2020-10-13 14:37:33','2020-10-13 14:37:33'),(619,37,607,239,'2020-10-13 14:37:33','2020-10-13 14:37:33'),(620,37,607,240,'2020-10-13 14:37:33','2020-10-13 14:37:33'),(621,41,607,241,'2020-10-13 14:37:33','2020-10-13 14:37:33'),(622,41,607,242,'2020-10-13 14:37:33','2020-10-13 14:37:33'),(623,41,607,243,'2020-10-13 14:37:33','2020-10-13 14:37:33'),(624,41,607,244,'2020-10-13 14:37:33','2020-10-13 14:37:33'),(625,37,619,245,'2020-10-13 14:37:33','2020-10-13 14:37:33'),(626,37,619,246,'2020-10-13 14:37:33','2020-10-13 14:37:33'),(627,37,619,247,'2020-10-13 14:37:33','2020-10-13 14:37:33'),(628,37,619,248,'2020-10-13 14:37:33','2020-10-13 14:37:33'),(629,41,619,249,'2020-10-13 14:37:33','2020-10-13 14:37:33'),(630,41,619,250,'2020-10-13 14:37:33','2020-10-13 14:37:33'),(631,41,619,251,'2020-10-13 14:37:33','2020-10-13 14:37:33'),(632,41,619,252,'2020-10-13 14:37:33','2020-10-13 14:37:33'),(633,60,636,253,'2020-10-13 14:37:33','2020-10-13 14:37:33'),(634,60,636,254,'2020-10-13 14:37:33','2020-10-13 14:37:33'),(635,60,636,255,'2020-10-13 14:37:33','2020-10-13 14:37:33'),(636,60,636,256,'2020-10-13 14:37:33','2020-10-13 14:37:33'),(637,71,636,257,'2020-10-13 14:37:33','2020-10-13 14:37:33'),(638,71,636,258,'2020-10-13 14:37:33','2020-10-13 14:37:33'),(639,71,636,259,'2020-10-13 14:37:33','2020-10-13 14:37:33'),(640,71,636,260,'2020-10-13 14:37:33','2020-10-13 14:37:33'),(641,73,636,261,'2020-10-13 14:37:33','2020-10-13 14:37:33'),(642,73,636,262,'2020-10-13 14:37:33','2020-10-13 14:37:33'),(643,73,636,263,'2020-10-13 14:37:33','2020-10-13 14:37:33'),(644,73,636,264,'2020-10-13 14:37:33','2020-10-13 14:37:33'),(645,60,643,265,'2020-10-13 14:37:33','2020-10-13 14:37:33'),(646,60,643,266,'2020-10-13 14:37:33','2020-10-13 14:37:33'),(647,60,643,267,'2020-10-13 14:37:33','2020-10-13 14:37:33'),(648,60,643,268,'2020-10-13 14:37:33','2020-10-13 14:37:33'),(649,71,646,269,'2020-10-13 14:37:33','2020-10-13 14:37:33'),(650,71,646,270,'2020-10-13 14:37:33','2020-10-13 14:37:33'),(651,71,646,271,'2020-10-13 14:37:33','2020-10-13 14:37:33'),(652,71,646,272,'2020-10-13 14:37:33','2020-10-13 14:37:33'),(653,65,651,273,'2020-10-13 14:37:33','2020-10-13 14:37:33'),(654,65,651,274,'2020-10-13 14:37:33','2020-10-13 14:37:33'),(655,65,651,275,'2020-10-13 14:37:33','2020-10-13 14:37:33'),(656,65,651,276,'2020-10-13 14:37:33','2020-10-13 14:37:33'),(657,61,654,277,'2020-10-13 14:37:33','2020-10-13 14:37:33'),(658,61,654,278,'2020-10-13 14:37:33','2020-10-13 14:37:33'),(659,61,654,279,'2020-10-13 14:37:33','2020-10-13 14:37:33'),(660,61,654,280,'2020-10-13 14:37:33','2020-10-13 14:37:33'),(661,62,661,281,'2020-10-13 14:37:33','2020-10-13 14:37:33'),(662,62,661,282,'2020-10-13 14:37:33','2020-10-13 14:37:33'),(663,62,661,283,'2020-10-13 14:37:33','2020-10-13 14:37:33'),(664,62,661,284,'2020-10-13 14:37:33','2020-10-13 14:37:33'),(665,66,661,285,'2020-10-13 14:37:33','2020-10-13 14:37:33'),(666,66,661,286,'2020-10-13 14:37:33','2020-10-13 14:37:33'),(667,66,661,287,'2020-10-13 14:37:33','2020-10-13 14:37:33'),(668,66,661,288,'2020-10-13 14:37:33','2020-10-13 14:37:33'),(669,68,664,289,'2020-10-13 14:37:33','2020-10-13 14:37:33'),(670,68,664,290,'2020-10-13 14:37:33','2020-10-13 14:37:33'),(671,68,664,291,'2020-10-13 14:37:34','2020-10-13 14:37:34'),(672,68,664,292,'2020-10-13 14:37:34','2020-10-13 14:37:34'),(673,73,664,293,'2020-10-13 14:37:34','2020-10-13 14:37:34'),(674,73,664,294,'2020-10-13 14:37:34','2020-10-13 14:37:34'),(675,73,664,295,'2020-10-13 14:37:34','2020-10-13 14:37:34'),(676,73,664,296,'2020-10-13 14:37:34','2020-10-13 14:37:34'),(677,68,670,297,'2020-10-13 14:37:34','2020-10-13 14:37:34'),(678,68,670,298,'2020-10-13 14:37:34','2020-10-13 14:37:34'),(679,68,670,299,'2020-10-13 14:37:34','2020-10-13 14:37:34'),(680,68,670,300,'2020-10-13 14:37:34','2020-10-13 14:37:34'),(681,62,677,301,'2020-10-13 14:37:34','2020-10-13 14:37:34'),(682,62,677,302,'2020-10-13 14:37:34','2020-10-13 14:37:34'),(683,62,677,303,'2020-10-13 14:37:34','2020-10-13 14:37:34'),(684,62,677,304,'2020-10-13 14:37:34','2020-10-13 14:37:34'),(685,66,677,305,'2020-10-13 14:37:34','2020-10-13 14:37:34'),(686,66,677,306,'2020-10-13 14:37:34','2020-10-13 14:37:34'),(687,66,677,307,'2020-10-13 14:37:34','2020-10-13 14:37:34'),(688,66,677,308,'2020-10-13 14:37:34','2020-10-13 14:37:34'),(689,62,679,309,'2020-10-13 14:37:34','2020-10-13 14:37:34'),(690,62,679,310,'2020-10-13 14:37:34','2020-10-13 14:37:34'),(691,62,679,311,'2020-10-13 14:37:34','2020-10-13 14:37:34'),(692,62,679,312,'2020-10-13 14:37:34','2020-10-13 14:37:34'),(693,73,679,313,'2020-10-13 14:37:34','2020-10-13 14:37:34'),(694,73,679,314,'2020-10-13 14:37:34','2020-10-13 14:37:34'),(695,73,679,315,'2020-10-13 14:37:34','2020-10-13 14:37:34'),(696,73,679,316,'2020-10-13 14:37:34','2020-10-13 14:37:34'),(697,69,685,317,'2020-10-13 14:37:34','2020-10-13 14:37:34'),(698,69,685,318,'2020-10-13 14:37:34','2020-10-13 14:37:34'),(699,69,685,319,'2020-10-13 14:37:34','2020-10-13 14:37:34'),(700,69,685,320,'2020-10-13 14:37:34','2020-10-13 14:37:34'),(701,63,686,321,'2020-10-13 14:37:34','2020-10-13 14:37:34'),(702,63,686,322,'2020-10-13 14:37:34','2020-10-13 14:37:34'),(703,63,686,323,'2020-10-13 14:37:34','2020-10-13 14:37:34'),(704,63,686,324,'2020-10-13 14:37:34','2020-10-13 14:37:34'),(705,74,686,325,'2020-10-13 14:37:34','2020-10-13 14:37:34'),(706,74,686,326,'2020-10-13 14:37:34','2020-10-13 14:37:34'),(707,74,686,327,'2020-10-13 14:37:34','2020-10-13 14:37:34'),(708,74,686,328,'2020-10-13 14:37:34','2020-10-13 14:37:34'),(709,67,692,329,'2020-10-13 14:37:34','2020-10-13 14:37:34'),(710,67,692,330,'2020-10-13 14:37:34','2020-10-13 14:37:34'),(711,67,692,331,'2020-10-13 14:37:34','2020-10-13 14:37:34'),(712,67,692,332,'2020-10-13 14:37:34','2020-10-13 14:37:34'),(713,69,692,333,'2020-10-13 14:37:34','2020-10-13 14:37:34'),(714,69,692,334,'2020-10-13 14:37:34','2020-10-13 14:37:34'),(715,69,692,335,'2020-10-13 14:37:34','2020-10-13 14:37:34'),(716,69,692,336,'2020-10-13 14:37:34','2020-10-13 14:37:34'),(717,74,694,337,'2020-10-13 14:37:34','2020-10-13 14:37:34'),(718,74,694,338,'2020-10-13 14:37:34','2020-10-13 14:37:34'),(719,74,694,339,'2020-10-13 14:37:34','2020-10-13 14:37:34'),(720,74,694,340,'2020-10-13 14:37:34','2020-10-13 14:37:34'),(721,70,699,341,'2020-10-13 14:37:34','2020-10-13 14:37:34'),(722,70,699,342,'2020-10-13 14:37:34','2020-10-13 14:37:34'),(723,70,699,343,'2020-10-13 14:37:34','2020-10-13 14:37:34'),(724,70,699,344,'2020-10-13 14:37:34','2020-10-13 14:37:34'),(725,72,699,345,'2020-10-13 14:37:34','2020-10-13 14:37:34'),(726,72,699,346,'2020-10-13 14:37:34','2020-10-13 14:37:34'),(727,72,699,347,'2020-10-13 14:37:34','2020-10-13 14:37:34'),(728,72,699,348,'2020-10-13 14:37:34','2020-10-13 14:37:34'),(729,66,700,349,'2020-10-13 14:37:34','2020-10-13 14:37:34'),(730,66,700,350,'2020-10-13 14:37:34','2020-10-13 14:37:34'),(731,66,700,351,'2020-10-13 14:37:34','2020-10-13 14:37:34'),(732,66,700,352,'2020-10-13 14:37:34','2020-10-13 14:37:34'),(733,72,700,353,'2020-10-13 14:37:34','2020-10-13 14:37:34'),(734,72,700,354,'2020-10-13 14:37:34','2020-10-13 14:37:34'),(735,72,700,355,'2020-10-13 14:37:34','2020-10-13 14:37:34'),(736,72,700,356,'2020-10-13 14:37:34','2020-10-13 14:37:34'),(737,70,706,357,'2020-10-13 14:37:34','2020-10-13 14:37:34'),(738,70,706,358,'2020-10-13 14:37:34','2020-10-13 14:37:34'),(739,70,706,359,'2020-10-13 14:37:34','2020-10-13 14:37:34'),(740,70,706,360,'2020-10-13 14:37:34','2020-10-13 14:37:34'),(741,64,709,361,'2020-10-13 14:37:34','2020-10-13 14:37:34'),(742,64,709,362,'2020-10-13 14:37:34','2020-10-13 14:37:34'),(743,64,709,363,'2020-10-13 14:37:34','2020-10-13 14:37:34'),(744,64,709,364,'2020-10-13 14:37:34','2020-10-13 14:37:34'),(745,72,709,365,'2020-10-13 14:37:34','2020-10-13 14:37:34'),(746,72,709,366,'2020-10-13 14:37:34','2020-10-13 14:37:34'),(747,72,709,367,'2020-10-13 14:37:34','2020-10-13 14:37:34'),(748,72,709,368,'2020-10-13 14:37:34','2020-10-13 14:37:34'),(749,75,718,369,'2020-10-13 14:37:34','2020-10-13 14:37:34'),(750,75,718,370,'2020-10-13 14:37:34','2020-10-13 14:37:34'),(751,75,718,371,'2020-10-13 14:37:34','2020-10-13 14:37:34'),(752,75,718,372,'2020-10-13 14:37:34','2020-10-13 14:37:34'),(753,61,719,373,'2020-10-13 14:37:34','2020-10-13 14:37:34'),(754,61,719,374,'2020-10-13 14:37:34','2020-10-13 14:37:34'),(755,61,719,375,'2020-10-13 14:37:34','2020-10-13 14:37:34'),(756,61,719,376,'2020-10-13 14:37:34','2020-10-13 14:37:34'),(757,67,719,377,'2020-10-13 14:37:34','2020-10-13 14:37:34'),(758,67,719,378,'2020-10-13 14:37:34','2020-10-13 14:37:34'),(759,67,719,379,'2020-10-13 14:37:34','2020-10-13 14:37:34'),(760,67,719,380,'2020-10-13 14:37:34','2020-10-13 14:37:34'),(761,64,727,381,'2020-10-13 14:37:34','2020-10-13 14:37:34'),(762,64,727,382,'2020-10-13 14:37:34','2020-10-13 14:37:34'),(763,64,727,383,'2020-10-13 14:37:34','2020-10-13 14:37:34'),(764,64,727,384,'2020-10-13 14:37:34','2020-10-13 14:37:34'),(765,64,727,385,'2020-10-13 14:37:34','2020-10-13 14:37:34'),(766,64,727,386,'2020-10-13 14:37:34','2020-10-13 14:37:34'),(767,64,727,387,'2020-10-13 14:37:34','2020-10-13 14:37:34'),(768,64,727,388,'2020-10-13 14:37:34','2020-10-13 14:37:34'),(769,67,727,389,'2020-10-13 14:37:34','2020-10-13 14:37:34'),(770,67,727,390,'2020-10-13 14:37:34','2020-10-13 14:37:34'),(771,67,727,391,'2020-10-13 14:37:34','2020-10-13 14:37:34'),(772,67,727,392,'2020-10-13 14:37:34','2020-10-13 14:37:34');
/*!40000 ALTER TABLE `criterion_activity_goal` ENABLE KEYS */;
UNLOCK TABLES;

--
-- Table structure for table `custom_field`
--

DROP TABLE IF EXISTS `custom_field`;
/*!40101 SET @saved_cs_client     = @@character_set_client */;
/*!40101 SET character_set_client = utf8 */;
CREATE TABLE `custom_field` (
  `id` bigint(20) unsigned NOT NULL AUTO_INCREMENT,
  `custom_field_type_id` tinyint(3) unsigned NOT NULL,
  `key` text COLLATE utf8mb4_unicode_ci NOT NULL,
  `name` text COLLATE utf8mb4_unicode_ci DEFAULT NULL,
  `created_at` timestamp NULL DEFAULT NULL,
  `updated_at` timestamp NULL DEFAULT NULL,
  PRIMARY KEY (`id`),
  KEY `custom_field_custom_field_type_id_index` (`custom_field_type_id`),
  CONSTRAINT `custom_field_custom_field_type_id_foreign` FOREIGN KEY (`custom_field_type_id`) REFERENCES `custom_field_type` (`id`)
) ENGINE=InnoDB AUTO_INCREMENT=33 DEFAULT CHARSET=utf8mb4 COLLATE=utf8mb4_unicode_ci;
/*!40101 SET character_set_client = @saved_cs_client */;

--
-- Dumping data for table `custom_field`
--

LOCK TABLES `custom_field` WRITE;
/*!40000 ALTER TABLE `custom_field` DISABLE KEYS */;
INSERT INTO `custom_field` VALUES (1,1,'grupoEtnico','Grupo Étnico','2020-10-13 14:39:10','2020-10-13 14:39:10'),(2,1,'discapacidad','Discapacidad','2020-10-13 14:39:10','2020-10-13 14:39:10'),(3,1,'poblacionVulnerable','Población Vulnerable','2020-10-13 14:39:10','2020-10-13 14:39:10'),(4,1,'periodoest','Periodicidad Tecnoacademia','2020-10-13 14:39:10','2020-10-13 14:39:10'),(5,1,'tipformlinestuno','Tipo Formación Línea Tecnoacademia Inicial','2020-10-13 14:39:10','2020-10-13 14:39:10'),(6,1,'estadouno','Estado Línea Tecnoacademia Inicial','2020-10-13 14:39:10','2020-10-13 14:39:10'),(7,1,'fexp','Fecha Expedición Documento','2020-10-13 14:39:10','2020-10-13 14:39:10'),(8,1,'tipodoc','Tipo de Documento','2020-10-13 14:39:10','2020-10-13 14:39:10'),(9,1,'fnac','Fecha Nacimiento','2020-10-13 14:39:10','2020-10-13 14:39:10'),(10,1,'numident','Número de Identidad','2020-10-13 14:39:10','2020-10-13 14:39:10'),(11,1,'munexp','Lugar de Expedición Documento','2020-10-13 14:39:10','2020-10-13 14:39:10'),(12,1,'fvenc','Fecha de Vencimiento Documento','2020-10-13 14:39:11','2020-10-13 14:39:11'),(13,1,'fingre','Fecha Registro Sistema Tecnoacademias','2020-10-13 14:39:11','2020-10-13 14:39:11'),(14,1,'munnac','Lugar de Nacimiento','2020-10-13 14:39:11','2020-10-13 14:39:11'),(15,1,'genero','Género','2020-10-13 14:39:11','2020-10-13 14:39:11'),(16,1,'estrato','Estrato Socioeconómico','2020-10-13 14:39:11','2020-10-13 14:39:11'),(17,1,'fechestadouno','Fecha Estado Línea Tecnoacademia Inicial','2020-10-13 14:39:11','2020-10-13 14:39:11'),(18,1,'lineados','Línea Tecnoacademia Secundaria','2020-10-13 14:39:11','2020-10-13 14:39:11'),(19,1,'tipformlinestdos','Tipo Formación Línea Tecnoacademia Secundaria','2020-10-13 14:39:11','2020-10-13 14:39:11'),(20,1,'epsestud','EPS de Afiliación','2020-10-13 14:39:11','2020-10-13 14:39:11'),(21,1,'estadodos','Estado Línea Tecnoacademia Secundaria','2020-10-13 14:39:11','2020-10-13 14:39:11'),(22,1,'gsyrh','Grupo Sanguíneo - Rh','2020-10-13 14:39:11','2020-10-13 14:39:11'),(23,1,'telfijo','Teléfono Fijo','2020-10-13 14:39:11','2020-10-13 14:39:11'),(24,1,'telcelular','Teléfono Celular','2020-10-13 14:39:11','2020-10-13 14:39:11'),(25,1,'dir','Dirección Residencia','2020-10-13 14:39:11','2020-10-13 14:39:11'),(26,1,'nomacud','Nombres y Apellidos Acudiente','2020-10-13 14:39:11','2020-10-13 14:39:11'),(27,1,'telacud','Teléfono Acudiente','2020-10-13 14:39:11','2020-10-13 14:39:11'),(28,1,'grado','Grado de Escolaridad','2020-10-13 14:39:11','2020-10-13 14:39:11'),(29,1,'tecnoacademia','Tecnoacademia Itinerante','2020-10-13 14:39:11','2020-10-13 14:39:11'),(30,1,'lineauno','Línea Tecnoacademia Inicial','2020-10-13 14:39:11','2020-10-13 14:39:11'),(31,1,'subareauno','Sub-Área Línea Tecnoacademia Inicial','2020-10-13 14:39:11','2020-10-13 14:39:11'),(32,1,'fechestadodos','Fecha Estado Línea Tecnoacademia Secundaria','2020-10-13 14:39:11','2020-10-13 14:39:11');
/*!40000 ALTER TABLE `custom_field` ENABLE KEYS */;
UNLOCK TABLES;

--
-- Table structure for table `custom_field_course`
--

DROP TABLE IF EXISTS `custom_field_course`;
/*!40101 SET @saved_cs_client     = @@character_set_client */;
/*!40101 SET character_set_client = utf8 */;
CREATE TABLE `custom_field_course` (
  `id` bigint(20) unsigned NOT NULL AUTO_INCREMENT,
  `custom_field_id` bigint(20) unsigned NOT NULL,
  `course_id` bigint(20) unsigned NOT NULL,
  `value` text COLLATE utf8mb4_unicode_ci NOT NULL,
  `created_at` timestamp NULL DEFAULT NULL,
  `updated_at` timestamp NULL DEFAULT NULL,
  PRIMARY KEY (`id`),
  KEY `custom_field_course_custom_field_id_index` (`custom_field_id`),
  KEY `custom_field_course_course_id_index` (`course_id`),
  CONSTRAINT `custom_field_course_course_id_foreign` FOREIGN KEY (`course_id`) REFERENCES `course` (`id`),
  CONSTRAINT `custom_field_course_custom_field_id_foreign` FOREIGN KEY (`custom_field_id`) REFERENCES `custom_field` (`id`)
) ENGINE=InnoDB DEFAULT CHARSET=utf8mb4 COLLATE=utf8mb4_unicode_ci;
/*!40101 SET character_set_client = @saved_cs_client */;

--
-- Dumping data for table `custom_field_course`
--

LOCK TABLES `custom_field_course` WRITE;
/*!40000 ALTER TABLE `custom_field_course` DISABLE KEYS */;
/*!40000 ALTER TABLE `custom_field_course` ENABLE KEYS */;
UNLOCK TABLES;

--
-- Table structure for table `custom_field_educational_institution`
--

DROP TABLE IF EXISTS `custom_field_educational_institution`;
/*!40101 SET @saved_cs_client     = @@character_set_client */;
/*!40101 SET character_set_client = utf8 */;
CREATE TABLE `custom_field_educational_institution` (
  `id` bigint(20) unsigned NOT NULL AUTO_INCREMENT,
  `custom_field_id` bigint(20) unsigned NOT NULL,
  `educational_institution_id` int(10) unsigned NOT NULL,
  `value` text COLLATE utf8mb4_unicode_ci NOT NULL,
  `created_at` timestamp NULL DEFAULT NULL,
  `updated_at` timestamp NULL DEFAULT NULL,
  PRIMARY KEY (`id`),
  KEY `custom_field_educational_institution_custom_field_id_index` (`custom_field_id`),
  KEY `idx_custom_field_institution` (`educational_institution_id`),
  CONSTRAINT `custom_field_educational_institution_custom_field_id_foreign` FOREIGN KEY (`custom_field_id`) REFERENCES `custom_field` (`id`),
  CONSTRAINT `fk_custom_field_institution` FOREIGN KEY (`educational_institution_id`) REFERENCES `educational_institution` (`id`)
) ENGINE=InnoDB DEFAULT CHARSET=utf8mb4 COLLATE=utf8mb4_unicode_ci;
/*!40101 SET character_set_client = @saved_cs_client */;

--
-- Dumping data for table `custom_field_educational_institution`
--

LOCK TABLES `custom_field_educational_institution` WRITE;
/*!40000 ALTER TABLE `custom_field_educational_institution` DISABLE KEYS */;
/*!40000 ALTER TABLE `custom_field_educational_institution` ENABLE KEYS */;
UNLOCK TABLES;

--
-- Table structure for table `custom_field_type`
--

DROP TABLE IF EXISTS `custom_field_type`;
/*!40101 SET @saved_cs_client     = @@character_set_client */;
/*!40101 SET character_set_client = utf8 */;
CREATE TABLE `custom_field_type` (
  `id` tinyint(3) unsigned NOT NULL AUTO_INCREMENT,
  `name` text COLLATE utf8mb4_unicode_ci NOT NULL,
  `created_at` timestamp NULL DEFAULT NULL,
  `updated_at` timestamp NULL DEFAULT NULL,
  PRIMARY KEY (`id`)
) ENGINE=InnoDB AUTO_INCREMENT=5 DEFAULT CHARSET=utf8mb4 COLLATE=utf8mb4_unicode_ci;
/*!40101 SET character_set_client = @saved_cs_client */;

--
-- Dumping data for table `custom_field_type`
--

LOCK TABLES `custom_field_type` WRITE;
/*!40000 ALTER TABLE `custom_field_type` DISABLE KEYS */;
INSERT INTO `custom_field_type` VALUES (1,'string','2020-10-13 14:37:34','2020-10-13 14:37:34'),(2,'int','2020-10-13 14:37:34','2020-10-13 14:37:34'),(3,'float','2020-10-13 14:37:34','2020-10-13 14:37:34'),(4,'array','2020-10-13 14:37:34','2020-10-13 14:37:34');
/*!40000 ALTER TABLE `custom_field_type` ENABLE KEYS */;
UNLOCK TABLES;

--
-- Table structure for table `custom_field_user_role`
--

DROP TABLE IF EXISTS `custom_field_user_role`;
/*!40101 SET @saved_cs_client     = @@character_set_client */;
/*!40101 SET character_set_client = utf8 */;
CREATE TABLE `custom_field_user_role` (
  `id` bigint(20) unsigned NOT NULL AUTO_INCREMENT,
  `custom_field_id` bigint(20) unsigned NOT NULL,
  `user_role_id` bigint(20) unsigned NOT NULL,
  `value` text COLLATE utf8mb4_unicode_ci NOT NULL,
  `created_at` timestamp NULL DEFAULT NULL,
  `updated_at` timestamp NULL DEFAULT NULL,
  PRIMARY KEY (`id`),
  KEY `custom_field_user_role_custom_field_id_index` (`custom_field_id`),
  KEY `custom_field_user_role_user_role_id_index` (`user_role_id`),
  CONSTRAINT `custom_field_user_role_custom_field_id_foreign` FOREIGN KEY (`custom_field_id`) REFERENCES `custom_field` (`id`),
  CONSTRAINT `custom_field_user_role_user_role_id_foreign` FOREIGN KEY (`user_role_id`) REFERENCES `user_role` (`id`)
) ENGINE=InnoDB AUTO_INCREMENT=455 DEFAULT CHARSET=utf8mb4 COLLATE=utf8mb4_unicode_ci;
/*!40101 SET character_set_client = @saved_cs_client */;

--
-- Dumping data for table `custom_field_user_role`
--

LOCK TABLES `custom_field_user_role` WRITE;
/*!40000 ALTER TABLE `custom_field_user_role` DISABLE KEYS */;
INSERT INTO `custom_field_user_role` VALUES (1,1,11,'1 - Ninguna','2020-10-13 14:39:10','2020-10-13 14:39:10'),(2,2,11,'1 - Ninguna','2020-10-13 14:39:10','2020-10-13 14:39:10'),(3,3,11,'1 - Ninguna','2020-10-13 14:39:10','2020-10-13 14:39:10'),(4,4,11,'ANUAL','2020-10-13 14:39:10','2020-10-13 14:39:10'),(5,5,11,'1 - Formación','2020-10-13 14:39:10','2020-10-13 14:39:10'),(6,6,11,'1 - En formación','2020-10-13 14:39:10','2020-10-13 14:39:10'),(7,7,12,'1594011600','2020-10-13 14:39:10','2020-10-13 14:39:10'),(8,8,13,'TI','2020-10-13 14:39:10','2020-10-13 14:39:10'),(9,9,12,'1594011600','2020-10-13 14:39:10','2020-10-13 14:39:10'),(10,10,13,'123123123','2020-10-13 14:39:10','2020-10-13 14:39:10'),(11,1,12,'1 - Ninguna','2020-10-13 14:39:10','2020-10-13 14:39:10'),(12,2,12,'1 - Ninguna','2020-10-13 14:39:11','2020-10-13 14:39:11'),(13,11,13,'91430 - Amazonas - La Victoria','2020-10-13 14:39:11','2020-10-13 14:39:11'),(14,7,14,'1600318800','2020-10-13 14:39:11','2020-10-13 14:39:11'),(15,7,13,'978325200','2020-10-13 14:39:11','2020-10-13 14:39:11'),(16,3,12,'1 - Ninguna','2020-10-13 14:39:11','2020-10-13 14:39:11'),(17,9,14,'1600318800','2020-10-13 14:39:11','2020-10-13 14:39:11'),(18,12,13,'978325200','2020-10-13 14:39:11','2020-10-13 14:39:11'),(19,1,14,'1 - Ninguna','2020-10-13 14:39:11','2020-10-13 14:39:11'),(20,9,13,'978325200','2020-10-13 14:39:11','2020-10-13 14:39:11'),(21,13,12,'1594011600','2020-10-13 14:39:11','2020-10-13 14:39:11'),(22,2,14,'1 - Ninguna','2020-10-13 14:39:11','2020-10-13 14:39:11'),(23,4,12,'ANUAL','2020-10-13 14:39:11','2020-10-13 14:39:11'),(24,14,13,'91430 - Amazonas - La Victoria','2020-10-13 14:39:11','2020-10-13 14:39:11'),(25,3,14,'1 - Ninguna','2020-10-13 14:39:11','2020-10-13 14:39:11'),(26,5,12,'1 - Formación','2020-10-13 14:39:11','2020-10-13 14:39:11'),(27,15,13,'Masculino','2020-10-13 14:39:11','2020-10-13 14:39:11'),(28,13,14,'1600318800','2020-10-13 14:39:11','2020-10-13 14:39:11'),(29,6,12,'1 - En formación','2020-10-13 14:39:11','2020-10-13 14:39:11'),(30,7,15,'1598936400','2020-10-13 14:39:11','2020-10-13 14:39:11'),(31,4,14,'ANUAL','2020-10-13 14:39:11','2020-10-13 14:39:11'),(32,16,13,'3','2020-10-13 14:39:11','2020-10-13 14:39:11'),(33,17,12,'1594011600','2020-10-13 14:39:11','2020-10-13 14:39:11'),(34,9,15,'1598936400','2020-10-13 14:39:11','2020-10-13 14:39:11'),(35,1,13,'1 - Ninguna','2020-10-13 14:39:11','2020-10-13 14:39:11'),(36,5,14,'1 - Formación','2020-10-13 14:39:11','2020-10-13 14:39:11'),(37,1,15,'1 - Ninguna','2020-10-13 14:39:11','2020-10-13 14:39:11'),(38,2,13,'1 - Ninguna','2020-10-13 14:39:11','2020-10-13 14:39:11'),(39,2,15,'1 - Ninguna','2020-10-13 14:39:11','2020-10-13 14:39:11'),(40,18,12,'1 - Ingeniería','2020-10-13 14:39:11','2020-10-13 14:39:11'),(41,6,14,'1 - En formación','2020-10-13 14:39:11','2020-10-13 14:39:11'),(42,3,13,'1 - Ninguna','2020-10-13 14:39:11','2020-10-13 14:39:11'),(43,3,15,'1 - Ninguna','2020-10-13 14:39:11','2020-10-13 14:39:11'),(44,17,14,'1600318800','2020-10-13 14:39:11','2020-10-13 14:39:11'),(45,19,12,'1 - Formación','2020-10-13 14:39:11','2020-10-13 14:39:11'),(46,13,15,'1598936400','2020-10-13 14:39:11','2020-10-13 14:39:11'),(47,20,13,'N/A','2020-10-13 14:39:11','2020-10-13 14:39:11'),(48,4,15,'ANUAL','2020-10-13 14:39:11','2020-10-13 14:39:11'),(49,21,12,'1 - En formación','2020-10-13 14:39:11','2020-10-13 14:39:11'),(50,5,15,'1 - Formación','2020-10-13 14:39:11','2020-10-13 14:39:11'),(51,22,13,'1 - A+','2020-10-13 14:39:11','2020-10-13 14:39:11'),(52,6,15,'1 - En formación','2020-10-13 14:39:11','2020-10-13 14:39:11'),(53,23,13,'56756756','2020-10-13 14:39:11','2020-10-13 14:39:11'),(54,17,15,'1598936400','2020-10-13 14:39:11','2020-10-13 14:39:11'),(55,24,13,'56756756','2020-10-13 14:39:11','2020-10-13 14:39:11'),(56,8,16,'CC','2020-10-13 14:39:11','2020-10-13 14:39:11'),(57,25,13,'fdgdfg dfgfdg dffd','2020-10-13 14:39:11','2020-10-13 14:39:11'),(58,10,16,'123123123','2020-10-13 14:39:11','2020-10-13 14:39:11'),(59,11,16,'91263 - Amazonas - El Encanto','2020-10-13 14:39:11','2020-10-13 14:39:11'),(60,26,13,'fgdf gdfgdfg','2020-10-13 14:39:11','2020-10-13 14:39:11'),(61,7,16,'-1580670000','2020-10-13 14:39:11','2020-10-13 14:39:11'),(62,12,16,'-2211735824','2020-10-13 14:39:11','2020-10-13 14:39:11'),(63,27,13,'34534534','2020-10-13 14:39:11','2020-10-13 14:39:11'),(64,9,16,'-1580670000','2020-10-13 14:39:11','2020-10-13 14:39:11'),(65,28,13,'7 - Otro','2020-10-13 14:39:11','2020-10-13 14:39:11'),(66,14,16,'91263 - Amazonas - El Encanto','2020-10-13 14:39:11','2020-10-13 14:39:11'),(67,13,13,'978325200','2020-10-13 14:39:11','2020-10-13 14:39:11'),(68,15,16,'Masculino','2020-10-13 14:39:11','2020-10-13 14:39:11'),(69,29,13,'4 - Tecnoacademia Itinerante Cauca','2020-10-13 14:39:11','2020-10-13 14:39:11'),(70,16,16,'1','2020-10-13 14:39:11','2020-10-13 14:39:11'),(71,4,13,'ANUAL','2020-10-13 14:39:11','2020-10-13 14:39:11'),(72,1,16,'1 - Ninguna','2020-10-13 14:39:11','2020-10-13 14:39:11'),(73,30,13,'2 - TICS','2020-10-13 14:39:11','2020-10-13 14:39:11'),(74,2,16,'1 - Ninguna','2020-10-13 14:39:11','2020-10-13 14:39:11'),(75,31,13,'dfgdgdf','2020-10-13 14:39:11','2020-10-13 14:39:11'),(76,7,17,'1600318800','2020-10-13 14:39:11','2020-10-13 14:39:11'),(77,5,13,'1 - Formación','2020-10-13 14:39:11','2020-10-13 14:39:11'),(78,3,16,'1 - Ninguna','2020-10-13 14:39:11','2020-10-13 14:39:11'),(79,7,18,'1600318800','2020-10-13 14:39:11','2020-10-13 14:39:11'),(80,9,17,'1600318800','2020-10-13 14:39:11','2020-10-13 14:39:11'),(81,6,13,'1 - En formación','2020-10-13 14:39:11','2020-10-13 14:39:11'),(82,9,18,'1600318800','2020-10-13 14:39:11','2020-10-13 14:39:11'),(83,1,17,'1 - Ninguna','2020-10-13 14:39:11','2020-10-13 14:39:11'),(84,1,18,'1 - Ninguna','2020-10-13 14:39:11','2020-10-13 14:39:11'),(85,20,16,'N/A','2020-10-13 14:39:11','2020-10-13 14:39:11'),(86,17,13,'978325200','2020-10-13 14:39:11','2020-10-13 14:39:11'),(87,2,17,'1 - Ninguna','2020-10-13 14:39:11','2020-10-13 14:39:11'),(88,2,18,'1 - Ninguna','2020-10-13 14:39:11','2020-10-13 14:39:11'),(89,3,17,'1 - Ninguna','2020-10-13 14:39:11','2020-10-13 14:39:11'),(90,22,16,'1 - A+','2020-10-13 14:39:11','2020-10-13 14:39:11'),(91,3,18,'1 - Ninguna','2020-10-13 14:39:11','2020-10-13 14:39:11'),(92,8,19,'CC','2020-10-13 14:39:11','2020-10-13 14:39:11'),(93,13,17,'1600318800','2020-10-13 14:39:11','2020-10-13 14:39:11'),(94,23,16,'123123','2020-10-13 14:39:11','2020-10-13 14:39:11'),(95,13,18,'1600318800','2020-10-13 14:39:11','2020-10-13 14:39:11'),(96,10,19,'000000000','2020-10-13 14:39:11','2020-10-13 14:39:11'),(97,4,17,'ANUAL','2020-10-13 14:39:11','2020-10-13 14:39:11'),(98,4,18,'ANUAL','2020-10-13 14:39:11','2020-10-13 14:39:11'),(99,24,16,'123123123','2020-10-13 14:39:11','2020-10-13 14:39:11'),(100,25,16,'asdasdasd','2020-10-13 14:39:11','2020-10-13 14:39:11'),(101,5,17,'1 - Formación','2020-10-13 14:39:11','2020-10-13 14:39:11'),(102,5,18,'1 - Formación','2020-10-13 14:39:11','2020-10-13 14:39:11'),(103,11,19,'91530 - Amazonas - Puerto Alegría','2020-10-13 14:39:11','2020-10-13 14:39:11'),(104,26,16,'asdasd asd asdasd','2020-10-13 14:39:11','2020-10-13 14:39:11'),(105,6,18,'1 - En formación','2020-10-13 14:39:11','2020-10-13 14:39:11'),(106,7,19,'1595307600','2020-10-13 14:39:11','2020-10-13 14:39:11'),(107,6,17,'1 - En formación','2020-10-13 14:39:11','2020-10-13 14:39:11'),(108,17,18,'1600318800','2020-10-13 14:39:11','2020-10-13 14:39:11'),(109,27,16,'1321321','2020-10-13 14:39:11','2020-10-13 14:39:11'),(110,9,19,'1595307600','2020-10-13 14:39:11','2020-10-13 14:39:11'),(111,28,16,'7 - Otro','2020-10-13 14:39:11','2020-10-13 14:39:11'),(112,17,17,'1600318800','2020-10-13 14:39:11','2020-10-13 14:39:11'),(113,13,16,'-633898800','2020-10-13 14:39:11','2020-10-13 14:39:11'),(114,14,19,'91530 - Amazonas - Puerto Alegría','2020-10-13 14:39:11','2020-10-13 14:39:11'),(115,15,19,'Masculino','2020-10-13 14:39:11','2020-10-13 14:39:11'),(116,29,16,'7 - Tecnoacademia Itinerante Cundinamarca','2020-10-13 14:39:11','2020-10-13 14:39:11'),(117,16,19,'5','2020-10-13 14:39:11','2020-10-13 14:39:11'),(118,4,16,'ANUAL','2020-10-13 14:39:11','2020-10-13 14:39:11'),(119,1,19,'1 - Ninguna','2020-10-13 14:39:11','2020-10-13 14:39:11'),(120,30,16,'1 - Ingeniería','2020-10-13 14:39:11','2020-10-13 14:39:11'),(121,31,16,'N/A','2020-10-13 14:39:11','2020-10-13 14:39:11'),(122,2,19,'1 - Ninguna','2020-10-13 14:39:11','2020-10-13 14:39:11'),(123,5,16,'1 - Formación','2020-10-13 14:39:11','2020-10-13 14:39:11'),(124,6,16,'1 - En formación','2020-10-13 14:39:11','2020-10-13 14:39:11'),(125,3,19,'1 - Ninguna','2020-10-13 14:39:11','2020-10-13 14:39:11'),(126,20,19,'N/A','2020-10-13 14:39:11','2020-10-13 14:39:11'),(127,17,16,'-633898800','2020-10-13 14:39:11','2020-10-13 14:39:11'),(128,8,20,'CC','2020-10-13 14:39:11','2020-10-13 14:39:11'),(129,23,19,'123123123','2020-10-13 14:39:11','2020-10-13 14:39:11'),(130,10,20,'32123132','2020-10-13 14:39:11','2020-10-13 14:39:11'),(131,18,16,'1 - Ingeniería','2020-10-13 14:39:11','2020-10-13 14:39:11'),(132,8,21,'CC','2020-10-13 14:39:11','2020-10-13 14:39:11'),(133,24,19,'1231231203','2020-10-13 14:39:11','2020-10-13 14:39:11'),(134,11,20,'91407 - Amazonas - La Pedrera','2020-10-13 14:39:11','2020-10-13 14:39:11'),(135,19,16,'1 - Formación','2020-10-13 14:39:11','2020-10-13 14:39:11'),(136,25,19,'asdasdasd','2020-10-13 14:39:11','2020-10-13 14:39:11'),(137,10,21,'000000000','2020-10-13 14:39:11','2020-10-13 14:39:11'),(138,21,16,'1 - En formación','2020-10-13 14:39:11','2020-10-13 14:39:11'),(139,7,20,'1594270800','2020-10-13 14:39:11','2020-10-13 14:39:11'),(140,26,19,'asdasd asdasd','2020-10-13 14:39:11','2020-10-13 14:39:11'),(141,11,21,'91540 - Amazonas - Puerto Nariño','2020-10-13 14:39:11','2020-10-13 14:39:11'),(142,9,20,'1594270800','2020-10-13 14:39:11','2020-10-13 14:39:11'),(143,8,22,'CC','2020-10-13 14:39:11','2020-10-13 14:39:11'),(144,32,16,'1594098000','2020-10-13 14:39:11','2020-10-13 14:39:11'),(145,27,19,'12312312','2020-10-13 14:39:11','2020-10-13 14:39:11'),(146,7,21,'1595307600','2020-10-13 14:39:11','2020-10-13 14:39:11'),(147,14,20,'91430 - Amazonas - La Victoria','2020-10-13 14:39:11','2020-10-13 14:39:11'),(148,10,22,'86072741','2020-10-13 14:39:11','2020-10-13 14:39:11'),(149,15,20,'Masculino','2020-10-13 14:39:11','2020-10-13 14:39:11'),(150,28,19,'7 - Otro','2020-10-13 14:39:11','2020-10-13 14:39:11'),(151,9,21,'1595307600','2020-10-13 14:39:11','2020-10-13 14:39:11'),(152,11,22,'91263 - Amazonas - El Encanto','2020-10-13 14:39:11','2020-10-13 14:39:11'),(153,16,20,'2','2020-10-13 14:39:11','2020-10-13 14:39:11'),(154,14,21,'91798 - Amazonas - Tarapacá','2020-10-13 14:39:11','2020-10-13 14:39:11'),(155,13,19,'1595307600','2020-10-13 14:39:11','2020-10-13 14:39:11'),(156,7,22,'1595480400','2020-10-13 14:39:11','2020-10-13 14:39:11'),(157,1,20,'3 - Indígena','2020-10-13 14:39:11','2020-10-13 14:39:11'),(158,15,21,'Masculino','2020-10-13 14:39:11','2020-10-13 14:39:11'),(159,29,19,'7 - Tecnoacademia Itinerante Cundinamarca','2020-10-13 14:39:11','2020-10-13 14:39:11'),(160,9,22,'1595480400','2020-10-13 14:39:11','2020-10-13 14:39:11'),(161,2,20,'2 - Discapacitado cognitivo','2020-10-13 14:39:11','2020-10-13 14:39:11'),(162,16,21,'4','2020-10-13 14:39:11','2020-10-13 14:39:11'),(163,4,19,'ANUAL','2020-10-13 14:39:11','2020-10-13 14:39:11'),(164,3,20,'1 - Ninguna','2020-10-13 14:39:11','2020-10-13 14:39:11'),(165,14,22,'91263 - Amazonas - El Encanto','2020-10-13 14:39:11','2020-10-13 14:39:11'),(166,1,21,'1 - Ninguna','2020-10-13 14:39:11','2020-10-13 14:39:11'),(167,8,23,'CC','2020-10-13 14:39:11','2020-10-13 14:39:11'),(168,2,21,'1 - Ninguna','2020-10-13 14:39:11','2020-10-13 14:39:11'),(169,30,19,'1 - Ingeniería','2020-10-13 14:39:11','2020-10-13 14:39:11'),(170,20,20,'N/A','2020-10-13 14:39:11','2020-10-13 14:39:11'),(171,15,22,'Masculino','2020-10-13 14:39:11','2020-10-13 14:39:11'),(172,10,23,'000000000','2020-10-13 14:39:11','2020-10-13 14:39:11'),(173,3,21,'1 - Ninguna','2020-10-13 14:39:11','2020-10-13 14:39:11'),(174,16,22,'6','2020-10-13 14:39:11','2020-10-13 14:39:11'),(175,31,19,'N/A','2020-10-13 14:39:11','2020-10-13 14:39:11'),(176,23,20,'12313123','2020-10-13 14:39:11','2020-10-13 14:39:11'),(177,20,21,'N/A','2020-10-13 14:39:11','2020-10-13 14:39:11'),(178,11,23,'91263 - Amazonas - El Encanto','2020-10-13 14:39:11','2020-10-13 14:39:11'),(179,1,22,'1 - Ninguna','2020-10-13 14:39:11','2020-10-13 14:39:11'),(180,24,20,'12312312','2020-10-13 14:39:11','2020-10-13 14:39:11'),(181,5,19,'1 - Formación','2020-10-13 14:39:11','2020-10-13 14:39:11'),(182,22,21,'5 - O+','2020-10-13 14:39:11','2020-10-13 14:39:11'),(183,7,23,'1594098000','2020-10-13 14:39:11','2020-10-13 14:39:11'),(184,2,22,'1 - Ninguna','2020-10-13 14:39:11','2020-10-13 14:39:11'),(185,6,19,'1 - En formación','2020-10-13 14:39:11','2020-10-13 14:39:11'),(186,25,20,'sdfsdfsfsdf','2020-10-13 14:39:11','2020-10-13 14:39:11'),(187,23,21,'132132132','2020-10-13 14:39:11','2020-10-13 14:39:11'),(188,9,23,'1594098000','2020-10-13 14:39:11','2020-10-13 14:39:11'),(189,3,22,'1 - Ninguna','2020-10-13 14:39:11','2020-10-13 14:39:11'),(190,26,20,'sdfsdf sdf sdsdf','2020-10-13 14:39:11','2020-10-13 14:39:11'),(191,24,21,'1231231324','2020-10-13 14:39:11','2020-10-13 14:39:11'),(192,17,19,'1595307600','2020-10-13 14:39:11','2020-10-13 14:39:11'),(193,14,23,'91263 - Amazonas - El Encanto','2020-10-13 14:39:11','2020-10-13 14:39:11'),(194,20,22,'N/A','2020-10-13 14:39:11','2020-10-13 14:39:11'),(195,27,20,'32423423','2020-10-13 14:39:11','2020-10-13 14:39:11'),(196,25,21,'asdasd asdasdasd','2020-10-13 14:39:11','2020-10-13 14:39:11'),(197,15,23,'Masculino','2020-10-13 14:39:11','2020-10-13 14:39:11'),(198,18,19,'1 - Ingeniería','2020-10-13 14:39:11','2020-10-13 14:39:11'),(199,28,20,'7 - Otro','2020-10-13 14:39:11','2020-10-13 14:39:11'),(200,23,22,'123456789','2020-10-13 14:39:11','2020-10-13 14:39:11'),(201,19,19,'1 - Formación','2020-10-13 14:39:11','2020-10-13 14:39:11'),(202,16,23,'1','2020-10-13 14:39:11','2020-10-13 14:39:11'),(203,26,21,'asdsad asdasd','2020-10-13 14:39:11','2020-10-13 14:39:11'),(204,13,20,'1594270800','2020-10-13 14:39:11','2020-10-13 14:39:11'),(205,24,22,'123456789','2020-10-13 14:39:12','2020-10-13 14:39:12'),(206,1,23,'1 - Ninguna','2020-10-13 14:39:12','2020-10-13 14:39:12'),(207,21,19,'1 - En formación','2020-10-13 14:39:12','2020-10-13 14:39:12'),(208,27,21,'2121321354','2020-10-13 14:39:12','2020-10-13 14:39:12'),(209,29,20,'3 - Tecnoacademia Itinerante Caldas','2020-10-13 14:39:12','2020-10-13 14:39:12'),(210,25,22,'qweqe qweqweqwe','2020-10-13 14:39:12','2020-10-13 14:39:12'),(211,28,21,'7 - Otro','2020-10-13 14:39:12','2020-10-13 14:39:12'),(212,2,23,'1 - Ninguna','2020-10-13 14:39:12','2020-10-13 14:39:12'),(213,4,20,'ANUAL','2020-10-13 14:39:12','2020-10-13 14:39:12'),(214,26,22,'Nombre Acudiente','2020-10-13 14:39:12','2020-10-13 14:39:12'),(215,13,21,'1595307600','2020-10-13 14:39:12','2020-10-13 14:39:12'),(216,3,23,'1 - Ninguna','2020-10-13 14:39:12','2020-10-13 14:39:12'),(217,29,21,'8 - Tecnoacademia Itinerante Huila','2020-10-13 14:39:12','2020-10-13 14:39:12'),(218,30,20,'1 - Ingeniería','2020-10-13 14:39:12','2020-10-13 14:39:12'),(219,27,22,'123456798','2020-10-13 14:39:12','2020-10-13 14:39:12'),(220,4,21,'ANUAL','2020-10-13 14:39:12','2020-10-13 14:39:12'),(221,31,20,'N/A','2020-10-13 14:39:12','2020-10-13 14:39:12'),(222,20,23,'N/A','2020-10-13 14:39:12','2020-10-13 14:39:12'),(223,28,22,'7 - Otro','2020-10-13 14:39:12','2020-10-13 14:39:12'),(224,30,21,'1 - Ingeniería','2020-10-13 14:39:12','2020-10-13 14:39:12'),(225,31,21,'N/A','2020-10-13 14:39:12','2020-10-13 14:39:12'),(226,5,20,'1 - Formación','2020-10-13 14:39:12','2020-10-13 14:39:12'),(227,22,23,'1 - A+','2020-10-13 14:39:12','2020-10-13 14:39:12'),(228,13,22,'1595480400','2020-10-13 14:39:12','2020-10-13 14:39:12'),(229,5,21,'1 - Formación','2020-10-13 14:39:12','2020-10-13 14:39:12'),(230,6,20,'1 - En formación','2020-10-13 14:39:12','2020-10-13 14:39:12'),(231,23,23,'123123132','2020-10-13 14:39:12','2020-10-13 14:39:12'),(232,6,21,'1 - En formación','2020-10-13 14:39:12','2020-10-13 14:39:12'),(233,29,22,'1 - Tecnoacademia Itinerante Bolívar','2020-10-13 14:39:12','2020-10-13 14:39:12'),(234,17,21,'1595307600','2020-10-13 14:39:12','2020-10-13 14:39:12'),(235,17,20,'1594270800','2020-10-13 14:39:12','2020-10-13 14:39:12'),(236,24,23,'12312312132','2020-10-13 14:39:12','2020-10-13 14:39:12'),(237,18,21,'1 - Ingeniería','2020-10-13 14:39:12','2020-10-13 14:39:12'),(238,4,22,'ANUAL','2020-10-13 14:39:12','2020-10-13 14:39:12'),(239,19,21,'1 - Formación','2020-10-13 14:39:12','2020-10-13 14:39:12'),(240,18,20,'1 - Ingeniería','2020-10-13 14:39:12','2020-10-13 14:39:12'),(241,25,23,'Cll 1 # 2 - 3','2020-10-13 14:39:12','2020-10-13 14:39:12'),(242,21,21,'1 - En formación','2020-10-13 14:39:12','2020-10-13 14:39:12'),(243,19,20,'1 - Formación','2020-10-13 14:39:12','2020-10-13 14:39:12'),(244,30,22,'1 - Ingeniería','2020-10-13 14:39:12','2020-10-13 14:39:12'),(245,26,23,'Nombre Acudiente','2020-10-13 14:39:12','2020-10-13 14:39:12'),(246,21,20,'1 - En formación','2020-10-13 14:39:12','2020-10-13 14:39:12'),(247,31,22,'N/A','2020-10-13 14:39:12','2020-10-13 14:39:12'),(248,27,23,'12312313','2020-10-13 14:39:12','2020-10-13 14:39:12'),(249,28,23,'7 - Otro','2020-10-13 14:39:12','2020-10-13 14:39:12'),(250,8,24,'CE','2020-10-13 14:39:12','2020-10-13 14:39:12'),(251,5,22,'1 - Formación','2020-10-13 14:39:12','2020-10-13 14:39:12'),(252,10,24,'123498764','2020-10-13 14:39:12','2020-10-13 14:39:12'),(253,6,22,'1 - En formación','2020-10-13 14:39:12','2020-10-13 14:39:12'),(254,11,24,'73861 - Tolima - Venadillo','2020-10-13 14:39:12','2020-10-13 14:39:12'),(255,13,23,'1594098000','2020-10-13 14:39:12','2020-10-13 14:39:12'),(256,7,24,'-1549047600','2020-10-13 14:39:12','2020-10-13 14:39:12'),(257,17,22,'1595480400','2020-10-13 14:39:12','2020-10-13 14:39:12'),(258,9,24,'-1549047600','2020-10-13 14:39:12','2020-10-13 14:39:12'),(259,29,23,'7 - Tecnoacademia Itinerante Cundinamarca','2020-10-13 14:39:12','2020-10-13 14:39:12'),(260,18,22,'1 - Ingeniería','2020-10-13 14:39:12','2020-10-13 14:39:12'),(261,14,24,'00826 - Otro - Extranjero - Reino Unido','2020-10-13 14:39:12','2020-10-13 14:39:12'),(262,19,22,'1 - Formación','2020-10-13 14:39:12','2020-10-13 14:39:12'),(263,15,24,'Femenino','2020-10-13 14:39:12','2020-10-13 14:39:12'),(264,4,23,'ANUAL','2020-10-13 14:39:12','2020-10-13 14:39:12'),(265,16,24,'1','2020-10-13 14:39:12','2020-10-13 14:39:12'),(266,21,22,'1 - En formación','2020-10-13 14:39:12','2020-10-13 14:39:12'),(267,30,23,'1 - Ingeniería','2020-10-13 14:39:12','2020-10-13 14:39:12'),(268,1,24,'1 - Ninguna','2020-10-13 14:39:12','2020-10-13 14:39:12'),(269,31,23,'N/A','2020-10-13 14:39:12','2020-10-13 14:39:12'),(270,2,24,'1 - Ninguna','2020-10-13 14:39:12','2020-10-13 14:39:12'),(271,5,23,'1 - Formación','2020-10-13 14:39:12','2020-10-13 14:39:12'),(272,6,23,'1 - En formación','2020-10-13 14:39:12','2020-10-13 14:39:12'),(273,8,25,'CC','2020-10-13 14:39:12','2020-10-13 14:39:12'),(274,3,24,'1 - Ninguna','2020-10-13 14:39:12','2020-10-13 14:39:12'),(275,1,26,'1 - Ninguna','2020-10-13 14:39:12','2020-10-13 14:39:12'),(276,17,23,'1594098000','2020-10-13 14:39:12','2020-10-13 14:39:12'),(277,10,25,'93394862','2020-10-13 14:39:12','2020-10-13 14:39:12'),(278,18,23,'1 - Ingeniería','2020-10-13 14:39:12','2020-10-13 14:39:12'),(279,20,24,'sanitas','2020-10-13 14:39:12','2020-10-13 14:39:12'),(280,2,26,'1 - Ninguna','2020-10-13 14:39:12','2020-10-13 14:39:12'),(281,19,23,'1 - Formación','2020-10-13 14:39:12','2020-10-13 14:39:12'),(282,11,25,'91263 - Amazonas - El Encanto','2020-10-13 14:39:12','2020-10-13 14:39:12'),(283,22,24,'1 - A+','2020-10-13 14:39:12','2020-10-13 14:39:12'),(284,21,23,'1 - En formación','2020-10-13 14:39:12','2020-10-13 14:39:12'),(285,3,26,'1 - Ninguna','2020-10-13 14:39:12','2020-10-13 14:39:12'),(286,7,25,'1595480400','2020-10-13 14:39:12','2020-10-13 14:39:12'),(287,23,24,'123467895','2020-10-13 14:39:12','2020-10-13 14:39:12'),(288,4,26,'ANUAL','2020-10-13 14:39:12','2020-10-13 14:39:12'),(289,9,25,'1595480400','2020-10-13 14:39:12','2020-10-13 14:39:12'),(290,24,24,'3001231212','2020-10-13 14:39:12','2020-10-13 14:39:12'),(291,5,26,'1 - Formación','2020-10-13 14:39:12','2020-10-13 14:39:12'),(292,14,25,'91263 - Amazonas - El Encanto','2020-10-13 14:39:12','2020-10-13 14:39:12'),(293,25,24,'calle robada123','2020-10-13 14:39:12','2020-10-13 14:39:12'),(294,6,26,'1 - En formación','2020-10-13 14:39:12','2020-10-13 14:39:12'),(295,15,25,'Masculino','2020-10-13 14:39:12','2020-10-13 14:39:12'),(296,7,27,'1600318800','2020-10-13 14:39:12','2020-10-13 14:39:12'),(297,26,24,'Maria sanchez','2020-10-13 14:39:12','2020-10-13 14:39:12'),(298,9,27,'1600318800','2020-10-13 14:39:12','2020-10-13 14:39:12'),(299,16,25,'6','2020-10-13 14:39:12','2020-10-13 14:39:12'),(300,27,24,'1234098765','2020-10-13 14:39:12','2020-10-13 14:39:12'),(301,1,27,'1 - Ninguna','2020-10-13 14:39:12','2020-10-13 14:39:12'),(302,2,27,'1 - Ninguna','2020-10-13 14:39:12','2020-10-13 14:39:12'),(303,1,25,'1 - Ninguna','2020-10-13 14:39:12','2020-10-13 14:39:12'),(304,28,24,'7 - Otro','2020-10-13 14:39:12','2020-10-13 14:39:12'),(305,2,25,'1 - Ninguna','2020-10-13 14:39:12','2020-10-13 14:39:12'),(306,3,27,'1 - Ninguna','2020-10-13 14:39:12','2020-10-13 14:39:12'),(307,13,24,'2521861200','2020-10-13 14:39:12','2020-10-13 14:39:12'),(308,13,27,'1600318800','2020-10-13 14:39:12','2020-10-13 14:39:12'),(309,3,25,'1 - Ninguna','2020-10-13 14:39:12','2020-10-13 14:39:12'),(310,29,24,'10 - Tecnoacademia Itinerante Meta','2020-10-13 14:39:12','2020-10-13 14:39:12'),(311,20,25,'N/A','2020-10-13 14:39:12','2020-10-13 14:39:12'),(312,4,27,'ANUAL','2020-10-13 14:39:12','2020-10-13 14:39:12'),(313,4,24,'SEMESTRAL','2020-10-13 14:39:12','2020-10-13 14:39:12'),(314,22,25,'1 - A+','2020-10-13 14:39:12','2020-10-13 14:39:12'),(315,5,27,'1 - Formación','2020-10-13 14:39:12','2020-10-13 14:39:12'),(316,30,24,'2 - TICS','2020-10-13 14:39:12','2020-10-13 14:39:12'),(317,7,28,'1600318800','2020-10-13 14:39:12','2020-10-13 14:39:12'),(318,23,25,'123123123','2020-10-13 14:39:12','2020-10-13 14:39:12'),(319,31,24,'Cualquier cosa','2020-10-13 14:39:12','2020-10-13 14:39:12'),(320,6,27,'1 - En formación','2020-10-13 14:39:12','2020-10-13 14:39:12'),(321,9,28,'1600318800','2020-10-13 14:39:12','2020-10-13 14:39:12'),(322,17,27,'1600318800','2020-10-13 14:39:12','2020-10-13 14:39:12'),(323,24,25,'123132132','2020-10-13 14:39:12','2020-10-13 14:39:12'),(324,5,24,'1 - Formación','2020-10-13 14:39:12','2020-10-13 14:39:12'),(325,1,28,'1 - Ninguna','2020-10-13 14:39:12','2020-10-13 14:39:12'),(326,2,28,'1 - Ninguna','2020-10-13 14:39:12','2020-10-13 14:39:12'),(327,6,24,'1 - En formación','2020-10-13 14:39:12','2020-10-13 14:39:12'),(328,25,25,'asdasdasd','2020-10-13 14:39:12','2020-10-13 14:39:12'),(329,3,28,'1 - Ninguna','2020-10-13 14:39:12','2020-10-13 14:39:12'),(330,17,24,'-602362800','2020-10-13 14:39:12','2020-10-13 14:39:12'),(331,26,25,'asdasd asdasd','2020-10-13 14:39:12','2020-10-13 14:39:12'),(332,7,29,'1600318800','2020-10-13 14:39:12','2020-10-13 14:39:12'),(333,13,28,'1600318800','2020-10-13 14:39:12','2020-10-13 14:39:12'),(334,4,28,'ANUAL','2020-10-13 14:39:12','2020-10-13 14:39:12'),(335,27,25,'123123123','2020-10-13 14:39:12','2020-10-13 14:39:12'),(336,9,29,'1600318800','2020-10-13 14:39:12','2020-10-13 14:39:12'),(337,5,28,'1 - Formación','2020-10-13 14:39:12','2020-10-13 14:39:12'),(338,28,25,'7 - Otro','2020-10-13 14:39:12','2020-10-13 14:39:12'),(339,6,28,'1 - En formación','2020-10-13 14:39:12','2020-10-13 14:39:12'),(340,1,29,'1 - Ninguna','2020-10-13 14:39:12','2020-10-13 14:39:12'),(341,13,25,'1595480400','2020-10-13 14:39:12','2020-10-13 14:39:12'),(342,17,28,'1600318800','2020-10-13 14:39:12','2020-10-13 14:39:12'),(343,2,29,'1 - Ninguna','2020-10-13 14:39:12','2020-10-13 14:39:12'),(344,29,25,'1 - Tecnoacademia Itinerante Bolívar','2020-10-13 14:39:12','2020-10-13 14:39:12'),(345,3,29,'1 - Ninguna','2020-10-13 14:39:12','2020-10-13 14:39:12'),(346,4,25,'ANUAL','2020-10-13 14:39:12','2020-10-13 14:39:12'),(347,13,29,'1600318800','2020-10-13 14:39:12','2020-10-13 14:39:12'),(348,30,25,'1 - Ingeniería','2020-10-13 14:39:12','2020-10-13 14:39:12'),(349,31,25,'N/A','2020-10-13 14:39:12','2020-10-13 14:39:12'),(350,4,29,'ANUAL','2020-10-13 14:39:12','2020-10-13 14:39:12'),(351,5,25,'1 - Formación','2020-10-13 14:39:12','2020-10-13 14:39:12'),(352,5,29,'1 - Formación','2020-10-13 14:39:12','2020-10-13 14:39:12'),(353,7,30,'1600318800','2020-10-13 14:39:12','2020-10-13 14:39:12'),(354,6,25,'1 - En formación','2020-10-13 14:39:12','2020-10-13 14:39:12'),(355,6,29,'1 - En formación','2020-10-13 14:39:12','2020-10-13 14:39:12'),(356,9,30,'1600318800','2020-10-13 14:39:12','2020-10-13 14:39:12'),(357,1,30,'1 - Ninguna','2020-10-13 14:39:12','2020-10-13 14:39:12'),(358,17,29,'1600318800','2020-10-13 14:39:12','2020-10-13 14:39:12'),(359,17,25,'1595480400','2020-10-13 14:39:12','2020-10-13 14:39:12'),(360,2,30,'1 - Ninguna','2020-10-13 14:39:12','2020-10-13 14:39:12'),(361,3,30,'1 - Ninguna','2020-10-13 14:39:12','2020-10-13 14:39:12'),(362,18,25,'1 - Ingeniería','2020-10-13 14:39:12','2020-10-13 14:39:12'),(363,13,30,'1600318800','2020-10-13 14:39:12','2020-10-13 14:39:12'),(364,19,25,'1 - Formación','2020-10-13 14:39:12','2020-10-13 14:39:12'),(365,4,30,'ANUAL','2020-10-13 14:39:12','2020-10-13 14:39:12'),(366,7,31,'1601355600','2020-10-13 14:39:12','2020-10-13 14:39:12'),(367,21,25,'1 - En formación','2020-10-13 14:39:12','2020-10-13 14:39:12'),(368,5,30,'1 - Formación','2020-10-13 14:39:12','2020-10-13 14:39:12'),(369,6,30,'1 - En formación','2020-10-13 14:39:12','2020-10-13 14:39:12'),(370,9,31,'1601355600','2020-10-13 14:39:12','2020-10-13 14:39:12'),(371,17,30,'1600318800','2020-10-13 14:39:12','2020-10-13 14:39:12'),(372,1,31,'1 - Ninguna','2020-10-13 14:39:12','2020-10-13 14:39:12'),(373,2,31,'1 - Ninguna','2020-10-13 14:39:12','2020-10-13 14:39:12'),(374,3,31,'1 - Ninguna','2020-10-13 14:39:12','2020-10-13 14:39:12'),(375,7,32,'1601442000','2020-10-13 14:39:12','2020-10-13 14:39:12'),(376,13,31,'1601355600','2020-10-13 14:39:12','2020-10-13 14:39:12'),(377,9,32,'1601442000','2020-10-13 14:39:12','2020-10-13 14:39:12'),(378,4,31,'ANUAL','2020-10-13 14:39:12','2020-10-13 14:39:12'),(379,1,32,'1 - Ninguna','2020-10-13 14:39:12','2020-10-13 14:39:12'),(380,5,31,'1 - Formación','2020-10-13 14:39:12','2020-10-13 14:39:12'),(381,6,31,'1 - En formación','2020-10-13 14:39:12','2020-10-13 14:39:12'),(382,2,32,'1 - Ninguna','2020-10-13 14:39:12','2020-10-13 14:39:12'),(383,17,31,'1601355600','2020-10-13 14:39:12','2020-10-13 14:39:12'),(384,3,32,'1 - Ninguna','2020-10-13 14:39:12','2020-10-13 14:39:12'),(385,13,32,'1601442000','2020-10-13 14:39:12','2020-10-13 14:39:12'),(386,4,32,'ANUAL','2020-10-13 14:39:12','2020-10-13 14:39:12'),(387,5,32,'1 - Formación','2020-10-13 14:39:12','2020-10-13 14:39:12'),(388,6,32,'1 - En formación','2020-10-13 14:39:12','2020-10-13 14:39:12'),(389,17,32,'1601442000','2020-10-13 14:39:13','2020-10-13 14:39:13'),(390,8,33,'TI','2020-10-13 14:39:13','2020-10-13 14:39:13'),(391,10,33,'123456789','2020-10-13 14:39:13','2020-10-13 14:39:13'),(392,11,33,'91405 - Amazonas - La Chorrera','2020-10-13 14:39:13','2020-10-13 14:39:13'),(393,7,33,'2521861200','2020-10-13 14:39:13','2020-10-13 14:39:13'),(394,12,33,'2521861200','2020-10-13 14:39:13','2020-10-13 14:39:13'),(395,9,33,'2521861200','2020-10-13 14:39:13','2020-10-13 14:39:13'),(396,14,33,'91001 - Amazonas - Leticia','2020-10-13 14:39:13','2020-10-13 14:39:13'),(397,15,33,'Masculino','2020-10-13 14:39:13','2020-10-13 14:39:13'),(398,16,33,'2','2020-10-13 14:39:13','2020-10-13 14:39:13'),(399,1,33,'1 - Ninguna','2020-10-13 14:39:13','2020-10-13 14:39:13'),(400,2,33,'1 - Ninguna','2020-10-13 14:39:13','2020-10-13 14:39:13'),(401,3,33,'1 - Ninguna','2020-10-13 14:39:13','2020-10-13 14:39:13'),(402,8,34,'CC','2020-10-13 14:39:13','2020-10-13 14:39:13'),(403,20,33,'salud total','2020-10-13 14:39:13','2020-10-13 14:39:13'),(404,22,33,'3 - B+','2020-10-13 14:39:13','2020-10-13 14:39:13'),(405,10,34,'987654321','2020-10-13 14:39:13','2020-10-13 14:39:13'),(406,23,33,'123456789','2020-10-13 14:39:13','2020-10-13 14:39:13'),(407,11,34,'00630 - Otro - Extranjero - Puerto Rico','2020-10-13 14:39:13','2020-10-13 14:39:13'),(408,24,33,'3111231213','2020-10-13 14:39:13','2020-10-13 14:39:13'),(409,7,34,'-1580670000','2020-10-13 14:39:13','2020-10-13 14:39:13'),(410,25,33,'calle robada123','2020-10-13 14:39:13','2020-10-13 14:39:13'),(411,9,34,'-1580670000','2020-10-13 14:39:13','2020-10-13 14:39:13'),(412,14,34,'73854 - Tolima - Valle de San Juan','2020-10-13 14:39:13','2020-10-13 14:39:13'),(413,26,33,'Maria sanchez','2020-10-13 14:39:13','2020-10-13 14:39:13'),(414,15,34,'Masculino','2020-10-13 14:39:13','2020-10-13 14:39:13'),(415,27,33,'1234567890','2020-10-13 14:39:13','2020-10-13 14:39:13'),(416,16,34,'3','2020-10-13 14:39:13','2020-10-13 14:39:13'),(417,1,34,'1 - Ninguna','2020-10-13 14:39:13','2020-10-13 14:39:13'),(418,28,33,'1 - Sexto','2020-10-13 14:39:13','2020-10-13 14:39:13'),(419,2,34,'1 - Ninguna','2020-10-13 14:39:13','2020-10-13 14:39:13'),(420,3,34,'1 - Ninguna','2020-10-13 14:39:13','2020-10-13 14:39:13'),(421,13,33,'2521861200','2020-10-13 14:39:13','2020-10-13 14:39:13'),(422,20,34,'nueva eps','2020-10-13 14:39:13','2020-10-13 14:39:13'),(423,22,34,'2 - A-','2020-10-13 14:39:13','2020-10-13 14:39:13'),(424,29,33,'3 - Tecnoacademia Itinerante Caldas','2020-10-13 14:39:13','2020-10-13 14:39:13'),(425,23,34,'987654321','2020-10-13 14:39:13','2020-10-13 14:39:13'),(426,4,33,'SEMESTRAL','2020-10-13 14:39:13','2020-10-13 14:39:13'),(427,24,34,'3121212123','2020-10-13 14:39:13','2020-10-13 14:39:13'),(428,30,33,'3 - Nanotecnología','2020-10-13 14:39:13','2020-10-13 14:39:13'),(429,31,33,'Cualquier cosa','2020-10-13 14:39:13','2020-10-13 14:39:13'),(430,25,34,'calle robada123','2020-10-13 14:39:13','2020-10-13 14:39:13'),(431,5,33,'1 - Formación','2020-10-13 14:39:13','2020-10-13 14:39:13'),(432,26,34,'Antonio Alvira','2020-10-13 14:39:13','2020-10-13 14:39:13'),(433,27,34,'987654321','2020-10-13 14:39:13','2020-10-13 14:39:13'),(434,6,33,'1 - En formación','2020-10-13 14:39:13','2020-10-13 14:39:13'),(435,28,34,'3 - Octavo','2020-10-13 14:39:13','2020-10-13 14:39:13'),(436,13,34,'2521861200','2020-10-13 14:39:13','2020-10-13 14:39:13'),(437,17,33,'-602362800','2020-10-13 14:39:13','2020-10-13 14:39:13'),(438,29,34,'7 - Tecnoacademia Itinerante Cundinamarca','2020-10-13 14:39:13','2020-10-13 14:39:13'),(439,4,34,'SEMESTRAL','2020-10-13 14:39:13','2020-10-13 14:39:13'),(440,30,34,'1 - Ingeniería','2020-10-13 14:39:13','2020-10-13 14:39:13'),(441,31,34,'Cualquier cosa','2020-10-13 14:39:13','2020-10-13 14:39:13'),(442,5,34,'1 - Formación','2020-10-13 14:39:13','2020-10-13 14:39:13'),(443,6,34,'1 - En formación','2020-10-13 14:39:13','2020-10-13 14:39:13'),(444,17,34,'-633898800','2020-10-13 14:39:13','2020-10-13 14:39:13'),(445,7,35,'1601355600','2020-10-13 14:39:14','2020-10-13 14:39:14'),(446,9,35,'1601355600','2020-10-13 14:39:14','2020-10-13 14:39:14'),(447,1,35,'1 - Ninguna','2020-10-13 14:39:14','2020-10-13 14:39:14'),(448,2,35,'1 - Ninguna','2020-10-13 14:39:14','2020-10-13 14:39:14'),(449,3,35,'1 - Ninguna','2020-10-13 14:39:14','2020-10-13 14:39:14'),(450,13,35,'1601355600','2020-10-13 14:39:14','2020-10-13 14:39:14'),(451,4,35,'ANUAL','2020-10-13 14:39:14','2020-10-13 14:39:14'),(452,5,35,'1 - Formación','2020-10-13 14:39:14','2020-10-13 14:39:14'),(453,6,35,'1 - En formación','2020-10-13 14:39:14','2020-10-13 14:39:14'),(454,17,35,'1601355600','2020-10-13 14:39:14','2020-10-13 14:39:14');
/*!40000 ALTER TABLE `custom_field_user_role` ENABLE KEYS */;
UNLOCK TABLES;

--
-- Table structure for table `delivery`
--

DROP TABLE IF EXISTS `delivery`;
/*!40101 SET @saved_cs_client     = @@character_set_client */;
/*!40101 SET character_set_client = utf8 */;
CREATE TABLE `delivery` (
  `id` bigint(20) unsigned NOT NULL AUTO_INCREMENT,
  `activity_id` bigint(20) unsigned NOT NULL,
  `user_id` bigint(20) unsigned DEFAULT NULL,
  `group_activity_id` bigint(20) unsigned DEFAULT NULL,
  `file_name` text COLLATE utf8mb4_unicode_ci DEFAULT NULL,
  `file_path` text COLLATE utf8mb4_unicode_ci DEFAULT NULL,
  `sync_id` bigint(20) DEFAULT NULL,
  `created_at` timestamp NULL DEFAULT NULL,
  `updated_at` timestamp NULL DEFAULT NULL,
  PRIMARY KEY (`id`),
  KEY `delivery_activity_id_index` (`activity_id`),
  KEY `delivery_user_id_index` (`user_id`),
  KEY `delivery_group_activity_id_index` (`group_activity_id`),
  CONSTRAINT `delivery_activity_id_foreign` FOREIGN KEY (`activity_id`) REFERENCES `activity` (`id`),
  CONSTRAINT `delivery_group_activity_id_foreign` FOREIGN KEY (`group_activity_id`) REFERENCES `group_activity` (`id`),
  CONSTRAINT `delivery_user_id_foreign` FOREIGN KEY (`user_id`) REFERENCES `users` (`id`)
) ENGINE=InnoDB AUTO_INCREMENT=213 DEFAULT CHARSET=utf8mb4 COLLATE=utf8mb4_unicode_ci;
/*!40101 SET character_set_client = @saved_cs_client */;

--
-- Dumping data for table `delivery`
--

LOCK TABLES `delivery` WRITE;
/*!40000 ALTER TABLE `delivery` DISABLE KEYS */;
INSERT INTO `delivery` VALUES (1,15,13,NULL,'6_33_1602599970.zip','storage/delivery/6_33_1602599970.zip',6,'2020-10-13 14:39:31','2020-10-13 14:44:30'),(2,15,4,NULL,'6_35_1602599970.zip','storage/delivery/6_35_1602599970.zip',6,'2020-10-13 14:39:31','2020-10-13 14:44:30'),(3,24,4,NULL,'9_35_1602599970.zip','storage/delivery/9_35_1602599970.zip',9,'2020-10-13 14:39:31','2020-10-13 14:44:30'),(4,15,17,NULL,'6_48_1602599970.zip','storage/delivery/6_48_1602599970.zip',6,'2020-10-13 14:39:31','2020-10-13 14:44:30'),(5,24,8,NULL,NULL,NULL,9,'2020-10-13 14:39:32','2020-10-13 14:39:32'),(6,24,17,NULL,'9_48_1602599970.zip','storage/delivery/9_48_1602599970.zip',9,'2020-10-13 14:39:32','2020-10-13 14:44:30'),(7,29,9,NULL,'13_31_1602599970.zip','storage/delivery/13_31_1602599970.zip',13,'2020-10-13 14:39:32','2020-10-13 14:44:33'),(8,29,4,NULL,'13_35_1602599971.zip','storage/delivery/13_35_1602599971.zip',13,'2020-10-13 14:39:32','2020-10-13 14:44:33'),(9,29,17,NULL,'13_48_1602599971.zip','storage/delivery/13_48_1602599971.zip',13,'2020-10-13 14:39:32','2020-10-13 14:44:33'),(10,37,9,NULL,NULL,NULL,16,'2020-10-13 14:39:32','2020-10-13 14:39:32'),(11,37,17,NULL,'16_48_1602599972.zip','storage/delivery/16_48_1602599972.zip',16,'2020-10-13 14:39:35','2020-10-13 14:44:33'),(12,41,4,NULL,'19_35_1602599972.zip','storage/delivery/19_35_1602599972.zip',19,'2020-10-13 14:39:35','2020-10-13 14:44:33'),(13,46,9,NULL,'22_31_1602599972.zip','storage/delivery/22_31_1602599972.zip',22,'2020-10-13 14:39:35','2020-10-13 14:44:33'),(14,46,4,NULL,'22_35_1602599972.zip','storage/delivery/22_35_1602599972.zip',22,'2020-10-13 14:39:35','2020-10-13 14:44:33'),(15,46,17,NULL,'22_48_1602599972.zip','storage/delivery/22_48_1602599972.zip',22,'2020-10-13 14:39:35','2020-10-13 14:44:33'),(16,58,4,NULL,'27_35_1602599973.zip','storage/delivery/27_35_1602599973.zip',27,'2020-10-13 14:39:35','2020-10-13 14:44:33'),(17,58,17,NULL,'27_48_1602599973.zip','storage/delivery/27_48_1602599973.zip',27,'2020-10-13 14:39:35','2020-10-13 14:44:33'),(18,41,17,NULL,'19_48_1602599972.zip','storage/delivery/19_48_1602599972.zip',19,'2020-10-13 14:39:35','2020-10-13 14:44:33'),(19,61,4,NULL,'29_35_1602599973.zip','storage/delivery/29_35_1602599973.zip',29,'2020-10-13 14:39:35','2020-10-13 14:44:33'),(20,61,17,NULL,'29_48_1602599973.zip','storage/delivery/29_48_1602599973.zip',29,'2020-10-13 14:39:35','2020-10-13 14:44:33'),(21,74,4,NULL,'36_35_1602599974.zip','storage/delivery/36_35_1602599974.zip',36,'2020-10-13 14:39:35','2020-10-13 14:44:34'),(22,82,4,NULL,'39_35_1602599974.zip','storage/delivery/39_35_1602599974.zip',39,'2020-10-13 14:39:35','2020-10-13 14:44:34'),(23,74,17,NULL,'36_48_1602599974.zip','storage/delivery/36_48_1602599974.zip',36,'2020-10-13 14:39:35','2020-10-13 14:44:34'),(24,82,17,NULL,'39_48_1602599974.zip','storage/delivery/39_48_1602599974.zip',39,'2020-10-13 14:39:35','2020-10-13 14:44:34'),(25,85,4,NULL,'41_35_1602599974.zip','storage/delivery/41_35_1602599974.zip',41,'2020-10-13 14:39:35','2020-10-13 14:44:34'),(26,85,17,NULL,'41_48_1602599974.zip','storage/delivery/41_48_1602599974.zip',41,'2020-10-13 14:39:35','2020-10-13 14:44:36'),(27,95,9,NULL,NULL,NULL,45,'2020-10-13 14:39:35','2020-10-13 14:39:35'),(28,95,17,NULL,'45_48_1602599975.zip','storage/delivery/45_48_1602599975.zip',45,'2020-10-13 14:39:35','2020-10-13 14:44:36'),(29,95,4,NULL,'45_35_1602599975.zip','storage/delivery/45_35_1602599975.zip',45,'2020-10-13 14:39:35','2020-10-13 14:44:36'),(30,98,4,NULL,'47_35_1602599975.zip','storage/delivery/47_35_1602599975.zip',47,'2020-10-13 14:39:35','2020-10-13 14:44:36'),(31,106,9,NULL,'50_31_1602599976.zip','storage/delivery/50_31_1602599976.zip',50,'2020-10-13 14:39:38','2020-10-13 14:44:37'),(32,98,17,NULL,'47_48_1602599975.zip','storage/delivery/47_48_1602599975.zip',47,'2020-10-13 14:39:38','2020-10-13 14:44:37'),(33,106,4,NULL,'50_35_1602599976.zip','storage/delivery/50_35_1602599976.zip',50,'2020-10-13 14:39:38','2020-10-13 14:44:36'),(34,106,17,NULL,'50_48_1602599976.zip','storage/delivery/50_48_1602599976.zip',50,'2020-10-13 14:39:38','2020-10-13 14:44:37'),(35,116,9,NULL,NULL,NULL,54,'2020-10-13 14:39:38','2020-10-13 14:39:38'),(36,116,17,NULL,'54_48_1602599976.zip','storage/delivery/54_48_1602599976.zip',54,'2020-10-13 14:39:38','2020-10-13 14:44:37'),(37,116,4,NULL,'54_35_1602599976.zip','storage/delivery/54_35_1602599976.zip',54,'2020-10-13 14:39:38','2020-10-13 14:44:37'),(38,119,9,NULL,NULL,NULL,56,'2020-10-13 14:39:38','2020-10-13 14:39:38'),(39,119,4,NULL,'56_35_1602599976.zip','storage/delivery/56_35_1602599976.zip',56,'2020-10-13 14:39:38','2020-10-13 14:44:36'),(40,119,17,NULL,'56_48_1602599976.zip','storage/delivery/56_48_1602599976.zip',56,'2020-10-13 14:39:38','2020-10-13 14:44:37'),(41,126,4,NULL,'59_35_1602599977.zip','storage/delivery/59_35_1602599977.zip',59,'2020-10-13 14:39:38','2020-10-13 14:44:37'),(42,129,17,NULL,'61_48_1602599977.zip','storage/delivery/61_48_1602599977.zip',61,'2020-10-13 14:39:38','2020-10-13 14:44:37'),(43,126,17,NULL,'59_48_1602599977.zip','storage/delivery/59_48_1602599977.zip',59,'2020-10-13 14:39:38','2020-10-13 14:44:37'),(44,129,4,NULL,'61_35_1602599977.zip','storage/delivery/61_35_1602599977.zip',61,'2020-10-13 14:39:38','2020-10-13 14:44:37'),(45,132,17,NULL,'63_48_1602599978.zip','storage/delivery/63_48_1602599978.zip',63,'2020-10-13 14:39:38','2020-10-13 14:44:40'),(46,132,9,NULL,NULL,NULL,63,'2020-10-13 14:39:38','2020-10-13 14:39:38'),(47,132,4,NULL,'63_35_1602599977.zip','storage/delivery/63_35_1602599977.zip',63,'2020-10-13 14:39:38','2020-10-13 14:44:40'),(48,133,4,NULL,'64_35_1602599978.zip','storage/delivery/64_35_1602599978.zip',64,'2020-10-13 14:39:38','2020-10-13 14:44:40'),(49,141,8,NULL,'69_45_1602599978.zip','storage/delivery/69_45_1602599978.zip',69,'2020-10-13 14:39:38','2020-10-13 14:44:40'),(50,133,17,NULL,'64_48_1602599978.zip','storage/delivery/64_48_1602599978.zip',64,'2020-10-13 14:39:38','2020-10-13 14:44:40'),(51,144,8,NULL,'71_45_1602599979.zip','storage/delivery/71_45_1602599979.zip',71,'2020-10-13 14:39:41','2020-10-13 14:44:40'),(52,160,8,NULL,'81_45_1602599980.zip','storage/delivery/81_45_1602599980.zip',81,'2020-10-13 14:39:41','2020-10-13 14:44:40'),(53,151,8,NULL,'76_45_1602599979.zip','storage/delivery/76_45_1602599979.zip',76,'2020-10-13 14:39:41','2020-10-13 14:44:40'),(54,172,8,NULL,'88_45_1602599980.zip','storage/delivery/88_45_1602599980.zip',88,'2020-10-13 14:39:41','2020-10-13 14:44:40'),(55,164,8,NULL,'84_45_1602599980.zip','storage/delivery/84_45_1602599980.zip',84,'2020-10-13 14:39:41','2020-10-13 14:44:40'),(56,185,8,NULL,'99_45_1602599980.zip','storage/delivery/99_45_1602599980.zip',99,'2020-10-13 14:39:41','2020-10-13 14:44:40'),(57,202,8,NULL,'108_45_1602599980.zip','storage/delivery/108_45_1602599980.zip',108,'2020-10-13 14:39:41','2020-10-13 14:44:43'),(58,194,8,NULL,'104_45_1602599980.zip','storage/delivery/104_45_1602599980.zip',104,'2020-10-13 14:39:41','2020-10-13 14:44:40'),(59,207,8,NULL,'111_45_1602599981.zip','storage/delivery/111_45_1602599981.zip',111,'2020-10-13 14:39:41','2020-10-13 14:44:43'),(60,217,8,NULL,'116_45_1602599981.zip','storage/delivery/116_45_1602599981.zip',116,'2020-10-13 14:39:41','2020-10-13 14:44:43'),(61,226,8,NULL,'121_45_1602599982.zip','storage/delivery/121_45_1602599982.zip',121,'2020-10-13 14:39:43','2020-10-13 14:44:43'),(62,229,8,NULL,'123_45_1602599982.zip','storage/delivery/123_45_1602599982.zip',123,'2020-10-13 14:39:43','2020-10-13 14:44:43'),(63,232,8,NULL,'126_45_1602599982.zip','storage/delivery/126_45_1602599982.zip',126,'2020-10-13 14:39:43','2020-10-13 14:44:43'),(64,244,8,NULL,'133_45_1602599983.zip','storage/delivery/133_45_1602599983.zip',133,'2020-10-13 14:39:43','2020-10-13 14:44:43'),(65,247,8,NULL,'135_45_1602599983.zip','storage/delivery/135_45_1602599983.zip',135,'2020-10-13 14:39:43','2020-10-13 14:44:43'),(66,248,8,NULL,'136_45_1602599983.zip','storage/delivery/136_45_1602599983.zip',136,'2020-10-13 14:39:43','2020-10-13 14:44:43'),(67,251,8,NULL,'138_45_1602599983.zip','storage/delivery/138_45_1602599983.zip',138,'2020-10-13 14:39:44','2020-10-13 14:44:43'),(68,259,8,NULL,'142_45_1602599983.zip','storage/delivery/142_45_1602599983.zip',142,'2020-10-13 14:39:44','2020-10-13 14:44:43'),(69,262,8,NULL,'144_45_1602599983.zip','storage/delivery/144_45_1602599983.zip',144,'2020-10-13 14:39:44','2020-10-13 14:44:43'),(70,264,8,NULL,'146_45_1602599983.zip','storage/delivery/146_45_1602599983.zip',146,'2020-10-13 14:39:44','2020-10-13 14:44:43'),(71,272,8,NULL,'150_45_1602599984.zip','storage/delivery/150_45_1602599984.zip',150,'2020-10-13 14:39:47','2020-10-13 14:44:46'),(72,275,8,NULL,'152_45_1602599985.zip','storage/delivery/152_45_1602599985.zip',152,'2020-10-13 14:39:47','2020-10-13 14:44:46'),(73,277,8,NULL,'154_45_1602599985.zip','storage/delivery/154_45_1602599985.zip',154,'2020-10-13 14:39:47','2020-10-13 14:44:46'),(74,288,17,NULL,'161_48_1602599985.zip','storage/delivery/161_48_1602599985.zip',161,'2020-10-13 14:39:47','2020-10-13 14:44:46'),(75,288,8,NULL,NULL,NULL,161,'2020-10-13 14:39:47','2020-10-13 14:39:47'),(76,291,8,NULL,NULL,NULL,163,'2020-10-13 14:39:47','2020-10-13 14:39:47'),(77,291,17,NULL,'163_48_1602599985.zip','storage/delivery/163_48_1602599985.zip',163,'2020-10-13 14:39:48','2020-10-13 14:44:46'),(78,305,17,NULL,'171_48_1602599985.zip','storage/delivery/171_48_1602599985.zip',171,'2020-10-13 14:39:48','2020-10-13 14:44:46'),(79,299,17,NULL,'167_48_1602599985.zip','storage/delivery/167_48_1602599985.zip',167,'2020-10-13 14:39:48','2020-10-13 14:44:46'),(80,308,9,NULL,NULL,NULL,173,'2020-10-13 14:39:48','2020-10-13 14:39:48'),(81,302,17,NULL,'169_48_1602599985.zip','storage/delivery/169_48_1602599985.zip',169,'2020-10-13 14:39:48','2020-10-13 14:44:46'),(82,308,17,NULL,'173_48_1602599986.zip','storage/delivery/173_48_1602599986.zip',173,'2020-10-13 14:39:48','2020-10-13 14:44:49'),(83,319,17,NULL,'177_48_1602599987.zip','storage/delivery/177_48_1602599987.zip',177,'2020-10-13 14:39:48','2020-10-13 14:44:50'),(84,311,17,NULL,NULL,NULL,174,'2020-10-13 14:39:48','2020-10-13 14:39:48'),(85,322,17,NULL,'179_48_1602599987.zip','storage/delivery/179_48_1602599987.zip',179,'2020-10-13 14:39:48','2020-10-13 14:44:50'),(86,325,17,NULL,'181_48_1602599987.zip','storage/delivery/181_48_1602599987.zip',181,'2020-10-13 14:39:48','2020-10-13 14:44:50'),(87,330,17,NULL,'185_48_1602599987.zip','storage/delivery/185_48_1602599987.zip',185,'2020-10-13 14:39:48','2020-10-13 14:44:49'),(88,328,17,NULL,'183_48_1602599987.zip','storage/delivery/183_48_1602599987.zip',183,'2020-10-13 14:39:48','2020-10-13 14:44:49'),(89,332,17,NULL,'187_48_1602599987.zip','storage/delivery/187_48_1602599987.zip',187,'2020-10-13 14:39:48','2020-10-13 14:44:49'),(90,339,17,NULL,'192_48_1602599987.zip','storage/delivery/192_48_1602599987.zip',192,'2020-10-13 14:39:48','2020-10-13 14:44:49'),(91,342,17,NULL,'194_48_1602599989.zip','storage/delivery/194_48_1602599989.zip',194,'2020-10-13 14:39:51','2020-10-13 14:44:50'),(92,348,17,NULL,'197_48_1602599989.zip','storage/delivery/197_48_1602599989.zip',197,'2020-10-13 14:39:51','2020-10-13 14:44:50'),(93,354,17,NULL,'200_48_1602599989.zip','storage/delivery/200_48_1602599989.zip',200,'2020-10-13 14:39:51','2020-10-13 14:44:50'),(94,355,17,NULL,'201_48_1602599989.zip','storage/delivery/201_48_1602599989.zip',201,'2020-10-13 14:39:51','2020-10-13 14:44:50'),(95,362,17,NULL,'205_48_1602599989.zip','storage/delivery/205_48_1602599989.zip',205,'2020-10-13 14:39:51','2020-10-13 14:44:50'),(96,365,17,NULL,'207_48_1602599989.zip','storage/delivery/207_48_1602599989.zip',207,'2020-10-13 14:39:51','2020-10-13 14:44:50'),(97,364,17,NULL,'206_48_1602599989.zip','storage/delivery/206_48_1602599989.zip',206,'2020-10-13 14:39:51','2020-10-13 14:44:50'),(98,368,17,NULL,'209_48_1602599989.zip','storage/delivery/209_48_1602599989.zip',209,'2020-10-13 14:39:51','2020-10-13 14:44:50'),(99,377,17,NULL,'214_48_1602599989.zip','storage/delivery/214_48_1602599989.zip',214,'2020-10-13 14:39:51','2020-10-13 14:44:50'),(100,380,17,NULL,'216_48_1602599990.zip','storage/delivery/216_48_1602599990.zip',216,'2020-10-13 14:39:51','2020-10-13 14:44:50'),(101,374,17,NULL,'212_48_1602599989.zip','storage/delivery/212_48_1602599989.zip',212,'2020-10-13 14:39:51','2020-10-13 14:44:50'),(102,383,17,NULL,'218_48_1602599990.zip','storage/delivery/218_48_1602599990.zip',218,'2020-10-13 14:39:51','2020-10-13 14:44:50'),(103,391,17,NULL,'222_48_1602599990.zip','storage/delivery/222_48_1602599990.zip',222,'2020-10-13 14:39:51','2020-10-13 14:44:50'),(104,389,17,NULL,'220_48_1602599990.zip','storage/delivery/220_48_1602599990.zip',220,'2020-10-13 14:39:51','2020-10-13 14:44:50'),(105,393,17,NULL,'224_48_1602599990.zip','storage/delivery/224_48_1602599990.zip',224,'2020-10-13 14:39:51','2020-10-13 14:44:50'),(106,398,17,NULL,'227_48_1602599990.zip','storage/delivery/227_48_1602599990.zip',227,'2020-10-13 14:39:51','2020-10-13 14:44:50'),(107,414,9,NULL,'236_31_1602599990.zip','storage/delivery/236_31_1602599990.zip',236,'2020-10-13 14:39:51','2020-10-13 14:44:50'),(108,414,4,NULL,NULL,NULL,236,'2020-10-13 14:39:51','2020-10-13 14:39:51'),(109,399,17,NULL,'228_48_1602599990.zip','storage/delivery/228_48_1602599990.zip',228,'2020-10-13 14:39:51','2020-10-13 14:44:50'),(110,414,16,NULL,NULL,NULL,236,'2020-10-13 14:39:51','2020-10-13 14:39:51'),(111,414,19,NULL,'236_37_1602599991.zip','storage/delivery/236_37_1602599991.zip',236,'2020-10-13 14:39:51','2020-10-13 14:44:53'),(112,414,26,NULL,'236_46_1602599991.zip','storage/delivery/236_46_1602599991.zip',236,'2020-10-13 14:39:51','2020-10-13 14:44:53'),(113,417,16,NULL,NULL,NULL,237,'2020-10-13 14:39:51','2020-10-13 14:39:51'),(114,417,9,NULL,NULL,NULL,237,'2020-10-13 14:39:51','2020-10-13 14:39:51'),(115,417,4,NULL,NULL,NULL,237,'2020-10-13 14:39:51','2020-10-13 14:39:51'),(116,417,19,NULL,'237_37_1602599991.zip','storage/delivery/237_37_1602599991.zip',237,'2020-10-13 14:39:54','2020-10-13 14:44:53'),(117,422,27,NULL,'240_47_1602599991.zip','storage/delivery/240_47_1602599991.zip',240,'2020-10-13 14:39:54','2020-10-13 14:44:53'),(118,422,16,NULL,NULL,NULL,240,'2020-10-13 14:39:54','2020-10-13 14:39:54'),(119,417,26,NULL,NULL,NULL,237,'2020-10-13 14:39:54','2020-10-13 14:39:54'),(120,422,9,NULL,NULL,NULL,240,'2020-10-13 14:39:54','2020-10-13 14:39:54'),(121,422,4,NULL,NULL,NULL,240,'2020-10-13 14:39:54','2020-10-13 14:39:54'),(122,422,19,NULL,'240_37_1602599992.zip','storage/delivery/240_37_1602599992.zip',240,'2020-10-13 14:39:54','2020-10-13 14:44:53'),(123,422,26,NULL,'240_46_1602599992.zip','storage/delivery/240_46_1602599992.zip',240,'2020-10-13 14:39:54','2020-10-13 14:44:53'),(124,430,9,NULL,NULL,NULL,245,'2020-10-13 14:39:54','2020-10-13 14:39:54'),(125,430,27,NULL,'245_47_1602599992.zip','storage/delivery/245_47_1602599992.zip',245,'2020-10-13 14:39:54','2020-10-13 14:44:53'),(126,430,4,NULL,NULL,NULL,245,'2020-10-13 14:39:54','2020-10-13 14:39:54'),(127,430,16,NULL,NULL,NULL,245,'2020-10-13 14:39:54','2020-10-13 14:39:54'),(128,430,26,NULL,'245_46_1602599992.zip','storage/delivery/245_46_1602599992.zip',245,'2020-10-13 14:39:54','2020-10-13 14:44:53'),(129,430,19,NULL,'245_37_1602599992.zip','storage/delivery/245_37_1602599992.zip',245,'2020-10-13 14:39:54','2020-10-13 14:44:53'),(130,431,27,NULL,'246_47_1602599992.zip','storage/delivery/246_47_1602599992.zip',246,'2020-10-13 14:39:54','2020-10-13 14:44:53'),(131,431,9,NULL,NULL,NULL,246,'2020-10-13 14:39:54','2020-10-13 14:39:54'),(132,431,4,NULL,NULL,NULL,246,'2020-10-13 14:39:54','2020-10-13 14:39:54'),(133,431,19,NULL,'246_37_1602599993.zip','storage/delivery/246_37_1602599993.zip',246,'2020-10-13 14:39:54','2020-10-13 14:44:53'),(134,431,16,NULL,NULL,NULL,246,'2020-10-13 14:39:54','2020-10-13 14:39:54'),(135,431,26,NULL,'246_46_1602599993.zip','storage/delivery/246_46_1602599993.zip',246,'2020-10-13 14:39:55','2020-10-13 14:44:54'),(136,434,27,NULL,'248_47_1602599993.zip','storage/delivery/248_47_1602599993.zip',248,'2020-10-13 14:39:55','2020-10-13 14:44:53'),(137,434,9,NULL,NULL,NULL,248,'2020-10-13 14:39:55','2020-10-13 14:39:55'),(138,434,4,NULL,NULL,NULL,248,'2020-10-13 14:39:55','2020-10-13 14:39:55'),(139,434,19,NULL,'248_37_1602599993.zip','storage/delivery/248_37_1602599993.zip',248,'2020-10-13 14:39:55','2020-10-13 14:44:53'),(140,434,16,NULL,NULL,NULL,248,'2020-10-13 14:39:55','2020-10-13 14:39:55'),(141,434,26,NULL,'248_46_1602599996.zip','storage/delivery/248_46_1602599996.zip',248,'2020-10-13 14:39:57','2020-10-13 14:44:57'),(142,440,19,NULL,'251_37_1602599996.zip','storage/delivery/251_37_1602599996.zip',251,'2020-10-13 14:39:57','2020-10-13 14:44:56'),(143,440,26,NULL,'251_46_1602599996.zip','storage/delivery/251_46_1602599996.zip',251,'2020-10-13 14:39:57','2020-10-13 14:44:57'),(144,450,19,NULL,NULL,NULL,256,'2020-10-13 14:39:57','2020-10-13 14:39:57'),(145,450,26,NULL,'256_46_1602599996.zip','storage/delivery/256_46_1602599996.zip',256,'2020-10-13 14:39:58','2020-10-13 14:44:57'),(146,460,19,NULL,'261_37_1602599996.zip','storage/delivery/261_37_1602599996.zip',261,'2020-10-13 14:39:58','2020-10-13 14:44:56'),(147,460,9,NULL,NULL,NULL,261,'2020-10-13 14:39:58','2020-10-13 14:39:58'),(148,470,19,NULL,'266_37_1602599996.zip','storage/delivery/266_37_1602599996.zip',266,'2020-10-13 14:39:58','2020-10-13 14:44:57'),(149,460,26,NULL,'261_46_1602599996.zip','storage/delivery/261_46_1602599996.zip',261,'2020-10-13 14:39:58','2020-10-13 14:44:57'),(150,470,26,NULL,'266_46_1602599997.zip','storage/delivery/266_46_1602599997.zip',266,'2020-10-13 14:39:58','2020-10-13 14:44:58'),(151,480,26,NULL,'271_46_1602599999.zip','storage/delivery/271_46_1602599999.zip',271,'2020-10-13 14:40:01','2020-10-13 14:45:00'),(152,480,19,NULL,'271_37_1602599998.zip','storage/delivery/271_37_1602599998.zip',271,'2020-10-13 14:40:01','2020-10-13 14:44:59'),(153,486,9,NULL,NULL,NULL,274,'2020-10-13 14:40:01','2020-10-13 14:40:01'),(154,486,19,NULL,NULL,NULL,274,'2020-10-13 14:40:01','2020-10-13 14:40:01'),(155,486,26,NULL,'274_46_1602599999.zip','storage/delivery/274_46_1602599999.zip',274,'2020-10-13 14:40:01','2020-10-13 14:45:00'),(156,494,19,NULL,'279_37_1602599999.zip','storage/delivery/279_37_1602599999.zip',279,'2020-10-13 14:40:01','2020-10-13 14:44:59'),(157,494,26,NULL,'279_46_1602599999.zip','storage/delivery/279_46_1602599999.zip',279,'2020-10-13 14:40:01','2020-10-13 14:45:00'),(158,503,26,NULL,'284_46_1602599999.zip','storage/delivery/284_46_1602599999.zip',284,'2020-10-13 14:40:01','2020-10-13 14:45:00'),(159,503,19,NULL,'284_37_1602599999.zip','storage/delivery/284_37_1602599999.zip',284,'2020-10-13 14:40:01','2020-10-13 14:44:59'),(160,509,27,NULL,'287_47_1602599999.zip','storage/delivery/287_47_1602599999.zip',287,'2020-10-13 14:40:01','2020-10-13 14:45:00'),(161,526,27,NULL,'296_47_1602600000.zip','storage/delivery/296_47_1602600000.zip',296,'2020-10-13 14:40:01','2020-10-13 14:45:02'),(162,530,27,NULL,'299_47_1602600001.zip','storage/delivery/299_47_1602600001.zip',299,'2020-10-13 14:40:01','2020-10-13 14:45:02'),(163,537,27,NULL,'303_47_1602600001.zip','storage/delivery/303_47_1602600001.zip',303,'2020-10-13 14:40:01','2020-10-13 14:45:02'),(164,519,27,NULL,'292_47_1602600000.zip','storage/delivery/292_47_1602600000.zip',292,'2020-10-13 14:40:01','2020-10-13 14:45:00'),(165,541,27,NULL,'306_47_1602600001.zip','storage/delivery/306_47_1602600001.zip',306,'2020-10-13 14:40:01','2020-10-13 14:45:01'),(166,549,27,NULL,'310_47_1602600001.zip','storage/delivery/310_47_1602600001.zip',310,'2020-10-13 14:40:01','2020-10-13 14:45:02'),(167,543,27,NULL,'307_47_1602600001.zip','storage/delivery/307_47_1602600001.zip',307,'2020-10-13 14:40:01','2020-10-13 14:45:01'),(168,552,27,NULL,'312_47_1602600001.zip','storage/delivery/312_47_1602600001.zip',312,'2020-10-13 14:40:01','2020-10-13 14:45:03'),(169,561,27,NULL,'316_47_1602600001.zip','storage/delivery/316_47_1602600001.zip',316,'2020-10-13 14:40:01','2020-10-13 14:45:02'),(170,563,27,NULL,'318_47_1602600001.zip','storage/delivery/318_47_1602600001.zip',318,'2020-10-13 14:40:01','2020-10-13 14:45:02'),(171,570,27,NULL,'323_47_1602600002.zip','storage/delivery/323_47_1602600002.zip',323,'2020-10-13 14:40:04','2020-10-13 14:45:03'),(172,581,27,NULL,'329_47_1602600002.zip','storage/delivery/329_47_1602600002.zip',329,'2020-10-13 14:40:04','2020-10-13 14:45:03'),(173,582,27,NULL,'330_47_1602600003.zip','storage/delivery/330_47_1602600003.zip',330,'2020-10-13 14:40:04','2020-10-13 14:45:03'),(174,596,27,NULL,'338_47_1602600003.zip','storage/delivery/338_47_1602600003.zip',338,'2020-10-13 14:40:04','2020-10-13 14:45:03'),(175,607,27,NULL,'344_47_1602600003.zip','storage/delivery/344_47_1602600003.zip',344,'2020-10-13 14:40:04','2020-10-13 14:45:04'),(176,598,27,NULL,'339_47_1602600003.zip','storage/delivery/339_47_1602600003.zip',339,'2020-10-13 14:40:04','2020-10-13 14:45:03'),(177,619,27,NULL,'351_47_1602600003.zip','storage/delivery/351_47_1602600003.zip',351,'2020-10-13 14:40:04','2020-10-13 14:45:03'),(178,636,26,NULL,'360_46_1602600003.zip','storage/delivery/360_46_1602600003.zip',360,'2020-10-13 14:40:04','2020-10-13 14:45:03'),(179,638,26,NULL,'361_46_1602600003.zip','storage/delivery/361_46_1602600003.zip',361,'2020-10-13 14:40:04','2020-10-13 14:45:04'),(180,643,26,NULL,'363_46_1602600003.zip','storage/delivery/363_46_1602600003.zip',363,'2020-10-13 14:40:04','2020-10-13 14:45:03'),(181,646,15,NULL,NULL,NULL,365,'2020-10-13 14:40:04','2020-10-13 14:40:04'),(182,646,26,NULL,'365_46_1602600004.zip','storage/delivery/365_46_1602600004.zip',365,'2020-10-13 14:40:04','2020-10-13 14:45:05'),(183,648,15,NULL,NULL,NULL,367,'2020-10-13 14:40:04','2020-10-13 14:40:04'),(184,651,15,NULL,NULL,NULL,369,'2020-10-13 14:40:04','2020-10-13 14:40:04'),(185,648,26,NULL,'367_46_1602600004.zip','storage/delivery/367_46_1602600004.zip',367,'2020-10-13 14:40:04','2020-10-13 14:45:04'),(186,651,26,NULL,'369_46_1602600004.zip','storage/delivery/369_46_1602600004.zip',369,'2020-10-13 14:40:04','2020-10-13 14:45:04'),(187,654,15,NULL,NULL,NULL,370,'2020-10-13 14:40:04','2020-10-13 14:40:04'),(188,654,26,NULL,'370_46_1602600004.zip','storage/delivery/370_46_1602600004.zip',370,'2020-10-13 14:40:04','2020-10-13 14:45:04'),(189,661,15,NULL,NULL,NULL,373,'2020-10-13 14:40:04','2020-10-13 14:40:04'),(190,661,26,NULL,'373_46_1602600004.zip','storage/delivery/373_46_1602600004.zip',373,'2020-10-13 14:40:04','2020-10-13 14:45:04'),(191,664,15,NULL,NULL,NULL,374,'2020-10-13 14:40:07','2020-10-13 14:40:07'),(192,664,26,NULL,'374_46_1602600005.zip','storage/delivery/374_46_1602600005.zip',374,'2020-10-13 14:40:07','2020-10-13 14:45:06'),(193,667,15,NULL,NULL,NULL,376,'2020-10-13 14:40:07','2020-10-13 14:40:07'),(194,667,26,NULL,'376_46_1602600005.zip','storage/delivery/376_46_1602600005.zip',376,'2020-10-13 14:40:07','2020-10-13 14:45:06'),(195,670,27,NULL,NULL,NULL,378,'2020-10-13 14:40:07','2020-10-13 14:40:07'),(196,677,26,NULL,'382_46_1602600005.zip','storage/delivery/382_46_1602600005.zip',382,'2020-10-13 14:40:07','2020-10-13 14:45:05'),(197,670,26,NULL,'378_46_1602600005.zip','storage/delivery/378_46_1602600005.zip',378,'2020-10-13 14:40:07','2020-10-13 14:45:06'),(198,672,26,NULL,'380_46_1602600005.zip','storage/delivery/380_46_1602600005.zip',380,'2020-10-13 14:40:07','2020-10-13 14:45:06'),(199,685,26,NULL,'387_46_1602600005.zip','storage/delivery/387_46_1602600005.zip',387,'2020-10-13 14:40:07','2020-10-13 14:45:06'),(200,679,26,NULL,'383_46_1602600005.zip','storage/delivery/383_46_1602600005.zip',383,'2020-10-13 14:40:07','2020-10-13 14:45:05'),(201,686,26,NULL,'388_46_1602600008.zip','storage/delivery/388_46_1602600008.zip',388,'2020-10-13 14:40:10','2020-10-13 14:45:09'),(202,692,26,NULL,'391_46_1602600008.zip','storage/delivery/391_46_1602600008.zip',391,'2020-10-13 14:40:10','2020-10-13 14:45:09'),(203,693,26,NULL,'392_46_1602600008.zip','storage/delivery/392_46_1602600008.zip',392,'2020-10-13 14:40:10','2020-10-13 14:45:09'),(204,694,26,NULL,'393_46_1602600008.zip','storage/delivery/393_46_1602600008.zip',393,'2020-10-13 14:40:10','2020-10-13 14:45:09'),(205,699,26,NULL,'396_46_1602600008.zip','storage/delivery/396_46_1602600008.zip',396,'2020-10-13 14:40:10','2020-10-13 14:45:09'),(206,700,26,NULL,'397_46_1602600008.zip','storage/delivery/397_46_1602600008.zip',397,'2020-10-13 14:40:10','2020-10-13 14:45:09'),(207,718,26,NULL,'408_46_1602600009.zip','storage/delivery/408_46_1602600009.zip',408,'2020-10-13 14:40:10','2020-10-13 14:45:10'),(208,709,26,NULL,'402_46_1602600009.zip','storage/delivery/402_46_1602600009.zip',402,'2020-10-13 14:40:10','2020-10-13 14:45:09'),(209,706,26,NULL,'400_46_1602600009.zip','storage/delivery/400_46_1602600009.zip',400,'2020-10-13 14:40:10','2020-10-13 14:45:10'),(210,719,26,NULL,'409_46_1602600009.zip','storage/delivery/409_46_1602600009.zip',409,'2020-10-13 14:40:10','2020-10-13 14:45:10'),(211,721,26,NULL,'411_46_1602600010.zip','storage/delivery/411_46_1602600010.zip',411,'2020-10-13 14:40:10','2020-10-13 14:45:10'),(212,727,26,NULL,'414_46_1602600010.zip','storage/delivery/414_46_1602600010.zip',414,'2020-10-13 14:40:10','2020-10-13 14:45:10');
/*!40000 ALTER TABLE `delivery` ENABLE KEYS */;
UNLOCK TABLES;

--
-- Table structure for table `educational_institution`
--

DROP TABLE IF EXISTS `educational_institution`;
/*!40101 SET @saved_cs_client     = @@character_set_client */;
/*!40101 SET character_set_client = utf8 */;
CREATE TABLE `educational_institution` (
  `id` int(10) unsigned NOT NULL AUTO_INCREMENT,
  `municipality_id` bigint(20) unsigned NOT NULL,
  `educational_institution_type_id` bigint(20) unsigned NOT NULL,
  `parent_id` int(10) unsigned DEFAULT NULL,
  `name` varchar(191) COLLATE utf8mb4_unicode_ci NOT NULL,
  `latitude` varchar(191) COLLATE utf8mb4_unicode_ci NOT NULL,
  `longitude` varchar(191) COLLATE utf8mb4_unicode_ci NOT NULL,
  `created_at` timestamp NULL DEFAULT NULL,
  `updated_at` timestamp NULL DEFAULT NULL,
  PRIMARY KEY (`id`),
  KEY `educational_institution_municipality_id_index` (`municipality_id`),
  KEY `educational_institution_educational_institution_type_id_index` (`educational_institution_type_id`),
  KEY `educational_institution_parent_id_index` (`parent_id`),
  CONSTRAINT `educational_institution_educational_institution_type_id_foreign` FOREIGN KEY (`educational_institution_type_id`) REFERENCES `educational_institution_type` (`id`),
  CONSTRAINT `educational_institution_municipality_id_foreign` FOREIGN KEY (`municipality_id`) REFERENCES `municipality` (`id`),
  CONSTRAINT `educational_institution_parent_id_foreign` FOREIGN KEY (`parent_id`) REFERENCES `educational_institution` (`id`)
) ENGINE=InnoDB AUTO_INCREMENT=1013 DEFAULT CHARSET=utf8mb4 COLLATE=utf8mb4_unicode_ci;
/*!40101 SET character_set_client = @saved_cs_client */;

--
-- Dumping data for table `educational_institution`
--

LOCK TABLES `educational_institution` WRITE;
/*!40000 ALTER TABLE `educational_institution` DISABLE KEYS */;
INSERT INTO `educational_institution` VALUES (1,13001,2,1001,'Institución Educativa 1','','','2020-10-13 14:37:18','2020-10-13 14:37:18'),(2,13001,2,1001,'Institución Educativa 2','','','2020-10-13 14:37:18','2020-10-13 14:37:18'),(3,13001,2,1001,'Institución Educativa 3','','','2020-10-13 14:37:18','2020-10-13 14:37:18'),(4,13001,2,1001,'Institución Educativa 4','','','2020-10-13 14:37:18','2020-10-13 14:37:18'),(5,13001,2,1001,'Institución Educativa 5','','','2020-10-13 14:37:18','2020-10-13 14:37:18'),(6,13001,2,1001,'Institución Educativa 6','','','2020-10-13 14:37:18','2020-10-13 14:37:18'),(7,13001,2,1001,'Institución Educativa 7','','','2020-10-13 14:37:18','2020-10-13 14:37:18'),(8,13001,2,1001,'Institución Educativa 8','','','2020-10-13 14:37:18','2020-10-13 14:37:18'),(9,15238,2,1002,'Institución Educativa 9','','','2020-10-13 14:37:18','2020-10-13 14:37:18'),(10,15238,2,1002,'Institución Educativa 10','','','2020-10-13 14:37:18','2020-10-13 14:37:18'),(11,15238,2,1002,'Institución Educativa 11','','','2020-10-13 14:37:18','2020-10-13 14:37:18'),(12,15238,2,1002,'Institución Educativa 12','','','2020-10-13 14:37:18','2020-10-13 14:37:18'),(13,15238,2,1002,'Institución Educativa 13','','','2020-10-13 14:37:18','2020-10-13 14:37:18'),(14,15238,2,1002,'Institución Educativa 14','','','2020-10-13 14:37:18','2020-10-13 14:37:18'),(15,15238,2,1002,'Institución Educativa 15','','','2020-10-13 14:37:18','2020-10-13 14:37:18'),(16,15238,2,1002,'Institución Educativa 16','','','2020-10-13 14:37:18','2020-10-13 14:37:18'),(17,17001,2,1003,'Institución Educativa 17','','','2020-10-13 14:37:18','2020-10-13 14:37:18'),(18,17001,2,1003,'Institución Educativa 18','','','2020-10-13 14:37:18','2020-10-13 14:37:18'),(19,17001,2,1003,'Institución Educativa 19','','','2020-10-13 14:37:18','2020-10-13 14:37:18'),(20,17001,2,1003,'Institución Educativa 20','','','2020-10-13 14:37:18','2020-10-13 14:37:18'),(21,17001,2,1003,'Institución Educativa 21','','','2020-10-13 14:37:18','2020-10-13 14:37:18'),(22,17001,2,1003,'Institución Educativa 22','','','2020-10-13 14:37:18','2020-10-13 14:37:18'),(23,17001,2,1003,'Institución Educativa 23','','','2020-10-13 14:37:18','2020-10-13 14:37:18'),(24,17001,2,1003,'Institución Educativa 24','','','2020-10-13 14:37:18','2020-10-13 14:37:18'),(25,19001,2,1004,'Institución Educativa 25','','','2020-10-13 14:37:18','2020-10-13 14:37:18'),(26,19001,2,1004,'Institución Educativa 26','','','2020-10-13 14:37:18','2020-10-13 14:37:18'),(27,19001,2,1004,'Institución Educativa 27','','','2020-10-13 14:37:18','2020-10-13 14:37:18'),(28,19001,2,1004,'Institución Educativa 28','','','2020-10-13 14:37:18','2020-10-13 14:37:18'),(29,19001,2,1004,'Institución Educativa 29','','','2020-10-13 14:37:18','2020-10-13 14:37:18'),(30,19001,2,1004,'Institución Educativa 30','','','2020-10-13 14:37:18','2020-10-13 14:37:18'),(31,19001,2,1004,'Institución Educativa 31','','','2020-10-13 14:37:18','2020-10-13 14:37:18'),(32,19001,2,1004,'Institución Educativa 32','','','2020-10-13 14:37:18','2020-10-13 14:37:18'),(33,19001,2,1004,'Institución Educativa 33','','','2020-10-13 14:37:18','2020-10-13 14:37:18'),(34,27001,2,1005,'Institución Educativa 34','','','2020-10-13 14:37:18','2020-10-13 14:37:18'),(35,27001,2,1005,'Institución Educativa 35','','','2020-10-13 14:37:18','2020-10-13 14:37:18'),(36,27001,2,1005,'Institución Educativa 36','','','2020-10-13 14:37:18','2020-10-13 14:37:18'),(37,27001,2,1005,'Institución Educativa 37','','','2020-10-13 14:37:18','2020-10-13 14:37:18'),(38,27001,2,1005,'Institución Educativa 38','','','2020-10-13 14:37:18','2020-10-13 14:37:18'),(39,27001,2,1005,'Institución Educativa 39','','','2020-10-13 14:37:18','2020-10-13 14:37:18'),(40,27001,2,1005,'Institución Educativa 40','','','2020-10-13 14:37:18','2020-10-13 14:37:18'),(41,27001,2,1005,'Institución Educativa 41','','','2020-10-13 14:37:18','2020-10-13 14:37:18'),(42,52356,2,1006,'Institución Educativa 42','','','2020-10-13 14:37:18','2020-10-13 14:37:18'),(43,52356,2,1006,'Institución Educativa 43','','','2020-10-13 14:37:18','2020-10-13 14:37:18'),(44,52356,2,1006,'Institución Educativa 44','','','2020-10-13 14:37:18','2020-10-13 14:37:18'),(45,52356,2,1006,'Institución Educativa 45','','','2020-10-13 14:37:18','2020-10-13 14:37:18'),(46,52356,2,1006,'Institución Educativa 46','','','2020-10-13 14:37:18','2020-10-13 14:37:18'),(47,52356,2,1006,'Institución Educativa 47','','','2020-10-13 14:37:18','2020-10-13 14:37:18'),(48,52356,2,1006,'Institución Educativa 48','','','2020-10-13 14:37:18','2020-10-13 14:37:18'),(49,52356,2,1006,'Institución Educativa 49','','','2020-10-13 14:37:18','2020-10-13 14:37:18'),(50,52356,2,1006,'Institución Educativa 50','','','2020-10-13 14:37:18','2020-10-13 14:37:18'),(51,23001,2,1007,'Institución Educativa 51','','','2020-10-13 14:37:18','2020-10-13 14:37:18'),(52,23001,2,1007,'Institución Educativa 52','','','2020-10-13 14:37:18','2020-10-13 14:37:18'),(53,23001,2,1007,'Institución Educativa 53','','','2020-10-13 14:37:18','2020-10-13 14:37:18'),(54,23001,2,1007,'Institución Educativa 54','','','2020-10-13 14:37:18','2020-10-13 14:37:18'),(55,23001,2,1007,'Institución Educativa 55','','','2020-10-13 14:37:18','2020-10-13 14:37:18'),(56,23001,2,1007,'Institución Educativa 56','','','2020-10-13 14:37:18','2020-10-13 14:37:18'),(57,23001,2,1007,'Institución Educativa 57','','','2020-10-13 14:37:18','2020-10-13 14:37:18'),(58,23001,2,1007,'Institución Educativa 58','','','2020-10-13 14:37:18','2020-10-13 14:37:18'),(59,25307,2,1008,'Institución Educativa 59','','','2020-10-13 14:37:18','2020-10-13 14:37:18'),(60,25307,2,1008,'Institución Educativa 60','','','2020-10-13 14:37:18','2020-10-13 14:37:18'),(61,25307,2,1008,'Institución Educativa 61','','','2020-10-13 14:37:18','2020-10-13 14:37:18'),(62,25307,2,1008,'Institución Educativa 62','','','2020-10-13 14:37:18','2020-10-13 14:37:18'),(63,25307,2,1008,'Institución Educativa 63','','','2020-10-13 14:37:18','2020-10-13 14:37:18'),(64,25307,2,1008,'Institución Educativa 64','','','2020-10-13 14:37:18','2020-10-13 14:37:18'),(65,25307,2,1008,'Institución Educativa 65','','','2020-10-13 14:37:18','2020-10-13 14:37:18'),(66,25307,2,1008,'Institución Educativa 66','','','2020-10-13 14:37:18','2020-10-13 14:37:18'),(67,25307,2,1008,'Institución Educativa 67','','','2020-10-13 14:37:18','2020-10-13 14:37:18'),(68,41132,2,1009,'Institución Educativa 68','','','2020-10-13 14:37:18','2020-10-13 14:37:18'),(69,41132,2,1009,'Institución Educativa 69','','','2020-10-13 14:37:18','2020-10-13 14:37:18'),(70,41132,2,1009,'Institución Educativa 70','','','2020-10-13 14:37:18','2020-10-13 14:37:18'),(71,41132,2,1009,'Institución Educativa 71','','','2020-10-13 14:37:18','2020-10-13 14:37:18'),(72,41132,2,1009,'Institución Educativa 72','','','2020-10-13 14:37:18','2020-10-13 14:37:18'),(73,41132,2,1009,'Institución Educativa 73','','','2020-10-13 14:37:18','2020-10-13 14:37:18'),(74,41132,2,1009,'Institución Educativa 74','','','2020-10-13 14:37:18','2020-10-13 14:37:18'),(75,41132,2,1009,'Institución Educativa 75','','','2020-10-13 14:37:18','2020-10-13 14:37:18'),(76,41132,2,1009,'Institución Educativa 76','','','2020-10-13 14:37:18','2020-10-13 14:37:18'),(77,47001,2,1010,'Institución Educativa 77','','','2020-10-13 14:37:18','2020-10-13 14:37:18'),(78,47001,2,1010,'Institución Educativa 78','','','2020-10-13 14:37:18','2020-10-13 14:37:18'),(79,47001,2,1010,'Institución Educativa 79','','','2020-10-13 14:37:18','2020-10-13 14:37:18'),(80,47001,2,1010,'Institución Educativa 80','','','2020-10-13 14:37:18','2020-10-13 14:37:18'),(81,47001,2,1010,'Institución Educativa 81','','','2020-10-13 14:37:18','2020-10-13 14:37:18'),(82,47001,2,1010,'Institución Educativa 82','','','2020-10-13 14:37:18','2020-10-13 14:37:18'),(83,47001,2,1010,'Institución Educativa 83','','','2020-10-13 14:37:18','2020-10-13 14:37:18'),(84,47001,2,1010,'Institución Educativa 84','','','2020-10-13 14:37:18','2020-10-13 14:37:18'),(85,50001,2,1011,'Institución Educativa 85','','','2020-10-13 14:37:18','2020-10-13 14:37:18'),(86,50001,2,1011,'Institución Educativa 86','','','2020-10-13 14:37:18','2020-10-13 14:37:18'),(87,50001,2,1011,'Institución Educativa 87','','','2020-10-13 14:37:18','2020-10-13 14:37:18'),(88,50001,2,1011,'Institución Educativa 88','','','2020-10-13 14:37:18','2020-10-13 14:37:18'),(89,50001,2,1011,'Institución Educativa 89','','','2020-10-13 14:37:18','2020-10-13 14:37:18'),(90,50001,2,1011,'Institución Educativa 90','','','2020-10-13 14:37:18','2020-10-13 14:37:18'),(91,50001,2,1011,'Institución Educativa 91','','','2020-10-13 14:37:18','2020-10-13 14:37:18'),(92,50001,2,1011,'Institución Educativa 92','','','2020-10-13 14:37:18','2020-10-13 14:37:18'),(93,70001,2,1012,'Institución Educativa 93','','','2020-10-13 14:37:18','2020-10-13 14:37:18'),(94,70001,2,1012,'Institución Educativa 94','','','2020-10-13 14:37:18','2020-10-13 14:37:18'),(95,70001,2,1012,'Institución Educativa 95','','','2020-10-13 14:37:18','2020-10-13 14:37:18'),(96,70001,2,1012,'Institución Educativa 96','','','2020-10-13 14:37:18','2020-10-13 14:37:18'),(97,70001,2,1012,'Institución Educativa 97','','','2020-10-13 14:37:18','2020-10-13 14:37:18'),(98,70001,2,1012,'Institución Educativa 98','','','2020-10-13 14:37:18','2020-10-13 14:37:18'),(99,70001,2,1012,'Institución Educativa 99','','','2020-10-13 14:37:18','2020-10-13 14:37:18'),(100,70001,2,1012,'Institución Educativa 100','','','2020-10-13 14:37:18','2020-10-13 14:37:18'),(1001,13001,1,NULL,'CENTRO DE COMERCIO Y SERVICIOS','','','2020-10-13 14:37:18','2020-10-13 14:37:18'),(1002,15238,1,NULL,'CENTRO DE DESARROLLO AGROPECUARIO Y AGROINDUSTRIAL','','','2020-10-13 14:37:18','2020-10-13 14:37:18'),(1003,17001,1,NULL,'CENTRO DE AUTOMATIZACION INDUSTRIAL','','','2020-10-13 14:37:18','2020-10-13 14:37:18'),(1004,19001,1,NULL,'CENTRO AGROPECUARIO','','','2020-10-13 14:37:18','2020-10-13 14:37:18'),(1005,27001,1,NULL,'CENTRO DE RECURSOS NATURALES, INDUSTRIA Y BIODIVERSIDAD','','','2020-10-13 14:37:18','2020-10-13 14:37:18'),(1006,52356,1,NULL,'CENTRO SUR COLOMBIANO DE LOGÍSTICA INTERNACIONAL','','','2020-10-13 14:37:18','2020-10-13 14:37:18'),(1007,23001,1,NULL,'CENTRO AGROPECUARIO Y DE BIOTECNOLOGÍA EL PORVENIR','','','2020-10-13 14:37:18','2020-10-13 14:37:18'),(1008,25307,1,NULL,'CENTRO DE LA TECNOLOGIA DE DISEÑO Y LA PRODUCTIVIDAD  EMPRESARIAL','','','2020-10-13 14:37:18','2020-10-13 14:37:18'),(1009,41132,1,NULL,'CENTRO DE FORMACION AGROINDUSTRIAL','','','2020-10-13 14:37:18','2020-10-13 14:37:18'),(1010,47001,1,NULL,'CENTRO ACUÍCULA Y AGROINDUSTRIAL DE GAIRA','','','2020-10-13 14:37:18','2020-10-13 14:37:18'),(1011,50001,1,NULL,'CENTRO AGROINDUSTRIAL DEL META','','','2020-10-13 14:37:18','2020-10-13 14:37:18'),(1012,70001,1,NULL,'CENTRO DE LA INNOVACIÓN, LA TECNOLOGÍA Y LOS SERVICIOS','','','2020-10-13 14:37:18','2020-10-13 14:37:18');
/*!40000 ALTER TABLE `educational_institution` ENABLE KEYS */;
UNLOCK TABLES;

--
-- Table structure for table `educational_institution_type`
--

DROP TABLE IF EXISTS `educational_institution_type`;
/*!40101 SET @saved_cs_client     = @@character_set_client */;
/*!40101 SET character_set_client = utf8 */;
CREATE TABLE `educational_institution_type` (
  `id` bigint(20) unsigned NOT NULL AUTO_INCREMENT,
  `name` varchar(191) COLLATE utf8mb4_unicode_ci NOT NULL,
  `created_at` timestamp NULL DEFAULT NULL,
  `updated_at` timestamp NULL DEFAULT NULL,
  PRIMARY KEY (`id`)
) ENGINE=InnoDB AUTO_INCREMENT=3 DEFAULT CHARSET=utf8mb4 COLLATE=utf8mb4_unicode_ci;
/*!40101 SET character_set_client = @saved_cs_client */;

--
-- Dumping data for table `educational_institution_type`
--

LOCK TABLES `educational_institution_type` WRITE;
/*!40000 ALTER TABLE `educational_institution_type` DISABLE KEYS */;
INSERT INTO `educational_institution_type` VALUES (1,'Tecnoacademia','2020-10-13 14:37:18','2020-10-13 14:37:18'),(2,'Institución Educativa','2020-10-13 14:37:18','2020-10-13 14:37:18');
/*!40000 ALTER TABLE `educational_institution_type` ENABLE KEYS */;
UNLOCK TABLES;

--
-- Table structure for table `failed_jobs`
--

DROP TABLE IF EXISTS `failed_jobs`;
/*!40101 SET @saved_cs_client     = @@character_set_client */;
/*!40101 SET character_set_client = utf8 */;
CREATE TABLE `failed_jobs` (
  `id` bigint(20) unsigned NOT NULL AUTO_INCREMENT,
  `connection` text COLLATE utf8mb4_unicode_ci NOT NULL,
  `queue` text COLLATE utf8mb4_unicode_ci NOT NULL,
  `payload` longtext COLLATE utf8mb4_unicode_ci NOT NULL,
  `exception` longtext COLLATE utf8mb4_unicode_ci NOT NULL,
  `failed_at` timestamp NOT NULL DEFAULT current_timestamp(),
  PRIMARY KEY (`id`)
) ENGINE=InnoDB DEFAULT CHARSET=utf8mb4 COLLATE=utf8mb4_unicode_ci;
/*!40101 SET character_set_client = @saved_cs_client */;

--
-- Dumping data for table `failed_jobs`
--

LOCK TABLES `failed_jobs` WRITE;
/*!40000 ALTER TABLE `failed_jobs` DISABLE KEYS */;
/*!40000 ALTER TABLE `failed_jobs` ENABLE KEYS */;
UNLOCK TABLES;

--
-- Table structure for table `gender`
--

DROP TABLE IF EXISTS `gender`;
/*!40101 SET @saved_cs_client     = @@character_set_client */;
/*!40101 SET character_set_client = utf8 */;
CREATE TABLE `gender` (
  `id` tinyint(3) unsigned NOT NULL AUTO_INCREMENT,
  `name` varchar(191) COLLATE utf8mb4_unicode_ci NOT NULL,
  `created_at` timestamp NULL DEFAULT NULL,
  `updated_at` timestamp NULL DEFAULT NULL,
  PRIMARY KEY (`id`)
) ENGINE=InnoDB AUTO_INCREMENT=4 DEFAULT CHARSET=utf8mb4 COLLATE=utf8mb4_unicode_ci;
/*!40101 SET character_set_client = @saved_cs_client */;

--
-- Dumping data for table `gender`
--

LOCK TABLES `gender` WRITE;
/*!40000 ALTER TABLE `gender` DISABLE KEYS */;
INSERT INTO `gender` VALUES (1,'Femenino','2020-10-13 14:37:18','2020-10-13 14:37:18'),(2,'Masculino','2020-10-13 14:37:18','2020-10-13 14:37:18'),(3,'Otro','2020-10-13 14:37:18','2020-10-13 14:37:18');
/*!40000 ALTER TABLE `gender` ENABLE KEYS */;
UNLOCK TABLES;

--
-- Table structure for table `goal`
--

DROP TABLE IF EXISTS `goal`;
/*!40101 SET @saved_cs_client     = @@character_set_client */;
/*!40101 SET character_set_client = utf8 */;
CREATE TABLE `goal` (
  `id` bigint(20) unsigned NOT NULL AUTO_INCREMENT,
  `unit_id` tinyint(3) unsigned NOT NULL,
  `value` decimal(8,2) NOT NULL,
  `name` text COLLATE utf8mb4_unicode_ci NOT NULL,
  `description` text COLLATE utf8mb4_unicode_ci DEFAULT NULL,
  `created_at` timestamp NULL DEFAULT NULL,
  `updated_at` timestamp NULL DEFAULT NULL,
  PRIMARY KEY (`id`),
  KEY `goal_unit_id_index` (`unit_id`),
  CONSTRAINT `goal_unit_id_foreign` FOREIGN KEY (`unit_id`) REFERENCES `unit` (`id`)
) ENGINE=InnoDB AUTO_INCREMENT=777 DEFAULT CHARSET=utf8mb4 COLLATE=utf8mb4_unicode_ci;
/*!40101 SET character_set_client = @saved_cs_client */;

--
-- Dumping data for table `goal`
--

LOCK TABLES `goal` WRITE;
/*!40000 ALTER TABLE `goal` DISABLE KEYS */;
INSERT INTO `goal` VALUES (1,1,100.00,'Logro 1','Entrega el programa con el bloque por siempre y el string en su interior.  Se identifica la relación e importancia de cada instrucción y las aplica en la programación de comandos en la computadora.','2020-10-13 14:37:24','2020-10-13 14:37:24'),(2,1,65.00,'Logro 2','Entrega el programa y solo aparece el bloque “Por Siempre” Comprende las instrucciones dadas, pero no las puede aplicar en su totalidad para la programación de comandos en el Micro:bit.','2020-10-13 14:37:24','2020-10-13 14:37:24'),(3,1,30.00,'Logro 3','Entrega el programa sin ningún bloque programado. No comprende las instrucciones dadas y, por lo tanto, no programa comandos en el Micro:bit de forma efectiva.','2020-10-13 14:37:24','2020-10-13 14:37:24'),(4,1,0.00,'Logro 4','No entrega el programa.','2020-10-13 14:37:24','2020-10-13 14:37:24'),(5,1,100.00,'Logro 1','La programación de la tarjeta es exitosa y realiza la instrucción indicada en el algoritmo. ¡Bien hecho!','2020-10-13 14:37:24','2020-10-13 14:37:24'),(6,1,65.00,'Logro 2','La programación de la tarjeta es exitosa, pero empleó un mayor número de instrucciones generando un programa poco compacto. Revisa la programación.','2020-10-13 14:37:24','2020-10-13 14:37:24'),(7,1,30.00,'Logro 3','No se genera el producto esperado. Debe seguir las instrucciones y usar los bloques que indica el robot AXSG. Inténtalo nuevamente.','2020-10-13 14:37:24','2020-10-13 14:37:24'),(8,1,0.00,'Logro 4','No presenta el programa.','2020-10-13 14:37:24','2020-10-13 14:37:24'),(9,1,100.00,'Logro 1','Identifica los bloques de programación a partir de la búsqueda en MakeCode.','2020-10-13 14:37:24','2020-10-13 14:37:24'),(10,1,65.00,'Logro 2','Identifica las categorías de bloques de programación en MakeCode, pero no reconoce el bloque necesario para construir el programa.','2020-10-13 14:37:24','2020-10-13 14:37:24'),(11,1,30.00,'Logro 3','Ingresa a MakeCode, pero no realiza una búsqueda de los bloques de programación.','2020-10-13 14:37:24','2020-10-13 14:37:24'),(12,1,0.00,'Logro 4','No presenta el programa.','2020-10-13 14:37:25','2020-10-13 14:37:25'),(13,1,100.00,'Logro 1','La tarjeta genera un mensaje y usa pausas para mejorar la lectura. ¡Bien hecho!','2020-10-13 14:37:25','2020-10-13 14:37:25'),(14,1,65.00,'Logro 2','La tarjeta muestra un número, pero no usa pausas. Revisa la programación.','2020-10-13 14:37:25','2020-10-13 14:37:25'),(15,1,30.00,'Logro 3','La tarjeta no muestra ningún mensaje. Inténtalo nuevamente.','2020-10-13 14:37:25','2020-10-13 14:37:25'),(16,1,0.00,'Logro 4','No presenta el programa.','2020-10-13 14:37:25','2020-10-13 14:37:25'),(17,1,100.00,'Logro 1','Desarrolla la actividad evidenciando que interpreta correctamente las instrucciones dadas.','2020-10-13 14:37:25','2020-10-13 14:37:25'),(18,1,65.00,'Logro 2','Comprende las instrucciones recibidas, sin embargo, no las organiza en el orden indicado para el logro de los objetivos.','2020-10-13 14:37:25','2020-10-13 14:37:25'),(19,1,30.00,'Logro 3','Interpreta de manera errada las instrucciones dadas para el desarrollo de la actividad.','2020-10-13 14:37:25','2020-10-13 14:37:25'),(20,1,0.00,'Logro 4','No desarrolla la actividad.','2020-10-13 14:37:25','2020-10-13 14:37:25'),(21,1,100.00,'Logro 1','Interviene de forma propositiva en el desarrollo de la encuesta y participa activamente y de forma motivadora respondiendo la encuesta de sus compañeros.','2020-10-13 14:37:25','2020-10-13 14:37:25'),(22,1,65.00,'Logro 2','Participa en el desarrollo de la encuesta como entrevistador y/o como entrevistado, pero expresa una actitud crítica y desmotivadora sobre la actividad frente al equipo.','2020-10-13 14:37:25','2020-10-13 14:37:25'),(23,1,30.00,'Logro 3','Participa en el desarrollo de la encuesta, pero no tiene en cuenta las opiniones o propuestas de los demás aprendices, o no participa dando respuesta a las encuestas aplicadas por los otros grupos.','2020-10-13 14:37:25','2020-10-13 14:37:25'),(24,1,0.00,'Logro 4','No participa en la actividad.','2020-10-13 14:37:25','2020-10-13 14:37:25'),(25,1,100.00,'Logro 1','El algoritmo registra en una variable el número de veces que se responde una pregunta y lo muestra en los LED de Micro:bit. ¡Bien hecho!','2020-10-13 14:37:25','2020-10-13 14:37:25'),(26,1,65.00,'Logro 2','El algoritmo usa variables, pero no registra el número de respuestas al presionar un botón de Micro:bit. Revisa la programación.','2020-10-13 14:37:25','2020-10-13 14:37:25'),(27,1,30.00,'Logro 3','El algoritmo no realiza el conteo porque no se usaron variables para almacenar información. Inténtalo nuevamente.','2020-10-13 14:37:25','2020-10-13 14:37:25'),(28,1,0.00,'Logro 4','No hay evidencia de la actividad.','2020-10-13 14:37:25','2020-10-13 14:37:25'),(29,1,100.00,'Logro 1','Identifica qué son las variables en la programación y usa los resultados de la búsqueda en MakeCode para registrar correctamente las respuestas en la encuesta.','2020-10-13 14:37:25','2020-10-13 14:37:25'),(30,1,65.00,'Logro 2','Identifica qué son las variables y establece el bloque en MakeCode, pero no las gestiona adecuadamente para realizar el algoritmo con variables para la encuesta.','2020-10-13 14:37:25','2020-10-13 14:37:25'),(31,1,30.00,'Logro 3','Identifica las variables, pero no sabe establecer los bloques requeridos en MakeCode para gestionar la encuesta.','2020-10-13 14:37:25','2020-10-13 14:37:25'),(32,1,0.00,'Logro 4','No hay evidencia.','2020-10-13 14:37:25','2020-10-13 14:37:25'),(33,1,100.00,'Logro 1','En las conversaciones con su Facilitador y compañeros, durante el desarrollo de la actividad, se destaca por sus aportes y por su iniciativa al guiar las acciones a desarrollar.','2020-10-13 14:37:25','2020-10-13 14:37:25'),(34,1,65.00,'Logro 2','Se muestra dispuesto a exponer sus ideas y a escuchar las de los demás.','2020-10-13 14:37:25','2020-10-13 14:37:25'),(35,1,30.00,'Logro 3','Solo interviene cuando se le realiza una pregunta. No se muestra muy interesado en escuchar las ideas de los demás y le cuesta exponer las suyas.','2020-10-13 14:37:25','2020-10-13 14:37:25'),(36,1,0.00,'Logro 4','No desarrolla la actividad.','2020-10-13 14:37:25','2020-10-13 14:37:25'),(37,1,100.00,'Logro 1','Reconoce, valora y respeta los conocimientos, habilidades opiniones y aportes de sus compañeros para el diseño y desarrollo del juego de mesa elaborado por su grupo y aporta los suyos activamente.','2020-10-13 14:37:25','2020-10-13 14:37:25'),(38,1,65.00,'Logro 2','Adopta una actitud condescendiente frente a   los conocimientos, habilidades opiniones y aportes de sus compañeros para el diseño y desarrollo del juego de mesa elaborado por su grupo; sin embargo, en ocasiones no tiene en cuenta los conocimientos e intervenciones de sus compañeros.','2020-10-13 14:37:25','2020-10-13 14:37:25'),(39,1,30.00,'Logro 3','Impone sus propias ideas de forma insistente y necesita que se le recuerde el respeto por los conocimientos, habilidades opiniones y aportes de sus compañeros para el diseño y desarrollo del juego de mesa elaborado por su grupo.','2020-10-13 14:37:25','2020-10-13 14:37:25'),(40,1,0.00,'Logro 4','No participa en el diseño y desarrollo del juego, adoptando una actitud de desinterés e indiferencia.','2020-10-13 14:37:25','2020-10-13 14:37:25'),(41,1,100.00,'Logro 1','Por iniciativa propia, contribuye de forma activa y enriquecedora con información y opiniones que permiten el diseño y desarrollo del juego de mesa.','2020-10-13 14:37:25','2020-10-13 14:37:25'),(42,1,65.00,'Logro 2','Ocasionalmente aporta información y opiniones para el desarrollo de la actividad Condicionales - Juego de Mesa.','2020-10-13 14:37:25','2020-10-13 14:37:25'),(43,1,30.00,'Logro 3','Participa y/o comparte sus opiniones solo cuando se le solicita que lo haga, durante el desarrollo de la actividad Condicionales - Juego de Mesa.','2020-10-13 14:37:25','2020-10-13 14:37:25'),(44,1,0.00,'Logro 4','No aporta ideas y adopta una actitud indiferente y de desinterés.','2020-10-13 14:37:25','2020-10-13 14:37:25'),(45,1,100.00,'Logro 1','El dado digital usa condicionales para mostrar imágenes correspondientes a cada número aleatorio. ¡Bien hecho!','2020-10-13 14:37:25','2020-10-13 14:37:25'),(46,1,65.00,'Logro 2','El algoritmo programado usa condicionales, pero no cumple con la instrucción de la actividad. Revisa la programación.','2020-10-13 14:37:25','2020-10-13 14:37:25'),(47,1,30.00,'Logro 3','El dado digital muestra números aleatorios, pero no usa condicionales. Inténtalo nuevamente.','2020-10-13 14:37:25','2020-10-13 14:37:25'),(48,1,0.00,'Logro 4','No hay evidencia de la actividad.','2020-10-13 14:37:25','2020-10-13 14:37:25'),(49,1,100.00,'Logro 1','Representa el algoritmo en un diagrama de flujo. Usa instrucciones claras y precisas ¡Bien hecho!','2020-10-13 14:37:25','2020-10-13 14:37:25'),(50,1,65.00,'Logro 2','El algoritmo se muestra en un diagrama de flujo, pero las instrucciones no son precisas.','2020-10-13 14:37:25','2020-10-13 14:37:25'),(51,1,30.00,'Logro 3','El diagrama de flujo no representa adecuadamente el algoritmo de una forma clara ni precisa. Inténtalo nuevamente.','2020-10-13 14:37:25','2020-10-13 14:37:25'),(52,1,0.00,'Logro 4','No presentó el diagrama de flujo.','2020-10-13 14:37:25','2020-10-13 14:37:25'),(53,1,100.00,'Logro 1','El programa diseñado permite medir el tiempo de reacción usando variables y condicionales. ¡Bien hecho!','2020-10-13 14:37:25','2020-10-13 14:37:25'),(54,1,65.00,'Logro 2','El programa no mide correctamente el tiempo de reacción debido al uso incorrecto de las variables y condicionales. Revisa la programación.','2020-10-13 14:37:25','2020-10-13 14:37:25'),(55,1,30.00,'Logro 3','El programa no mide el tiempo de reacción, debido a que no incorpora variables y condicionales. Inténtalo nuevamente.','2020-10-13 14:37:25','2020-10-13 14:37:25'),(56,1,0.00,'Logro 4','No hay evidencia de la actividad.','2020-10-13 14:37:25','2020-10-13 14:37:25'),(57,1,100.00,'Logro 1','Indaga sobre variables y condicionales, encuentra cómo se usan y las integra a la programación de un prototipo para medir la velocidad de reacción.','2020-10-13 14:37:25','2020-10-13 14:37:25'),(58,1,65.00,'Logro 2','Indaga sobre el uso de variables y condicionales, pero no reconoce su aplicación en un prototipo para medir la velocidad de reacción.','2020-10-13 14:37:25','2020-10-13 14:37:25'),(59,1,30.00,'Logro 3','Indaga sobre el uso de variables y condicionales, pero no reconoce su función en los algoritmos de programación.','2020-10-13 14:37:25','2020-10-13 14:37:25'),(60,1,0.00,'Logro 4','No hay evidencia de la actividad.','2020-10-13 14:37:25','2020-10-13 14:37:25'),(61,1,100.00,'Logro 1','Demuestra comprender el tema y, a partir de él, conduce conversaciones con ideas claras y ordenadas, teniendo en cuenta a sus compañeros y opiniones.','2020-10-13 14:37:25','2020-10-13 14:37:25'),(62,1,65.00,'Logro 2','Muestra un conocimiento aceptable del tema y, a partir de él, transmite sus ideas, pero sin tener en cuenta las propuestas de sus compañeros para el desarrollo de la actividad.','2020-10-13 14:37:25','2020-10-13 14:37:25'),(63,1,30.00,'Logro 3','Se evidencia un conocimiento poco profundo del tema, por consiguiente, sus aportes tienen muy poca o no tienen relación con el desarrollo de la actividad.','2020-10-13 14:37:25','2020-10-13 14:37:25'),(64,1,0.00,'Logro 4','No realiza la actividad.','2020-10-13 14:37:25','2020-10-13 14:37:25'),(65,1,100.00,'Logro 1','Constantemente proporciona ideas útiles para la toma de datos, diseño de la tabla y la solución de la ecuación a partir de la toma de datos de su ejercicio de velocidad.','2020-10-13 14:37:25','2020-10-13 14:37:25'),(66,1,65.00,'Logro 2','Algunas veces comparte su conocimiento o ideas útiles para la toma de datos, diseño de tabla y solución de la ecuación a partir de la toma de datos de su ejercicio de velocidad.','2020-10-13 14:37:25','2020-10-13 14:37:25'),(67,1,30.00,'Logro 3','Rara vez propone ideas útiles o comparte información para la toma de datos, diseño de tabla y solución de la ecuación a partir de la toma de datos de su ejercicio de velocidad.','2020-10-13 14:37:25','2020-10-13 14:37:25'),(68,1,0.00,'Logro 4','No aporta ideas y adopta una actitud indiferente y de desinterés.','2020-10-13 14:37:25','2020-10-13 14:37:25'),(69,1,100.00,'Logro 1','La programación de la tarjeta permite medir el tiempo que un objeto tarda en recorrer una distancia definida, usando las señales de los pines analógicos. ¡Bien hecho!','2020-10-13 14:37:25','2020-10-13 14:37:25'),(70,1,65.00,'Logro 2','La programación de la tarjeta no permite medir el tiempo que un objeto tarda en recorrer una distancia definida. Hay errores en la programación o conexiones.','2020-10-13 14:37:25','2020-10-13 14:37:25'),(71,1,30.00,'Logro 3','La programación de la tarjeta no incluye las señales recibidas por los pines analógicos. Inténtalo nuevamente.','2020-10-13 14:37:25','2020-10-13 14:37:25'),(72,1,0.00,'Logro 4','No hay evidencia de la actividad.','2020-10-13 14:37:25','2020-10-13 14:37:25'),(73,1,100.00,'Logro 1','El prototipo para medir el tiempo que tarda un cuerpo en recorrer una distancia es funcional y, es producto de la indagación sobre el uso de variables, condicionales y pines analógicos para integrarlos en la programación de Micro:bit.','2020-10-13 14:37:25','2020-10-13 14:37:25'),(74,1,65.00,'Logro 2','El prototipo para medir el tiempo que tarda un cuerpo en recorrer una distancia no es funcional. Se indaga parcialmente sobre el uso de variables, condicionales y pines analógicos en la programación de Micro:bit.','2020-10-13 14:37:25','2020-10-13 14:37:25'),(75,1,30.00,'Logro 3','El prototipo para medir el tiempo que tarda un cuerpo en recorrer una distancia no es funcional. Se debe indagar sobre el uso de variables, condicionales y pines analógicos en la programación de Micro:bit.','2020-10-13 14:37:25','2020-10-13 14:37:25'),(76,1,0.00,'Logro 4','No hay evidencia de la actividad.','2020-10-13 14:37:25','2020-10-13 14:37:25'),(77,1,100.00,'Logro 1','Realiza correctamente el experimento de cromatografía y hace un análisis de los resultados obtenidos a partir de la observación y la indagación.','2020-10-13 14:37:25','2020-10-13 14:37:25'),(78,1,65.00,'Logro 2','Realiza el experimento de cromatografía, sin embargo, no se hace un correcto análisis de los resultados, se debe ampliar la indagación sobre los fenómenos observados.','2020-10-13 14:37:25','2020-10-13 14:37:25'),(79,1,30.00,'Logro 3','Realiza el experimento de cromatografía, sin embargo, no hay un análisis de los resultados, se debe indagar sobre los fenómenos observados.','2020-10-13 14:37:25','2020-10-13 14:37:25'),(80,1,0.00,'Logro 4','No hay evidencia de la actividad.','2020-10-13 14:37:25','2020-10-13 14:37:25'),(81,1,100.00,'Logro 1','En el registro fotográfico se evidencia la programación del Micro:bit y el montaje que mide el nivel de agua. ¡Bien hecho!','2020-10-13 14:37:25','2020-10-13 14:37:25'),(82,1,65.00,'Logro 2','En el registro fotográfico se observa el montaje para la medición, pero hay errores en la conexión o programación.','2020-10-13 14:37:25','2020-10-13 14:37:25'),(83,1,30.00,'Logro 3','En el registro fotográfico se observa el montaje para la medición, pero no se programó el sensor de nivel.','2020-10-13 14:37:25','2020-10-13 14:37:25'),(84,1,0.00,'Logro 4','No hay evidencia de la actividad.','2020-10-13 14:37:25','2020-10-13 14:37:25'),(85,1,100.00,'Logro 1','Logra identificar los usos de la tarjeta de ampliación y los sensores a partir de la búsqueda de información y materiales en su entorno; como resultado, incorpora sensores en un sistema de medición del nivel de agua.','2020-10-13 14:37:25','2020-10-13 14:37:25'),(86,1,65.00,'Logro 2','Identifica parcialmente los usos de la tarjeta de ampliación y los sensores a partir de la búsqueda de información y materiales en su entorno, sin embargo, no incorpora correctamente los sensores en un sistema de medición del nivel de agua.','2020-10-13 14:37:25','2020-10-13 14:37:25'),(87,1,30.00,'Logro 3','No logra identificar los usos de la tarjeta de ampliación y los sensores a partir de la búsqueda de información y materiales en su entorno; como resultado, no logra construir el sistema de medición del nivel de agua.','2020-10-13 14:37:25','2020-10-13 14:37:25'),(88,1,0.00,'Logro 4','No hay evidencia de la actividad.','2020-10-13 14:37:25','2020-10-13 14:37:25'),(89,1,100.00,'Logro 1','El discurso está bien estructurado y transmite ideas de forma clara y ordenada, incluyendo breve descripción del proceso y principales características del trabajo realizado.','2020-10-13 14:37:25','2020-10-13 14:37:25'),(90,1,65.00,'Logro 2','La sustentación oral es clara, sin embargo, el orden en que expone las ideas no es el adecuado, lo que dificulta comprender la descripción del proceso y principales características del trabajo realizado.','2020-10-13 14:37:25','2020-10-13 14:37:25'),(91,1,30.00,'Logro 3','El discurso no está bien estructurado, expone ideas de forma confusa y no describe el proceso y principales características del trabajo realizado.','2020-10-13 14:37:25','2020-10-13 14:37:25'),(92,1,0.00,'Logro 4','No realiza la exposición.','2020-10-13 14:37:25','2020-10-13 14:37:25'),(93,1,100.00,'Logro 1','El diagrama de flujo representa la programación del sensor Traffic light incluyendo las pausas y el encendido al azar de cada color. ¡Bien hecho!','2020-10-13 14:37:25','2020-10-13 14:37:25'),(94,1,65.00,'Logro 2','El diagrama de flujo representa la programación del sensor Traffic light pero hay algunos errores en las pausas y el encendido al azar de cada color.','2020-10-13 14:37:25','2020-10-13 14:37:25'),(95,1,30.00,'Logro 3','El diagrama de flujo no representa la programación del sensor Traffic light. Inténtalo nuevamente.','2020-10-13 14:37:25','2020-10-13 14:37:25'),(96,1,0.00,'Logro 4','No presenta el diagrama de flujo.','2020-10-13 14:37:25','2020-10-13 14:37:25'),(97,1,100.00,'Logro 1','Ante la ocurrencia de conflictos es conciliador(a)  y siempre escucha y acepta sugerencias y opiniones diferentes a su modo de pensar. Propone alternativas buscando el consenso o la solución.','2020-10-13 14:37:25','2020-10-13 14:37:25'),(98,1,65.00,'Logro 2','En situaciones de conflicto, casi siempre escucha otras opiniones y acepta sugerencias. Pero pocas veces propone soluciones.','2020-10-13 14:37:25','2020-10-13 14:37:25'),(99,1,30.00,'Logro 3','En situaciones de conflicto, pocas veces escucha otras opiniones. Rechaza las sugerencias y no propone soluciones.','2020-10-13 14:37:25','2020-10-13 14:37:25'),(100,1,0.00,'Logro 4','Demuestra una actitud poco conciliadora frente a los conflictos.','2020-10-13 14:37:25','2020-10-13 14:37:25'),(101,1,100.00,'Logro 1','La programación de la tarjeta permite medir la distancia con el sensor de ultrasonido y muestra el valor en la pantalla led. ¡Bien hecho!','2020-10-13 14:37:25','2020-10-13 14:37:25'),(102,1,65.00,'Logro 2','La programación de la tarjeta no permite medir la distancia con el sensor de ultrasonido, debido a que hay algunos errores en conexión o programación.','2020-10-13 14:37:25','2020-10-13 14:37:25'),(103,1,30.00,'Logro 3','La programación de la tarjeta no incluye el uso del sensor de ultrasonido para medir las distancias. Inténtalo nuevamente.','2020-10-13 14:37:25','2020-10-13 14:37:25'),(104,1,0.00,'Logro 4','No realiza el programa.','2020-10-13 14:37:25','2020-10-13 14:37:25'),(105,1,100.00,'Logro 1','Construye un programa que mide correctamente la distancia, a partir de la indagación sobre los sensores de ultrasonido y cómo se usan en Micro:bit.','2020-10-13 14:37:25','2020-10-13 14:37:25'),(106,1,65.00,'Logro 2','Crea el programa y define adecuadamente las variables, pero su interacción con el sensor de ultrasonido es incorrecta.','2020-10-13 14:37:25','2020-10-13 14:37:25'),(107,1,30.00,'Logro 3','Crea el programa, pero tanto la definición de variables como su interacción con el sensor de ultrasonido es incorrecta.','2020-10-13 14:37:25','2020-10-13 14:37:25'),(108,1,0.00,'Logro 4','No presenta el programa.','2020-10-13 14:37:25','2020-10-13 14:37:25'),(109,1,100.00,'Logro 1','Aplica un lenguaje propio, claro, fluido y creativo para expresar sus ideas de forma coherente al momento de exponer qué entiende por el concepto de Agricultura.','2020-10-13 14:37:25','2020-10-13 14:37:25'),(110,1,65.00,'Logro 2','Utiliza un lenguaje verbal adecuado e incorpora elementos que permite comprender su idea sobre el concepto de Agricultura.','2020-10-13 14:37:25','2020-10-13 14:37:25'),(111,1,30.00,'Logro 3','Su forma de expresarse no es clara ni concreta sobre su idea del concepto de Agricultura. Se distrae con facilidad durante la exposición.','2020-10-13 14:37:25','2020-10-13 14:37:25'),(112,1,0.00,'Logro 4','No realiza la presentación.','2020-10-13 14:37:25','2020-10-13 14:37:25'),(113,1,100.00,'Logro 1','El prototipo mide la humedad del suelo usando los pines analógicos de Micro:bit y el concepto de conductividad eléctrica. ¡Bien hecho!','2020-10-13 14:37:25','2020-10-13 14:37:25'),(114,1,65.00,'Logro 2','El prototipo conceptualmente es correcto, pero la definición o asignación de variables es incorrecta. Revisa la programación o la conexión de los cables.','2020-10-13 14:37:25','2020-10-13 14:37:25'),(115,1,30.00,'Logro 3','Entiende el concepto de humedad, pero el montaje del prototipo y el algoritmo del mismo no permiten medirla. Inténtalo nuevamente.','2020-10-13 14:37:25','2020-10-13 14:37:25'),(116,1,0.00,'Logro 4','No construye el prototipo.','2020-10-13 14:37:25','2020-10-13 14:37:25'),(117,1,100.00,'Logro 1','Diseña un prototipo para medir la humedad, a partir de indagar sobre la relación entre conductividad eléctrica y humedad del suelo, uso de los pines analógicos y bloques de programación existen en MakeCode.','2020-10-13 14:37:25','2020-10-13 14:37:25'),(118,1,65.00,'Logro 2','El prototipo diseñado evidencia que investigó y comprende adecuadamente la relación entre conductividad y humedad, pero implementa de forma incorrecta el uso de los pines analógicos y los bloques de programación.','2020-10-13 14:37:25','2020-10-13 14:37:25'),(119,1,30.00,'Logro 3','Evidencia que no comprende la relación entre conductividad y humedad y no investigó para implementar de forma incorrecta el uso de los pines analógicos y los bloques de programación.','2020-10-13 14:37:25','2020-10-13 14:37:25'),(120,1,0.00,'Logro 4','No hay evidencia de la actividad.','2020-10-13 14:37:25','2020-10-13 14:37:25'),(121,1,100.00,'Logro 1','Escucha con atención las intervenciones de sus compañeros, aporta y las tiene en cuenta para lograr un prototipo que cumpla las expectativas y muestra interés por la unión del grupo.','2020-10-13 14:37:25','2020-10-13 14:37:25'),(122,1,65.00,'Logro 2','A veces escucha las opiniones de sus compañeros y acepta integrarlas para lograr un prototipo que cumpla las expectativas.  El interés por la unión del grupo no es sobresaliente.','2020-10-13 14:37:25','2020-10-13 14:37:25'),(123,1,30.00,'Logro 3','Muy pocas veces escucha las intervenciones de sus compañeros. No ayuda a mantener la unión en el grupo.','2020-10-13 14:37:25','2020-10-13 14:37:25'),(124,1,0.00,'Logro 4','Genera situaciones de dificultad para la integridad y cohesión del grupo.','2020-10-13 14:37:25','2020-10-13 14:37:25'),(125,1,100.00,'Logro 1','Logra identificar  tres sensores y propone su uso integrado  para solucionar de manera técnica una problemática identificada ¡Bien hecho!','2020-10-13 14:37:25','2020-10-13 14:37:25'),(126,1,65.00,'Logro 2','Identifica el uso de tres sensores y propone su aplicación individual a diferentes problemas.','2020-10-13 14:37:25','2020-10-13 14:37:25'),(127,1,30.00,'Logro 3','Identifica el uso de uno de los sensores y a partir de esta información presenta una idea para la solución de un problema.','2020-10-13 14:37:25','2020-10-13 14:37:25'),(128,1,0.00,'Logro 4','No puede establecer el uso de los sensores.','2020-10-13 14:37:25','2020-10-13 14:37:25'),(129,1,100.00,'Logro 1','Construye un prototipo que mide luminosidad a partir de la indagación sobre medición de variables medioambientales y cómo se miden con Micro:bit.','2020-10-13 14:37:25','2020-10-13 14:37:25'),(130,1,65.00,'Logro 2','El prototipo conceptualmente es correcto, debe indagar más sobre cómo se miden variables medioambientales con Micro:bit.','2020-10-13 14:37:25','2020-10-13 14:37:25'),(131,1,30.00,'Logro 3','Debe indagar más sobre las variables medioambientales y cómo se miden con Micro:bit.','2020-10-13 14:37:25','2020-10-13 14:37:25'),(132,1,0.00,'Logro 4','No hay evidencia de la actividad.','2020-10-13 14:37:25','2020-10-13 14:37:25'),(133,1,100.00,'Logro 1','Reconoce plenamente los datos y sus relaciones y comprende el contexto en que se han producido y a partir de ellos establece diálogos con sus compañeros para extraer conclusiones sobre los conceptos propios del curso.','2020-10-13 14:37:25','2020-10-13 14:37:25'),(134,1,65.00,'Logro 2','Reconoce parcialmente la instrucción dada debidos a confusiones sobre algunos conceptos vistos anteriormente, sin embargo, intenta a través del diálogo con los compañeros resolver las lagunas que le ofrecen los conceptos.','2020-10-13 14:37:25','2020-10-13 14:37:25'),(135,1,30.00,'Logro 3','No comprende la instrucción dada y se le dificulta comunicarse con sus compañeros utilizando la terminología vista al momento.','2020-10-13 14:37:25','2020-10-13 14:37:25'),(136,1,0.00,'Logro 4','No comprende los datos recogidos ni intenta aclarar su origen y utilidad con los compañeros.','2020-10-13 14:37:25','2020-10-13 14:37:25'),(137,1,100.00,'Logro 1','Los resultados evidencian la comprensión del concepto de humedad y la correcta programación de 2 sensores para su medición de forma comparativa.','2020-10-13 14:37:25','2020-10-13 14:37:25'),(138,1,65.00,'Logro 2','Aunque se comprende el concepto de humedad no se han programado de forma correcta los sensores para su medición comparada.','2020-10-13 14:37:25','2020-10-13 14:37:25'),(139,1,30.00,'Logro 3','Se evidencia que no se comprende el concepto de humedad relativa y tampoco se han programado correctamente los sensores para su medición.','2020-10-13 14:37:25','2020-10-13 14:37:25'),(140,1,0.00,'Logro 4','No se presentó el programa.','2020-10-13 14:37:25','2020-10-13 14:37:25'),(141,1,100.00,'Logro 1','Da respuesta a las preguntas formuladas al finalizar la práctica, de forma coherente con los conocimientos técnicos sobre humedad del suelo y humedad relativa.','2020-10-13 14:37:25','2020-10-13 14:37:25'),(142,1,65.00,'Logro 2','Da respuesta a las preguntas  formuladas al finalizar la práctica de forma parcial evidenciando deficiencia en algún conocimiento técnico sobre humedad del suelo y humedad relativa.','2020-10-13 14:37:25','2020-10-13 14:37:25'),(143,1,30.00,'Logro 3','Las respuestas dadas no son coherentes o muy incompletas frente al conocimiento técnico esperado.','2020-10-13 14:37:25','2020-10-13 14:37:25'),(144,1,0.00,'Logro 4','No hay evidencia.','2020-10-13 14:37:25','2020-10-13 14:37:25'),(145,1,100.00,'Logro 1','Interpreta correctamente los datos y desarrolla comparaciones y análisis críticos de los mismos a través de intercambio de ideas con sus compañeros. ','2020-10-13 14:37:25','2020-10-13 14:37:25'),(146,1,65.00,'Logro 2','Interpreta de manera aproximada los datos, pero intenta mantener un nivel de diálogo con los compañeros sobre los mismos.','2020-10-13 14:37:25','2020-10-13 14:37:25'),(147,1,30.00,'Logro 3','Comprende los datos, pero no entabla intercambios con los compañeros acerca de los mismos.','2020-10-13 14:37:25','2020-10-13 14:37:25'),(148,1,0.00,'Logro 4','No hay interpretación de datos y tampoco busca un intercambio de ideas con los compañeros.','2020-10-13 14:37:25','2020-10-13 14:37:25'),(149,1,100.00,'Logro 1','Prototipo funcional permite dar solución a la hipótesis y evidenciar las diferencias entre las tomas solicitadas.','2020-10-13 14:37:25','2020-10-13 14:37:25'),(150,1,65.00,'Logro 2','Prototipo funcional tiene algún error lo cual, aunque da solución a la hipótesis, pero no evidencia las diferencias entre las tomas solicitadas.','2020-10-13 14:37:25','2020-10-13 14:37:25'),(151,1,30.00,'Logro 3','Prototipo presenta múltiples fallas en la realización de los termómetros, por lo tanto, no es posible evidenciar las diferencias entre las tomas.','2020-10-13 14:37:25','2020-10-13 14:37:25'),(152,1,0.00,'Logro 4','No hay evidencia de la actividad.','2020-10-13 14:37:25','2020-10-13 14:37:25'),(153,1,100.00,'Logro 1','Genera ideas creativas y utiliza métodos innovadores para comunicar de forma objetiva, analítica y crítica claramente ideas sobre el sol.','2020-10-13 14:37:25','2020-10-13 14:37:25'),(154,1,65.00,'Logro 2','Expresa ideas creativas pero el empleo de medios inadecuados para comunicarlas le resta claridad a su exposición.','2020-10-13 14:37:25','2020-10-13 14:37:25'),(155,1,30.00,'Logro 3','No aporta ideas para comunicar ideas sobre el sol ni emplea métodos expositivos adecuados.','2020-10-13 14:37:25','2020-10-13 14:37:25'),(156,1,0.00,'Logro 4','No hay evidencia.','2020-10-13 14:37:25','2020-10-13 14:37:25'),(157,1,100.00,'Logro 1','Prototipo funcional cumple con todas las tareas solicitadas en la plataforma.','2020-10-13 14:37:25','2020-10-13 14:37:25'),(158,1,65.00,'Logro 2','Prototipo funcional cumple con algunas de las tareas solicitadas en la plataforma.','2020-10-13 14:37:25','2020-10-13 14:37:25'),(159,1,30.00,'Logro 3','Prototipo presenta múltiples fallas en la realización de las tareas solicitadas en la plataforma.','2020-10-13 14:37:25','2020-10-13 14:37:25'),(160,1,0.00,'Logro 4','No hay evidencia de la actividad.','2020-10-13 14:37:25','2020-10-13 14:37:25'),(161,1,100.00,'Logro 1','Analiza la ejecución de su propio proyecto al compararlo con el desarrollado por otros compañeros, proponiendo nuevas soluciones y correcciones sobre el prototipo construido.','2020-10-13 14:37:25','2020-10-13 14:37:25'),(162,1,65.00,'Logro 2','Analiza la ejecución de su propio proyecto al compararlo con el desarrollado por otros compañeros. No se evidencia intención de realizar mejoras significativas.','2020-10-13 14:37:25','2020-10-13 14:37:25'),(163,1,30.00,'Logro 3','Analiza de forma muy superficial su propio proyecto. No propone nuevas soluciones y correcciones sobre el prototipo construido.','2020-10-13 14:37:25','2020-10-13 14:37:25'),(164,1,0.00,'Logro 4','No hay evidencia.','2020-10-13 14:37:25','2020-10-13 14:37:25'),(165,1,100.00,'Logro 1','Genera propuestas concretas, coherentes y contextualizadas sobre cómo contribuir a la problemática de la basura plástica.','2020-10-13 14:37:25','2020-10-13 14:37:25'),(166,1,65.00,'Logro 2','Genera propuestas muy generales sobre cómo contribuir a la problemática de la basura plástica.','2020-10-13 14:37:25','2020-10-13 14:37:25'),(167,1,30.00,'Logro 3','Las propuestas generadas no aplican a la problemática mencionada de la basura plástica.','2020-10-13 14:37:25','2020-10-13 14:37:25'),(168,1,0.00,'Logro 4','No hay evidencia de la actividad.','2020-10-13 14:37:25','2020-10-13 14:37:25'),(169,1,100.00,'Logro 1','El algoritmo y el prototipo muestran la correcta programación y conexión de los dispositivos para la elevación de la plataforma.','2020-10-13 14:37:25','2020-10-13 14:37:25'),(170,1,65.00,'Logro 2','El algoritmo y/o prototipo evidencian fallas en la programación o conexión de los dispositivos para la elevación de la plataforma.','2020-10-13 14:37:25','2020-10-13 14:37:25'),(171,1,30.00,'Logro 3','El algoritmo y el prototipo evidencia fallas en la programación y conexión de los dispositivos para la elevación de la plataforma.','2020-10-13 14:37:25','2020-10-13 14:37:25'),(172,1,0.00,'Logro 4','No hay evidencia de la actividad.','2020-10-13 14:37:25','2020-10-13 14:37:25'),(173,1,100.00,'Logro 1','Demuestra comprender el tema permitiendo exponer los resultados del proyecto con ideas creativas, claras y ordenadas.','2020-10-13 14:37:25','2020-10-13 14:37:25'),(174,1,65.00,'Logro 2','Muestra conocimiento del tema, pero se evidencian algunas limitantes o faltas de claridad y creatividad al exponer el resultado.','2020-10-13 14:37:25','2020-10-13 14:37:25'),(175,1,30.00,'Logro 3','Se evidencia un conocimiento poco profundo del tema, por consiguiente, la exposición presentada por el grupo es deficiente.','2020-10-13 14:37:25','2020-10-13 14:37:25'),(176,1,0.00,'Logro 4','No hay evidencia.','2020-10-13 14:37:25','2020-10-13 14:37:25'),(177,1,100.00,'Logro 1','Asimila y comprende la información dada en la plataforma y, con base en ella, expresa de forma clara y concisa conclusiones y /o opiniones.','2020-10-13 14:37:25','2020-10-13 14:37:25'),(178,1,65.00,'Logro 2','Asimila y comprende la información dada en la plataforma, pero se le dificulta expresar de forma clara y concisa, conclusiones y/o opiniones.','2020-10-13 14:37:25','2020-10-13 14:37:25'),(179,1,30.00,'Logro 3','Le cuesta comprender la información dada en la plataforma y no plantea ninguna conclusión y/o opinión.','2020-10-13 14:37:25','2020-10-13 14:37:25'),(180,1,0.00,'Logro 4','No hay evidencia.','2020-10-13 14:37:25','2020-10-13 14:37:25'),(181,1,100.00,'Logro 1','Interviene de forma propositiva en el desarrollo de la actividad “Mini Invernadero” cumpliendo con el rol definido y ejecutando adecuadamente las tareas asignadas.','2020-10-13 14:37:25','2020-10-13 14:37:25'),(182,1,65.00,'Logro 2','Participa en la actividad “Mini Invernadero” cumpliendo con el rol definido, sin embargo, no cumple en su totalidad las tareas asignadas, afectando el desarrollo de la actividad.','2020-10-13 14:37:25','2020-10-13 14:37:25'),(183,1,30.00,'Logro 3','Participa en la actividad “Mini Invernadero” , sin embargo, no cumple con el rol definido ni las tareas asignadas, afectando el desarrollo de la actividad.','2020-10-13 14:37:25','2020-10-13 14:37:25'),(184,1,0.00,'Logro 4','No participa en la construcción del prototipo.','2020-10-13 14:37:25','2020-10-13 14:37:25'),(185,1,100.00,'Logro 1','El resultado evidencia el análisis sobre el funcionamiento e integración de sensores (temperatura, humedad, servomotor, etc.), así como programación de cada uno.','2020-10-13 14:37:25','2020-10-13 14:37:25'),(186,1,65.00,'Logro 2','La programación presenta algunos errores en el funcionamiento de uno de los dispositivos, fruto falta de análisis desde el diagrama de flujo.','2020-10-13 14:37:25','2020-10-13 14:37:25'),(187,1,30.00,'Logro 3','Los diagramas de flujo no representan instrucciones claras ni precisas. Lo que generó que el prototipo no fuera funcional.','2020-10-13 14:37:25','2020-10-13 14:37:25'),(188,1,0.00,'Logro 4','No hay evidencia de la actividad.','2020-10-13 14:37:25','2020-10-13 14:37:25'),(189,1,100.00,'Logro 1','Genera una hipótesis a partir del contexto con claridad y lógica y propone técnicas para probarla.','2020-10-13 14:37:25','2020-10-13 14:37:25'),(190,1,65.00,'Logro 2','Genera una hipótesis a partir del contexto con claridad y lógica, pero propone técnicas inadecuadas para probarla.','2020-10-13 14:37:25','2020-10-13 14:37:25'),(191,1,30.00,'Logro 3','Se genera un planteamiento que no consulta el contexto, claridad, lógica o proponiendo técnicas inadecuadas para probarla.','2020-10-13 14:37:25','2020-10-13 14:37:25'),(192,1,0.00,'Logro 4','No hay evidencia de la actividad.','2020-10-13 14:37:25','2020-10-13 14:37:25'),(193,1,100.00,'Logro 1','Participa activamente en el diseño y desarrollo del anemómetro, aportando ideas con entusiasmo y eficacia.','2020-10-13 14:37:25','2020-10-13 14:37:25'),(194,1,65.00,'Logro 2','Aporta para el diseño y desarrollo del anemómetro, pero estos son poco útiles y prácticos.','2020-10-13 14:37:25','2020-10-13 14:37:25'),(195,1,30.00,'Logro 3','Se le debe demandar para que aporte en el diseño del anemómetro y son débiles y poco eficaces sus aportes.','2020-10-13 14:37:25','2020-10-13 14:37:25'),(196,1,0.00,'Logro 4','No aporta en el diseño del anemómetro y adopta una actitud indiferente.','2020-10-13 14:37:25','2020-10-13 14:37:25'),(197,1,100.00,'Logro 1','Por iniciativa propia, contribuye de forma activa y enriquecedora con conocimientos previos, habilidades y opiniones que permiten el diseño y desarrollo de la Alarma, teniendo en cuenta y respetando las opiniones de los compañeros.','2020-10-13 14:37:25','2020-10-13 14:37:25'),(198,1,65.00,'Logro 2','Aporta información y opiniones para el diseño y desarrollo de la Alarma, pero atiende poco las opiniones y aportes de los compañeros.','2020-10-13 14:37:25','2020-10-13 14:37:25'),(199,1,30.00,'Logro 3','Impone sus propias ideas de forma insistente y necesita que se le recuerde el respeto por los conocimientos, habilidades opiniones y aportes de sus compañeros para el desarrollo de la actividad.','2020-10-13 14:37:25','2020-10-13 14:37:25'),(200,1,0.00,'Logro 4','No participa y adopta una actitud indiferente y de desinterés.','2020-10-13 14:37:25','2020-10-13 14:37:25'),(201,1,100.00,'Logro 1','Se evidencia creatividad y coherencia con la historia planteada para la construcción del prototipo, estabilidad en su funcionamiento, el adecuado uso de sensores y buzzer y la correcta realización de la tarea esperada, producto del análisis realizado para la selección entre su implementación analógica o digital.','2020-10-13 14:37:26','2020-10-13 14:37:26'),(202,1,65.00,'Logro 2','Se evidencia creatividad y coherencia en la construcción del prototipo, y el adecuado uso de sensores y buzzer, sin embargo, se presentan fallas ocasionales en su funcionamiento, y errores en la realización de la tarea esperada, por posible falta de análisis para la selección entre su implementación analógica o digital.','2020-10-13 14:37:26','2020-10-13 14:37:26'),(203,1,30.00,'Logro 3','Se evidencia falta de creatividad en la construcción del prototipo, no se observa un correcto uso de sensores, existen fallas en su funcionamiento, y no realiza la tarea esperada.','2020-10-13 14:37:26','2020-10-13 14:37:26'),(204,1,0.00,'Logro 4','No hay evidencia de la actividad.','2020-10-13 14:37:26','2020-10-13 14:37:26'),(205,1,100.00,'Logro 1','Identifica con claridad un problema concreto y su contexto, y con ello realiza pruebas para validar soluciones.','2020-10-13 14:37:26','2020-10-13 14:37:26'),(206,1,65.00,'Logro 2','Identifica con claridad un problema concreto, aunque no es claro en su contexto, dando lugar a soluciones generales y no particulares para el problema.','2020-10-13 14:37:26','2020-10-13 14:37:26'),(207,1,30.00,'Logro 3','No logra identificar un problema concreto. No es posible llegar a la solución esperada.','2020-10-13 14:37:26','2020-10-13 14:37:26'),(208,1,0.00,'Logro 4','No hay evidencia de la actividad.','2020-10-13 14:37:26','2020-10-13 14:37:26'),(209,1,100.00,'Logro 1','Apoya activamente la creación y montaje del Robot y llega a acuerdos con su grupo de trabajo para definir “problema a solucionar” y funciones del prototipo.','2020-10-13 14:37:26','2020-10-13 14:37:26'),(210,1,65.00,'Logro 2','Apoya la creación y montaje del Robot, pero le cuesta llegar a acuerdos con su grupo de trabajo para definir “problema a solucionar” y funciones del prototipo.','2020-10-13 14:37:26','2020-10-13 14:37:26'),(211,1,30.00,'Logro 3','Apoya muy poco en la creación y montaje del Robot ya que no logra llegar a acuerdos satisfactorios con su grupo de trabajo para definir “problema a solucionar” y funciones del prototipo.','2020-10-13 14:37:26','2020-10-13 14:37:26'),(212,1,0.00,'Logro 4','No hay evidencia.','2020-10-13 14:37:26','2020-10-13 14:37:26'),(213,1,100.00,'Logro 1','El Carro-robot actúa correctamente de acuerdo a las funciones establecidas por el grupo utilizando ya sea seguimiento de línea o detección de obstáculos.','2020-10-13 14:37:26','2020-10-13 14:37:26'),(214,1,65.00,'Logro 2','El Carro-robot actúa con pequeñas fallas de acuerdo a las funciones establecidas por el grupo utilizando ya sea seguimiento de línea o detección de obstáculos.','2020-10-13 14:37:26','2020-10-13 14:37:26'),(215,1,30.00,'Logro 3','El Carro-robot no actúa de acuerdo a las funciones establecidas por el grupo y/o no implementa seguimiento de línea o detección de obstáculos.','2020-10-13 14:37:26','2020-10-13 14:37:26'),(216,1,0.00,'Logro 4','No hay evidencia de la actividad.','2020-10-13 14:37:26','2020-10-13 14:37:26'),(217,1,100.00,'Logro 1','Identifica una problemática sencilla de su entorno y logra programar las piezas tecnológicas para generar una solución a ello por medio de un prototipo.','2020-10-13 14:37:26','2020-10-13 14:37:26'),(218,1,65.00,'Logro 2','Identifica una problemática sencilla de su entorno y aunque logra programar las piezas tecnológicas estas tienen fallas que dificultan generar una solución eficiente.','2020-10-13 14:37:26','2020-10-13 14:37:26'),(219,1,30.00,'Logro 3','No se Identifica una problemática de su entorno lo que impide generar la solución esperada, o la identifica, pero la solución no corresponde a la problemática.','2020-10-13 14:37:26','2020-10-13 14:37:26'),(220,1,0.00,'Logro 4','No hay evidencia de la actividad.','2020-10-13 14:37:26','2020-10-13 14:37:26'),(221,1,100.00,'Logro 1','Identifica de forma concreta y oportuna las ventajas de la implantación la agricultura 4.0 para prevenir problemas del futuro.','2020-10-13 14:37:26','2020-10-13 14:37:26'),(222,1,65.00,'Logro 2','Identifica ventajas de la implementación de la implantación la agricultura 4.0 para prevenir problemas del futuro.','2020-10-13 14:37:26','2020-10-13 14:37:26'),(223,1,30.00,'Logro 3','No se evidencian ventajas de la implantación la agricultura 4.0 para prevenir problemas del futuro, ya sea por falta de contexto, claridad de conceptos o aplicación de una lógica propositiva.','2020-10-13 14:37:26','2020-10-13 14:37:26'),(224,1,0.00,'Logro 4','No hay evidencia de la actividad.','2020-10-13 14:37:26','2020-10-13 14:37:26'),(225,1,100.00,'Logro 1','El algoritmo planteado permite la comunicación entre emisor y receptor, ejecutando la acción solicitada.','2020-10-13 14:37:26','2020-10-13 14:37:26'),(226,1,65.00,'Logro 2','El algoritmo planteado permite la comunicación entre emisor y receptor, aunque se presentan fallas ejecutando la acción solicitada.','2020-10-13 14:37:26','2020-10-13 14:37:26'),(227,1,30.00,'Logro 3','El algoritmo planteado no permite la comunicación entre emisor y receptor, no se ejecuta la acción solicitada.','2020-10-13 14:37:26','2020-10-13 14:37:26'),(228,1,0.00,'Logro 4','No hay evidencia de la actividad.','2020-10-13 14:37:26','2020-10-13 14:37:26'),(229,1,100.00,'Logro 1','Autoevalúa de forma objetiva el desempeño de su prototipo, identificando fallas y posibles mejoras.','2020-10-13 14:37:26','2020-10-13 14:37:26'),(230,1,65.00,'Logro 2','Autoevalúa de forma poco objetiva el desempeño de su prototipo, identificando fallas y posibles mejoras que no son pertinentes.','2020-10-13 14:37:26','2020-10-13 14:37:26'),(231,1,30.00,'Logro 3','Realiza una autoevaluación en la que no se evidencian conceptos sobre el desempeño de su prototipo, por lo tanto no identifica fallas ni posibles mejoras.','2020-10-13 14:37:26','2020-10-13 14:37:26'),(232,1,0.00,'Logro 4','No hay evidencia.','2020-10-13 14:37:26','2020-10-13 14:37:26'),(233,1,100.00,'Logro 1','Prueba los prototipos realizados por otros equipos, compara su funcionamiento, los evalúa críticamente y entrega una retroalimentación justificada y clara.','2020-10-13 14:37:26','2020-10-13 14:37:26'),(234,1,65.00,'Logro 2','Prueba los prototipos realizados por otros equipos y compara su funcionamiento, sin embargo, no se evidencia una crítica justificada.','2020-10-13 14:37:26','2020-10-13 14:37:26'),(235,1,30.00,'Logro 3','No se esfuerza por probar y comparar los prototipos de otros equipos y, por lo tanto, no entrega una retroalimentación constructiva.','2020-10-13 14:37:26','2020-10-13 14:37:26'),(236,1,0.00,'Logro 4','No hay evidencia.','2020-10-13 14:37:26','2020-10-13 14:37:26'),(237,1,100.00,'Logro 1','Prueba los prototipos realizados por otros equipos, compara su funcionamiento, los evalúa críticamente y entrega una retroalimentación justificada.','2020-10-13 14:37:26','2020-10-13 14:37:26'),(238,1,65.00,'Logro 2','Prueba los prototipos realizados por otros equipos y compara su funcionamiento, sin embargo, no los evalúa críticamente ni justifica su retroalimentación.','2020-10-13 14:37:26','2020-10-13 14:37:26'),(239,1,30.00,'Logro 3','No se esfuerza por probar y comparar los prototipos de otros equipos y, por lo tanto, no entrega ninguna retroalimentación.','2020-10-13 14:37:26','2020-10-13 14:37:26'),(240,1,0.00,'Logro 4','No hay evidencia.','2020-10-13 14:37:26','2020-10-13 14:37:26'),(241,1,100.00,'Logro 1','Tanto en el registro gráfico como en la programación total del proyecto se evidencia la apropiación de los recursos tecnológicos para dar solución al caso.','2020-10-13 14:37:26','2020-10-13 14:37:26'),(242,1,65.00,'Logro 2','Tanto en el registro gráfico como en la programación del proyecto se evidencia la apropiación de los recursos tecnológicos, pero con fallas de comunicación, conexión o diseño del prototipo, lo que limita la solución planteada.','2020-10-13 14:37:26','2020-10-13 14:37:26'),(243,1,30.00,'Logro 3','En el registro fotográfico y en la programación se observa el montaje realizado, pero se presentaron fallas importantes que no permitieron dar solución al planteamiento.','2020-10-13 14:37:26','2020-10-13 14:37:26'),(244,1,0.00,'Logro 4','No hay evidencia de la actividad.','2020-10-13 14:37:26','2020-10-13 14:37:26'),(245,1,100.00,'Logro 1','Escucha con atención las intervenciones de sus compañeros y Facilitador, y las tiene en cuenta para lograr un prototipo que cumpla las expectativas. Muestra interés por la unión del grupo.','2020-10-13 14:37:26','2020-10-13 14:37:26'),(246,1,65.00,'Logro 2','A veces escucha las opiniones de sus compañeros y Facilitador, y acepta integrarlas para lograr un prototipo que cumpla las expectativas.  El interés por la unión del grupo no es sobresaliente.','2020-10-13 14:37:26','2020-10-13 14:37:26'),(247,1,30.00,'Logro 3','Muy pocas veces escucha las intervenciones de sus compañeros. No ayuda a mantener la unión en el grupo.','2020-10-13 14:37:26','2020-10-13 14:37:26'),(248,1,0.00,'Logro 4','Genera situaciones de dificultad para la integridad y cohesión del grupo.','2020-10-13 14:37:26','2020-10-13 14:37:26'),(249,1,100.00,'Logro 1','Teniendo en cuenta la funcionalidad, se diseña un prototipo creativo, cumpliendo su función integrando el sensor de ultrasonido, tarjeta de ampliación y Buzzer.','2020-10-13 14:37:26','2020-10-13 14:37:26'),(250,1,65.00,'Logro 2','Teniendo en cuenta la funcionalidad, se diseña un prototipo que cumple su función, aunque con algunas fallas en el uso de sensor de ultrasonido, tarjeta de ampliación y/o Buzzer.','2020-10-13 14:37:26','2020-10-13 14:37:26'),(251,1,30.00,'Logro 3','El prototipo diseñado presenta fallas significativas que impiden cumplir su función.','2020-10-13 14:37:26','2020-10-13 14:37:26'),(252,1,0.00,'Logro 4','No hay evidencia de la actividad.','2020-10-13 14:37:26','2020-10-13 14:37:26'),(253,1,100.00,'Logro 1','Aporta voluntariamente ideas originales, claras y concretas para contribuir a identificar la problemática a desarrollar coherente con la narrativa del curso.','2020-10-13 14:37:26','2020-10-13 14:37:26'),(254,1,65.00,'Logro 2','Participa voluntariamente en la actividad, pero sus ideas no ayudan a identificar la problemática a desarrollar coherente la narrativa del curso.','2020-10-13 14:37:26','2020-10-13 14:37:26'),(255,1,30.00,'Logro 3','Hay que pedirle reiteradamente su aporte y lo hace sin compromiso y con pocas ideas para identificar la problemática a desarrollar coherente la narrativa del curso.','2020-10-13 14:37:26','2020-10-13 14:37:26'),(256,1,0.00,'Logro 4','No hay evidencia.','2020-10-13 14:37:26','2020-10-13 14:37:26'),(257,1,100.00,'Logro 1','Observa, identifica y clasifica crítica y holísticamente problemas y/o necesidades de su entorno basado en la narrativa eje del curso.','2020-10-13 14:37:26','2020-10-13 14:37:26'),(258,1,65.00,'Logro 2','Observa, identifica y clasifica de forma general problemas y/o necesidades de su entorno basado en la narrativa eje del curso.','2020-10-13 14:37:26','2020-10-13 14:37:26'),(259,1,30.00,'Logro 3','Aunque identifica de forma muy general problemas y/o necesidades de su entorno, estos no corresponden a la narrativa eje del curso.','2020-10-13 14:37:26','2020-10-13 14:37:26'),(260,1,0.00,'Logro 4','No hay evidencia.','2020-10-13 14:37:26','2020-10-13 14:37:26'),(261,1,100.00,'Logro 1','Plantea soluciones creativas para una problemática del entorno, teniendo en cuenta recursos físicos, tecnológicos, de conocimiento sobre la problemática y la lógica de programación, los tiempos disponibles de ejecución y la división de tareas por roles de trabajo.','2020-10-13 14:37:26','2020-10-13 14:37:26'),(262,1,65.00,'Logro 2','Plantea algunas soluciones para una problemática del entorno, teniendo en cuenta recursos físicos y tecnológicos, y tiempos disponibles de ejecución, pero no considera la división de tareas por roles de trabajo ni el conocimiento actual sobre la problemática y la lógica de programación requerida.','2020-10-13 14:37:26','2020-10-13 14:37:26'),(263,1,30.00,'Logro 3','Plantea pocas soluciones para una problemática del entorno, sin tener en cuenta recursos, tiempos, ni división de tareas por roles de trabajo.','2020-10-13 14:37:26','2020-10-13 14:37:26'),(264,1,0.00,'Logro 4','No hay evidencia.','2020-10-13 14:37:26','2020-10-13 14:37:26'),(265,1,100.00,'Logro 1','Define con precisión objetivos generales y específicos de su proyecto según lo planteado en la plataforma.','2020-10-13 14:37:26','2020-10-13 14:37:26'),(266,1,65.00,'Logro 2','Define con algo de dificultad objetivos generales y específicos de su proyecto según lo planteado en la plataforma.','2020-10-13 14:37:26','2020-10-13 14:37:26'),(267,1,30.00,'Logro 3','Define objetivo general, pero no logra concretar objetivos específicos.','2020-10-13 14:37:26','2020-10-13 14:37:26'),(268,1,0.00,'Logro 4','No hay evidencia.','2020-10-13 14:37:26','2020-10-13 14:37:26'),(269,1,100.00,'Logro 1','Busca, enmarca y clasifica la información relacionada a la problemática en una tabla detallada, clasifica la información más relevante para el desarrollo del proyecto, y genera propuestas de soluciones creativas.','2020-10-13 14:37:26','2020-10-13 14:37:26'),(270,1,65.00,'Logro 2','Busca, enmarca y clasifica la información relacionada a la problemática en una tabla, pero de forma muy general, lo que dificulta la selección de información relevante y listado genérico posibles soluciones.','2020-10-13 14:37:26','2020-10-13 14:37:26'),(271,1,30.00,'Logro 3','Busca y clasifica la información relacionada a la problemática en una tabla de forma muy superficial, lo que impide la selección de información relevante y listado de soluciones.','2020-10-13 14:37:26','2020-10-13 14:37:26'),(272,1,0.00,'Logro 4','No hay evidencia de la actividad.','2020-10-13 14:37:26','2020-10-13 14:37:26'),(273,1,100.00,'Logro 1','Reconoce las ventajas del trabajo en equipo, selecciona el rol de trabajo que más se adecúa a sus capacidades y habilidades, sugiere roles para sus compañeros con base en relaciones previas.','2020-10-13 14:37:26','2020-10-13 14:37:26'),(274,1,65.00,'Logro 2','Reconoce las ventajas del trabajo en equipo, escoge el rol de trabajo que más se adecúa a sus capacidades, pero participa poco sugiriendo roles para sus compañeros teniendo en cuenta las relaciones previas.','2020-10-13 14:37:26','2020-10-13 14:37:26'),(275,1,30.00,'Logro 3','No valora las ventajas del trabajo en equipo y se le dificulta escoger el rol de trabajo que más se adecua a sus capacidades y no participa sugiriendo roles para sus compañeros teniendo en cuenta las relaciones previas.','2020-10-13 14:37:26','2020-10-13 14:37:26'),(276,1,0.00,'Logro 4','No hay evidencia.','2020-10-13 14:37:26','2020-10-13 14:37:26'),(277,1,100.00,'Logro 1','Crea un logotipo que se destaca por ser creativo, visualmente agradable, simple, original y comunica claramente el mensaje del grupo.','2020-10-13 14:37:26','2020-10-13 14:37:26'),(278,1,65.00,'Logro 2','Crea un logotipo en términos generales, creativo, visualmente agradable, simple, original, pero no es tan claro el mensaje del grupo.','2020-10-13 14:37:26','2020-10-13 14:37:26'),(279,1,30.00,'Logro 3','Crea un logotipo poco creativo que no logra transmitir una identidad del equipo.','2020-10-13 14:37:26','2020-10-13 14:37:26'),(280,1,0.00,'Logro 4','No hay evidencia.','2020-10-13 14:37:26','2020-10-13 14:37:26'),(281,1,100.00,'Logro 1','Expresa claramente sus ideas y escucha atentamente las de sus compañeros, facilitando el acuerdo sobre la estructuración y características del prototipo.','2020-10-13 14:37:26','2020-10-13 14:37:26'),(282,1,65.00,'Logro 2','Expresa claramente sus ideas, pero se le dificulta escuchar las de sus compañeros, lo que dificulta el acuerdo sobre la estructuración y características del prototipo.','2020-10-13 14:37:26','2020-10-13 14:37:26'),(283,1,30.00,'Logro 3','Expresa con dificultad sus ideas y no escucha atentamente las de sus compañeros y, por lo general, debe mediar un tercero para llegar a acuerdos.','2020-10-13 14:37:26','2020-10-13 14:37:26'),(284,1,0.00,'Logro 4','No hay evidencia.','2020-10-13 14:37:26','2020-10-13 14:37:26'),(285,1,100.00,'Logro 1','Fomenta activamente la definición de funciones y características del prototipo, mostrando habilidades de liderazgo y escucha y respetando los puntos de vista y opiniones de los demás.','2020-10-13 14:37:26','2020-10-13 14:37:26'),(286,1,65.00,'Logro 2','Fomenta activamente la definición de funciones y características del prototipo, mostrando habilidades de liderazgo, pero no escucha ni atiende los puntos de vista y opiniones de los demás.','2020-10-13 14:37:26','2020-10-13 14:37:26'),(287,1,30.00,'Logro 3','Raramente propone, escucha y comparte el esfuerzo de sus compañeros.','2020-10-13 14:37:26','2020-10-13 14:37:26'),(288,1,0.00,'Logro 4','No hay evidencia.','2020-10-13 14:37:26','2020-10-13 14:37:26'),(289,1,100.00,'Logro 1','Desarrolla diagramas de flujo en grupo, los cuales describen detalladamente el funcionamiento del prototipo, y su lógica de programación.','2020-10-13 14:37:26','2020-10-13 14:37:26'),(290,1,65.00,'Logro 2','Desarrolla los diagramas de flujo en grupo que, aunque funcionales, presentan errores en el planteamiento y/o lógica de programación.','2020-10-13 14:37:26','2020-10-13 14:37:26'),(291,1,30.00,'Logro 3','Los diagramas de flujo presentados no cumplen con lo estipulado, presentan vacíos de planteamiento y errores de lógica de programación.','2020-10-13 14:37:26','2020-10-13 14:37:26'),(292,1,0.00,'Logro 4','No hay evidencia.','2020-10-13 14:37:26','2020-10-13 14:37:26'),(293,1,100.00,'Logro 1','Genera ideas importantes sobre las acciones que debe realizar el prototipo desde el rol de trabajo definido, socializa activamente en el grupo sobre las partes que ayudarán a cumplir las funciones del prototipo definidas y define cómo funcionarán en beneficio del objetivo general.','2020-10-13 14:37:26','2020-10-13 14:37:26'),(294,1,65.00,'Logro 2','Genera ideas importantes sobre las acciones que debe realizar el prototipo desde el rol de trabajo definido, pero no participa en la socialización sobre las partes que ayudarán a cumplir las funciones del prototipo definidas por sus compañeros, y le es difícil plantear cómo las partes trabajarán en beneficio del objetivo general.','2020-10-13 14:37:26','2020-10-13 14:37:26'),(295,1,30.00,'Logro 3','Aporta pocas ideas sobre algunas de las acciones que debe realizar el prototipo y no logra relacionar cada una de las partes del prototipo con las funciones que debe cumplir.','2020-10-13 14:37:26','2020-10-13 14:37:26'),(296,1,0.00,'Logro 4','No hay evidencia.','2020-10-13 14:37:26','2020-10-13 14:37:26'),(297,1,100.00,'Logro 1','Selecciona asertivamente los dispositivos tecnológicos para el prototipo, plantea soluciones sobre cómo compartirlos con otros grupos.','2020-10-13 14:37:26','2020-10-13 14:37:26'),(298,1,65.00,'Logro 2','Selecciona asertivamente, aunque con algo de dificultad los dispositivos tecnológicos adecuados para el prototipo, pero propone soluciones poco eficientes para compartirlos con otros grupos.','2020-10-13 14:37:26','2020-10-13 14:37:26'),(299,1,30.00,'Logro 3','No selecciona los dispositivos tecnológicos adecuados para el prototipo, le cuesta encontrar soluciones para compartirlos o no lo tiene en cuenta.','2020-10-13 14:37:26','2020-10-13 14:37:26'),(300,1,0.00,'Logro 4','No hay evidencia.','2020-10-13 14:37:26','2020-10-13 14:37:26'),(301,1,100.00,'Logro 1','Boceta de forma eficiente la guía que permite definir la idea clara y general antes de realizar planos y prototipo final, gracias a los acuerdos llegados con sus compañeros.','2020-10-13 14:37:26','2020-10-13 14:37:26'),(302,1,65.00,'Logro 2','Boceta de forma muy general la idea antes de realizar planos y prototipo final, reflejando no llegar a acuerdos con compañeros.','2020-10-13 14:37:26','2020-10-13 14:37:26'),(303,1,30.00,'Logro 3','Se presenta un boceto parcial debido a la falta de acuerdos con compañeros.','2020-10-13 14:37:26','2020-10-13 14:37:26'),(304,1,0.00,'Logro 4','No hay evidencia.','2020-10-13 14:37:26','2020-10-13 14:37:26'),(305,1,100.00,'Logro 1','Aporta ideas para el prototipo final, tiene en cuenta las opiniones de sus compañeros para llegar a un acuerdo sobre la estructura esperada del prototipo y colabora en la realización del boceto general considerando roles, recursos y tiempos.','2020-10-13 14:37:26','2020-10-13 14:37:26'),(306,1,65.00,'Logro 2','Aporta ideas para el prototipo final, pero le cuesta llegar a acuerdos sobre la estructura esperada del prototipo.  Colabora en la realización del boceto general.','2020-10-13 14:37:26','2020-10-13 14:37:26'),(307,1,30.00,'Logro 3','Aporta pocas ideas sobre el prototipo final y no escucha las opiniones de sus compañeros, y colabora poco en la realización del boceto general.','2020-10-13 14:37:26','2020-10-13 14:37:26'),(308,1,0.00,'Logro 4','No hay evidencia.','2020-10-13 14:37:26','2020-10-13 14:37:26'),(309,1,100.00,'Logro 1','Describe clara y detalladamente por medio de dibujos la estructura del prototipo, expresa mediante cotas claras todas las dimensiones de cada pieza y específica con anotaciones concretas los materiales de construcción, los puntos de unión y cómo sujetar los dispositivos tecnológicos disponibles.','2020-10-13 14:37:26','2020-10-13 14:37:26'),(310,1,65.00,'Logro 2','Describe clara y detalladamente por medio de dibujos la estructura del prototipo, pero no específica con anotaciones los materiales de construcción y los puntos de unión, como tampoco la forma como sujetar los dispositivos tecnológicos disponibles.','2020-10-13 14:37:26','2020-10-13 14:37:26'),(311,1,30.00,'Logro 3','Describe por medio de dibujos poco claros la estructura física del prototipo omitiendo piezas y/o expresa mediante cotas confusas e incompletas las dimensiones de algunas piezas. No expresa materiales claramente o los omite, al igual que la sujeción de los dispositivos tecnológicos disponibles.','2020-10-13 14:37:26','2020-10-13 14:37:26'),(312,1,0.00,'Logro 4','No hay evidencia.','2020-10-13 14:37:26','2020-10-13 14:37:26'),(313,1,100.00,'Logro 1','Contribuye de forma significativa en la planeación del prototipo, estima objetivamente los recursos disponibles y posibilidad de conseguirlos, aporta ideas a la asignación de tareas de cada rol, y plantea planes de contingencia en caso de que el tiempo disponible no sea suficiente para finalizar el prototipo.','2020-10-13 14:37:26','2020-10-13 14:37:26'),(314,1,65.00,'Logro 2','Contribuye de forma significativa en la planeación del prototipo, estima objetivamente los recursos disponibles y posibilidad de conseguirlos, pero no aporta ideas sobre la asignación de tareas de cada rol, ni plantea planes de contingencia en caso de que el tiempo disponible no sea suficiente para finalizar el prototipo.','2020-10-13 14:37:26','2020-10-13 14:37:26'),(315,1,30.00,'Logro 3','Se evidencia una falta de participación en la planeación del prototipo, por lo tanto, los pocos aportes que realiza no contribuyen a ejecutar la actividad.','2020-10-13 14:37:26','2020-10-13 14:37:26'),(316,1,0.00,'Logro 4','No hay evidencia.','2020-10-13 14:37:26','2020-10-13 14:37:26'),(317,1,100.00,'Logro 1','Divide hábilmente el desarrollo del prototipo en partes, construye y programa cada sección por separado teniendo en cuenta roles definidos e Identifica y modifica fallas o errores en la programación y los recursos tecnológicos.','2020-10-13 14:37:26','2020-10-13 14:37:26'),(318,1,65.00,'Logro 2','Divide el desarrollo del prototipo en partes, construye y programa cada sección teniendo en cuenta roles asignados, pero no logra identificar y corregir fallas o errores en la programación y los recursos tecnológicos.','2020-10-13 14:37:26','2020-10-13 14:37:26'),(319,1,30.00,'Logro 3','No logra dividir adecuadamente el desarrollo del prototipo en partes, por o cual construir y programar secciones separadas es muy complejo, impidiendo a su vez corregir fallas o errores en la programación ni los recursos tecnológicos.','2020-10-13 14:37:26','2020-10-13 14:37:26'),(320,1,0.00,'Logro 4','No hay evidencia.','2020-10-13 14:37:26','2020-10-13 14:37:26'),(321,1,100.00,'Logro 1','Planea los tiempos de forma adecuada y ejecuta la planeación logrando cumplir con el cronograma propuesto.','2020-10-13 14:37:26','2020-10-13 14:37:26'),(322,1,65.00,'Logro 2','Planea los tiempos de forma adecuada pero no logra ejecutar la planeación de acuerdo con lo propuesto.','2020-10-13 14:37:26','2020-10-13 14:37:26'),(323,1,30.00,'Logro 3','No logra formular un plan coherente del proyecto y no logra su ejecución de acuerdo con lo propuesto.','2020-10-13 14:37:26','2020-10-13 14:37:26'),(324,1,0.00,'Logro 4','No hay evidencia.','2020-10-13 14:37:26','2020-10-13 14:37:26'),(325,1,100.00,'Logro 1','Evalúa de forma detallada los logros alcanzados durante la sesión, establece tareas pendientes, asocia tiempos estimados reales de realización para cada aspecto, y propone estrategias para terminar el prototipo en el tiempo asignado.','2020-10-13 14:37:26','2020-10-13 14:37:26'),(326,1,65.00,'Logro 2','Evalúa los logros alcanzados durante la sesión, establece tareas pendientes, pero se le dificulta asociar tiempos estimados reales de realización para cada aspecto, y/o proponer estrategias para terminar el prototipo en el tiempo asignado.','2020-10-13 14:37:26','2020-10-13 14:37:26'),(327,1,30.00,'Logro 3','Identifica algunos logros alcanzados durante la sesión, establece tareas pendientes, pero no logra asociar tiempos para cada aspecto, y/o proponer estrategias para terminar el prototipo en el tiempo asignado.','2020-10-13 14:37:26','2020-10-13 14:37:26'),(328,1,0.00,'Logro 4','No hay evidencia de la actividad.','2020-10-13 14:37:26','2020-10-13 14:37:26'),(329,1,100.00,'Logro 1','Identifica las potencialidades de su equipo, colabora en la distribución de tareas según roles, se siente cómodo (a) trabajando y motiva y lidera el montaje del prototipo, haciendo seguimiento, prevención y corrección de posibles fallas o errores.','2020-10-13 14:37:26','2020-10-13 14:37:26'),(330,1,65.00,'Logro 2','Identifica las potencialidades de su equipo, pero le cuesta interactuar según roles de trabajo.  Fomenta el montaje del prototipo, identificando fallas o errores y sugiriendo soluciones.','2020-10-13 14:37:26','2020-10-13 14:37:26'),(331,1,30.00,'Logro 3','Se le dificulta identificar las potencialidades de su equipo, trabaja sin considerar roles de trabajo, le cuesta comprender cómo realizar el montaje del prototipo e identificar fallas o errores.','2020-10-13 14:37:26','2020-10-13 14:37:26'),(332,1,0.00,'Logro 4','No hay evidencia.','2020-10-13 14:37:26','2020-10-13 14:37:26'),(333,1,100.00,'Logro 1','Evidencia capacidades para la integración precisa de cada una de las partes del prototipo tanto física como referente a la programación.','2020-10-13 14:37:26','2020-10-13 14:37:26'),(334,1,65.00,'Logro 2','Integra con algo de dificultad cada una de las partes del prototipo tanto física como referente a la programación.','2020-10-13 14:37:26','2020-10-13 14:37:26'),(335,1,30.00,'Logro 3','La integración de cada una de las partes del prototipo tanto física como en programación es deficiente ya que posee grandes errores y/o fallas.','2020-10-13 14:37:26','2020-10-13 14:37:26'),(336,1,0.00,'Logro 4','No hay evidencia de la actividad.','2020-10-13 14:37:26','2020-10-13 14:37:26'),(337,1,100.00,'Logro 1','Concluye y justifica con habilidades gerenciales los logros alcanzados en el desarrollo del prototipo, cambios, mejoras y fallas presentadas en las tareas definidas.','2020-10-13 14:37:26','2020-10-13 14:37:26'),(338,1,65.00,'Logro 2','Concluye de forma general los logros alcanzados en el desarrollo del prototipo, cambios, mejoras y fallas presentadas en las tareas definidas.','2020-10-13 14:37:26','2020-10-13 14:37:26'),(339,1,30.00,'Logro 3','Registra algunos de los logros alcanzados en el desarrollo del prototipo, pero no justifica los cambios, mejoras ni fallas presentadas en las tareas definida.','2020-10-13 14:37:26','2020-10-13 14:37:26'),(340,1,0.00,'Logro 4','No hay evidencia de la actividad.','2020-10-13 14:37:26','2020-10-13 14:37:26'),(341,1,100.00,'Logro 1','Desarrolla el Proceso de Sistematización de forma clara, detallada y precisa, evidenciando el conocimiento y apropiación en el “Proceso de Intervención”, identificando las funciones del prototipo, las condiciones de uso, el proceso realizado e identifica cómo los dispositivos tecnológicos ayudaron al prototipo a alcanzar los resultados esperados.','2020-10-13 14:37:26','2020-10-13 14:37:26'),(342,1,65.00,'Logro 2','Desarrolla el Proceso de Sistematización de forma general. Identifica la función general del prototipo, algunas de las condiciones de uso, etc., pero reconoce de forma superficial la influencia de los dispositivos tecnológicos en el objetivo general del proyecto.','2020-10-13 14:37:26','2020-10-13 14:37:26'),(343,1,30.00,'Logro 3','Desarrolla el proceso de sistematización de forma vaga y superficial, evidenciando desconocimiento en la función general del prototipo, sus condiciones de uso y cualquier otra aplicación que pueda realizarse con el mismo, además, no logra relacionar el uso de los dispositivos tecnológicos con el alcance de los resultados alcanzados en el proyecto.','2020-10-13 14:37:26','2020-10-13 14:37:26'),(344,1,0.00,'Logro 4','No hay evidencia de la actividad.','2020-10-13 14:37:26','2020-10-13 14:37:26'),(345,1,100.00,'Logro 1','Cuestiona de forma sincera, técnica, creativa y analítica el resultado del proceso desarrollado, generando propuestas de cambios o mejoras para implementar.','2020-10-13 14:37:26','2020-10-13 14:37:26'),(346,1,65.00,'Logro 2','Cuestiona de forma genérica el resultado del proceso desarrollado, generando propuestas sencillas de cambios o mejoras para implementar.','2020-10-13 14:37:26','2020-10-13 14:37:26'),(347,1,30.00,'Logro 3','Cuestiona muy poco su prototipo por lo tanto le es imposible   generar propuestas de cambios o mejoras para implementar.','2020-10-13 14:37:26','2020-10-13 14:37:26'),(348,1,0.00,'Logro 4','No hay evidencia de la actividad.','2020-10-13 14:37:26','2020-10-13 14:37:26'),(349,1,100.00,'Logro 1','Realiza aportes técnicos, profundos y significativos sobre el proyecto de sus compañeros, lo cual permite al grupo evaluado realizar ajustes y mejoras concretas en la construcción y funcionalidades del prototipo.','2020-10-13 14:37:26','2020-10-13 14:37:26'),(350,1,65.00,'Logro 2','Realiza aportes técnicos generales sobre el proyecto de sus compañeros, lo cual permite el grupo “evaluado” realice ajustes y mejoras concretas en la construcción y funcionalidades del prototipo muy superficiales.','2020-10-13 14:37:26','2020-10-13 14:37:26'),(351,1,30.00,'Logro 3','La calidad de los aportes realizados sobre el proyecto de sus compañeros les impide realizar ajustes y mejoras concretas en la construcción y funcionalidades del prototipo, pues son superficiales o no aplican.','2020-10-13 14:37:26','2020-10-13 14:37:26'),(352,1,0.00,'Logro 4','No hay evidencia.','2020-10-13 14:37:26','2020-10-13 14:37:26'),(353,1,100.00,'Logro 1','Organiza y agrupa las posibles mejoras que se pueden realizar en el prototipo, las analiza, las compara con los resultados obtenidos durante las pruebas de este, y toma decisiones de forma estructurada por medio de criterios seleccionados por el grupo.','2020-10-13 14:37:26','2020-10-13 14:37:26'),(354,1,65.00,'Logro 2','Revisa las posibles mejoras que se pueden realizar en el proyecto con base en los resultados obtenidos, pero no toma decisiones de forma estructurada por medio de criterios seleccionados por el grupo.','2020-10-13 14:37:26','2020-10-13 14:37:26'),(355,1,30.00,'Logro 3','Selecciona mejoras de forma aleatoria y no basadas en resultados previos por lo tanto no tiene en cuenta ningún criterio.','2020-10-13 14:37:26','2020-10-13 14:37:26'),(356,1,0.00,'Logro 4','No hay evidencia de la actividad.','2020-10-13 14:37:26','2020-10-13 14:37:26'),(357,1,100.00,'Logro 1','Comprende e interpreta la información entregada por distintas variables estadísticas, sabe calcularlas para cada una de las variables medidas a partir de la tecnología incorporada al prototipo y extrae conclusiones a partir de la relación entre ellas.','2020-10-13 14:37:26','2020-10-13 14:37:26'),(358,1,65.00,'Logro 2','Sabe calcular distintas variables estadísticas, sin embargo, le cuesta comprender e interpretar la información que entregan, y las conclusiones que extrae a partir de ellas son superficiales, insuficientes o desacertadas.','2020-10-13 14:37:26','2020-10-13 14:37:26'),(359,1,30.00,'Logro 3','Le cuesta calcular, comprender e interpretar distintas variables estadísticas, y no sabe cómo relacionarlas entre sí, ni con las variables medidas, para generar conclusiones sobre el funcionamiento del prototipo.','2020-10-13 14:37:26','2020-10-13 14:37:26'),(360,1,0.00,'Logro 4','No hay evidencia de la actividad.','2020-10-13 14:37:26','2020-10-13 14:37:26'),(361,1,100.00,'Logro 1','Grafica y analiza de forma completa y compleja resultados de las variables tomadas de su proyecto.','2020-10-13 14:37:26','2020-10-13 14:37:26'),(362,1,65.00,'Logro 2','Grafica y analiza de forma general los resultados de las variables tomadas de su proyecto.','2020-10-13 14:37:26','2020-10-13 14:37:26'),(363,1,30.00,'Logro 3','Las Gráficas tomadas no permiten realizar un análisis completo sobre los resultados de las variables tomadas de su proyecto.','2020-10-13 14:37:26','2020-10-13 14:37:26'),(364,1,0.00,'Logro 4','No hay evidencia.','2020-10-13 14:37:26','2020-10-13 14:37:26'),(365,1,100.00,'Logro 1','Evidencia capacidades para seleccionar el tipo de gráfico que mejor representa las variables medidas, organiza datos en variados tipos de gráficas y se le facilita extraer información relevante del prototipo a partir de los gráficos realizados.','2020-10-13 14:37:26','2020-10-13 14:37:26'),(366,1,65.00,'Logro 2','Evidencia capacidades para seleccionar el tipo de gráfico que mejor representa las variables medidas y organiza datos en variados tipos de gráficas, pero se le dificulta extraer información relevante del prototipo a partir de los gráficos realizados.','2020-10-13 14:37:26','2020-10-13 14:37:26'),(367,1,30.00,'Logro 3','Muestra desconocimiento sobre cómo seleccionar el tipo de gráfico que mejor representa las variables medidas, no comprende cómo organizar datos en una gráfica ni cómo extraer información relevante del prototipo a partir de ellas.','2020-10-13 14:37:26','2020-10-13 14:37:26'),(368,1,0.00,'Logro 4','No hay evidencia de la actividad.','2020-10-13 14:37:26','2020-10-13 14:37:26'),(369,1,100.00,'Logro 1','Administra asertivamente tiempos, recursos, roles de trabajo e información del prototipo, para definir una planeación concreta de la feria.','2020-10-13 14:37:26','2020-10-13 14:37:26'),(370,1,65.00,'Logro 2','Administra con algunas dificultades tiempos, recursos, roles de trabajo e información del prototipo, para definir la planeación concreta de la feria.','2020-10-13 14:37:26','2020-10-13 14:37:26'),(371,1,30.00,'Logro 3','No logra realizar la planeación de tiempos, recursos, roles de trabajo e información del prototipo, para definir una planeación concreta de la feria.','2020-10-13 14:37:26','2020-10-13 14:37:26'),(372,1,0.00,'Logro 4','No hay evidencia de la actividad.','2020-10-13 14:37:26','2020-10-13 14:37:26'),(373,1,100.00,'Logro 1','Propone ideas creativas, originales, inusuales, que superan las expectativas para mostrar la identidad del grupo y marcando diferencias con los demás proyectos.','2020-10-13 14:37:26','2020-10-13 14:37:26'),(374,1,65.00,'Logro 2','Propone ideas creativas, pero estas no aportan en la diferenciación de su grupo de los otros proyectos.','2020-10-13 14:37:26','2020-10-13 14:37:26'),(375,1,30.00,'Logro 3','Se le dificulta proponer ideas para marcar diferencias entre el suyo y los otros grupos.','2020-10-13 14:37:26','2020-10-13 14:37:26'),(376,1,0.00,'Logro 4','No hay evidencia.','2020-10-13 14:37:26','2020-10-13 14:37:26'),(377,1,100.00,'Logro 1','Coopera activamente en la elaboración de la historia eje de la presentación de su proyecto, interviniendo y analizando los aportes de sus compañeros para la selección de los mejores recursos gráficos para la sustentación de su prototipo, respetando los roles asignados.','2020-10-13 14:37:26','2020-10-13 14:37:26'),(378,1,65.00,'Logro 2','Coopera activamente en la elaboración de la historia eje de la presentación de su proyecto, pero no tiene en cuenta los aportes de sus compañeros para la selección de los mejores recursos gráficos para la sustentación de su prototipo, ni respeta los roles asignados.','2020-10-13 14:37:26','2020-10-13 14:37:26'),(379,1,30.00,'Logro 3','Coopera de forma muy esporádica o nula en la creación de la historia eje de la presentación del proyecto ni en la selección de los recursos gráficos para la sustentación de su prototipo.','2020-10-13 14:37:26','2020-10-13 14:37:26'),(380,1,0.00,'Logro 4','No hay evidencia.','2020-10-13 14:37:26','2020-10-13 14:37:26'),(381,1,100.00,'Logro 1','Recoge un material fotográfico rico y apropiado y se vale de él para sintetizar con claridad y objetividad los resultados del proyecto, usando correctamente la terminología de programación y de biotecnología, garantizando la comprensión por parte de los invitados.','2020-10-13 14:37:26','2020-10-13 14:37:26'),(382,1,65.00,'Logro 2','Recoge un material fotográfico rico y apropiado, pero no logra emplearlo adecuadamente para sintetizar con claridad y objetividad los resultados del proyecto.','2020-10-13 14:37:26','2020-10-13 14:37:26'),(383,1,30.00,'Logro 3','El material no es adecuado y además no logra hilar una comunicación clara y objetiva que logre la comprensión del proyecto por los invitados.','2020-10-13 14:37:26','2020-10-13 14:37:26'),(384,1,0.00,'Logro 4','No hay evidencia.','2020-10-13 14:37:26','2020-10-13 14:37:26'),(385,1,100.00,'Logro 1','Durante la presentación del proyecto tiene un volumen de voz lo suficientemente alto para ser escuchado por la audiencia y mantiene buena postura y establece contacto visual con todas las personas en el aula durante la presentación, proyectándose seguro/a.','2020-10-13 14:37:26','2020-10-13 14:37:26'),(386,1,65.00,'Logro 2','Durante la presentación del proyecto tiene un volumen de voz lo suficientemente alto para ser escuchado por la audiencia, pero no mantiene buena postura ni establece contacto visual con todas las personas en el aula durante la presentación.','2020-10-13 14:37:26','2020-10-13 14:37:26'),(387,1,30.00,'Logro 3','Durante la presentación del proyecto el volumen de voz es bajo, lo cual impide ser escuchado por la audiencia y su postura es inadecuada y no establece contacto visual con las personas en el aula durante la presentación.','2020-10-13 14:37:26','2020-10-13 14:37:26'),(388,1,0.00,'Logro 4','No hay evidencia.','2020-10-13 14:37:26','2020-10-13 14:37:26'),(389,1,100.00,'Logro 1','Respeta las normas y protocolos establecidas para la exposición de los proyectos, sigue las instrucciones y colabora a otros grupos para favorecer el correcto desarrollo de la actividad.','2020-10-13 14:37:26','2020-10-13 14:37:26'),(390,1,65.00,'Logro 2','Respeta las normas y protocolos establecidas para la exposición de los proyectos y sigue las instrucciones, pero no colabora a otros grupos para favorecer el correcto desarrollo de la actividad.','2020-10-13 14:37:26','2020-10-13 14:37:26'),(391,1,30.00,'Logro 3','No se acoge a las normas y protocolos establecidas para la exposición de los proyectos, ni sigue instrucciones. No presenta acciones colaborativas para favorecer el correcto desarrollo de la actividad.','2020-10-13 14:37:26','2020-10-13 14:37:26'),(392,1,0.00,'Logro 4','No hay evidencia.','2020-10-13 14:37:26','2020-10-13 14:37:26'),(393,1,100.00,'Logro 1','Interpreta correctamente la instrucción y desarrolla la actividad a partir programa su rutina a partir del orden establecido.','2020-10-13 14:37:26','2020-10-13 14:37:26'),(394,1,65.00,'Logro 2','Comprende las instrucciones recibidas, sin embargo no las ejecuta en el orden indicado para el logro de los objetivos.','2020-10-13 14:37:26','2020-10-13 14:37:26'),(395,1,30.00,'Logro 3','Interpreta de manera errada las instrucciones dadas para el desarrollo de la actividad.','2020-10-13 14:37:27','2020-10-13 14:37:27'),(396,1,0.00,'Logro 4','No hay evidencia.','2020-10-13 14:37:27','2020-10-13 14:37:27'),(397,1,100.00,'Logro 1','La programación de la tarjeta es exitosa y realiza la instrucción indicada en el algoritmo. ¡Bien hecho!','2020-10-13 14:37:27','2020-10-13 14:37:27'),(398,1,65.00,'Logro 2','La programación puede mejorar usando un menor número de bloques. Revisa la programación.','2020-10-13 14:37:27','2020-10-13 14:37:27'),(399,1,30.00,'Logro 3','Debe seguir las instrucciones y usar los bloques que indica el robot AXSG. Inténtalo nuevamente.','2020-10-13 14:37:27','2020-10-13 14:37:27'),(400,1,0.00,'Logro 4','No hay evidencia.','2020-10-13 14:37:27','2020-10-13 14:37:27'),(401,1,100.00,'Logro 1','Identifica los bloques de programación a partir de la búsqueda en MakeCode.','2020-10-13 14:37:27','2020-10-13 14:37:27'),(402,1,65.00,'Logro 2','Identifica los bloques de programación pero no reconoce el bloque necesario para la programación.','2020-10-13 14:37:27','2020-10-13 14:37:27'),(403,1,30.00,'Logro 3','Ingresa a MakeCode pero no realiza una búsqueda de los bloques de programación.','2020-10-13 14:37:27','2020-10-13 14:37:27'),(404,1,0.00,'Logro 4','No hay evidencia.','2020-10-13 14:37:27','2020-10-13 14:37:27'),(405,1,100.00,'Logro 1','Identifica la relación e importancia de cada instrucción y las aplica en la programación de comandos en la computadora.','2020-10-13 14:37:27','2020-10-13 14:37:27'),(406,1,65.00,'Logro 2','Comprende las instrucciones dadas, pero no las tiene en cuenta en su totalidad para la programación de comandos en la computadora.','2020-10-13 14:37:27','2020-10-13 14:37:27'),(407,1,30.00,'Logro 3','No comprende las instrucciones dadas y, por lo tanto, no programa comandos en la computadora de forma efectiva.','2020-10-13 14:37:27','2020-10-13 14:37:27'),(408,1,0.00,'Logro 4','No hay evidencia.','2020-10-13 14:37:27','2020-10-13 14:37:27'),(409,1,100.00,'Logro 1','Interviene de forma propositiva en el desarrollo del juego: /Cartas de poder contra el hambre/, alentando a los demás integrantes del equipo a compartir sus conocimientos y propuestas.','2020-10-13 14:37:27','2020-10-13 14:37:27'),(410,1,65.00,'Logro 2','Participa en el desarrollo del juego: /Cartas de poder contra el hambre/; sin embargo, en ocasiones no tiene presente las opiniones o propuestas de los demás aprendices.','2020-10-13 14:37:27','2020-10-13 14:37:27'),(411,1,30.00,'Logro 3','Participa en el desarrollo del juego: /Cartas de poder contra el hambre/ solo cuando se le pide directamente y no tiene en cuenta las opiniones o propuestas de los demás aprendices.','2020-10-13 14:37:27','2020-10-13 14:37:27'),(412,1,0.00,'Logro 4','No hay evidencia.','2020-10-13 14:37:27','2020-10-13 14:37:27'),(413,1,100.00,'Logro 1','La tarjeta genera números aleatorios al ser agitada y sirve como herramienta en el juego de sumas. ¡Bien hecho!','2020-10-13 14:37:27','2020-10-13 14:37:27'),(414,1,65.00,'Logro 2','La tarjeta muestra un número, pero no es aleatorio y no sirve como herramienta en el juego de sumas. Revisa la programación.','2020-10-13 14:37:27','2020-10-13 14:37:27'),(415,1,30.00,'Logro 3','La tarjeta no muestra ningún mensaje al ser agitada. Inténtalo nuevamente.','2020-10-13 14:37:27','2020-10-13 14:37:27'),(416,1,0.00,'Logro 4','No hay evidencia de la actividad.','2020-10-13 14:37:27','2020-10-13 14:37:27'),(417,1,100.00,'Logro 1','Reconoce y respeta las opiniones y aportes de sus compañeros para la decoración del escenario y el Micro:bit. Valora el conocimiento y las habilidades de los demás aprendices, y los motiva a la participación.','2020-10-13 14:37:27','2020-10-13 14:37:27'),(418,1,65.00,'Logro 2','Reconoce y respeta las opiniones y aportes de sus compañeros para la decoración del escenario y el Micro:bit; sin embargo, en ocasiones no tiene en cuenta los conocimientos e intervenciones de sus compañeros.','2020-10-13 14:37:27','2020-10-13 14:37:27'),(419,1,30.00,'Logro 3','Necesita que se le recuerde, ocasionalmente, el respeto por las opiniones y aportes de sus compañeros para la decoración del escenario y el Micro:bit.','2020-10-13 14:37:27','2020-10-13 14:37:27'),(420,1,0.00,'Logro 4','No hay evidencia.','2020-10-13 14:37:27','2020-10-13 14:37:27'),(421,1,100.00,'Logro 1','El algoritmo registra en una variable el número de veces que se presiona un botón y lo muestra en los LED de Micro:bit. ¡Bien hecho!','2020-10-13 14:37:27','2020-10-13 14:37:27'),(422,1,65.00,'Logro 2','El algoritmo usa variables pero no registra el conteo al presionar un botón de Micro:bit. Revisa la programación.','2020-10-13 14:37:27','2020-10-13 14:37:27'),(423,1,30.00,'Logro 3','El algoritmo no realiza el conteo porque no se usaron variables para almacenar información. Inténtalo nuevamente.','2020-10-13 14:37:27','2020-10-13 14:37:27'),(424,1,0.00,'Logro 4','No hay evidencia de la actividad.','2020-10-13 14:37:27','2020-10-13 14:37:27'),(425,1,100.00,'Logro 1','En las conversaciones con su Facilitador y compañeros, durante el desarrollo de la actividad, se destaca por sus aportes y por su iniciativa al guiar las acciones a desarrollar.','2020-10-13 14:37:27','2020-10-13 14:37:27'),(426,1,65.00,'Logro 2','Se muestra dispuesto a exponer sus ideas y a escuchar las de los demás.','2020-10-13 14:37:27','2020-10-13 14:37:27'),(427,1,30.00,'Logro 3','Solo interviene cuando se le realiza una pregunta. No se muestra muy interesado en escuchar las ideas de los demás y le cuesta exponer las suyas.','2020-10-13 14:37:27','2020-10-13 14:37:27'),(428,1,0.00,'Logro 4','No hay evidencia.','2020-10-13 14:37:27','2020-10-13 14:37:27'),(429,1,100.00,'Logro 1','Por iniciativa propia, contribuye de forma activa y enriquecedora con información y opiniones que enriquecen el desarrollo de la actividad “¿Por cuál camino cojo?”','2020-10-13 14:37:27','2020-10-13 14:37:27'),(430,1,65.00,'Logro 2','Ocasionalmente aporta información y opiniones para el desarrollo de la actividad “¿Por cuál camino cojo?”','2020-10-13 14:37:27','2020-10-13 14:37:27'),(431,1,30.00,'Logro 3','Solo participa y/o comparte sus opiniones solo cuando se le solicita que lo haga, durante el desarrollo de la actividad “¿Por cuál camino cojo?”','2020-10-13 14:37:27','2020-10-13 14:37:27'),(432,1,0.00,'Logro 4','No hay evidencia.','2020-10-13 14:37:27','2020-10-13 14:37:27'),(433,1,100.00,'Logro 1','El dado digital usa condicionales para mostrar imágenes correspondientes a cada número aleatorio. ¡Bien hecho!','2020-10-13 14:37:27','2020-10-13 14:37:27'),(434,1,65.00,'Logro 2','El algoritmo programado usa condicionales, pero no cumple con la instrucción de la actividad. Revisa la programación.','2020-10-13 14:37:27','2020-10-13 14:37:27'),(435,1,30.00,'Logro 3','El dado digital muestra números aleatorios, pero no usa condicionales. Inténtalo nuevamente.','2020-10-13 14:37:27','2020-10-13 14:37:27'),(436,1,0.00,'Logro 4','No hay evidencia de la actividad.','2020-10-13 14:37:27','2020-10-13 14:37:27'),(437,1,100.00,'Logro 1','Indaga sobre variables y condicionales, encuentra cómo se usan y las integra a la programación de un dado digital.','2020-10-13 14:37:27','2020-10-13 14:37:27'),(438,1,65.00,'Logro 2','Indaga sobre el uso de variables y condicionales, pero no reconoce su aplicación en Micro:bit.','2020-10-13 14:37:27','2020-10-13 14:37:27'),(439,1,30.00,'Logro 3','Indaga sobre el uso de variables y condicionales, pero no reconoce su función en los algoritmos de programación.','2020-10-13 14:37:27','2020-10-13 14:37:27'),(440,1,0.00,'Logro 4','No hay evidencia de la actividad.','2020-10-13 14:37:27','2020-10-13 14:37:27'),(441,1,100.00,'Logro 1','Demuestra comprender el tema y, a partir de él, conduce conversaciones con ideas claras y ordenadas, teniendo en cuenta a sus compañeros y opiniones.','2020-10-13 14:37:27','2020-10-13 14:37:27'),(442,1,65.00,'Logro 2','Muestra un conocimiento aceptable del tema y, a partir de él, transmite sus ideas, pero sin tener el procedimiento elaborado por sus compañeros para el desarrollo de la actividad. ','2020-10-13 14:37:27','2020-10-13 14:37:27'),(443,1,30.00,'Logro 3','Se evidencia un conocimiento poco profundo del tema, por consiguiente, las críticas propuestas no tienen relación con el desarrollo de la actividad.','2020-10-13 14:37:27','2020-10-13 14:37:27'),(444,1,0.00,'Logro 4','No hay evidencia.','2020-10-13 14:37:27','2020-10-13 14:37:27'),(445,1,100.00,'Logro 1','El juego diseñado incorpora variables y condicionales para las reglas de juego. ¡Bien hecho!','2020-10-13 14:37:27','2020-10-13 14:37:27'),(446,1,65.00,'Logro 2','El juego diseñado incorpora el uso del dado digital, pero no las reglas de juego. Revisa la programación.','2020-10-13 14:37:27','2020-10-13 14:37:27'),(447,1,30.00,'Logro 3','El algoritmo de programación no usa variables ni condicionales. Inténtalo nuevamente.','2020-10-13 14:37:27','2020-10-13 14:37:27'),(448,1,0.00,'Logro 4','No hay evidencia de la actividad.','2020-10-13 14:37:27','2020-10-13 14:37:27'),(449,1,100.00,'Logro 1','Constantemente proporciona ideas útiles para la elaboración de un sistema de recolección y entrega automática de huevos de gallina, evitando que se rompan.','2020-10-13 14:37:27','2020-10-13 14:37:27'),(450,1,65.00,'Logro 2','Algunas veces comparte su conocimiento o ideas útiles para la elaboración de un sistema de recolección y entrega automática de huevos de gallina, evitando que se rompan.','2020-10-13 14:37:27','2020-10-13 14:37:27'),(451,1,30.00,'Logro 3','Rara vez propone ideas útiles o comparte información para la elaboración de un sistema de recolección y entrega automática de huevos de gallina, evitando que se rompan.','2020-10-13 14:37:27','2020-10-13 14:37:27'),(452,1,0.00,'Logro 4','No hay evidencia.','2020-10-13 14:37:27','2020-10-13 14:37:27'),(453,1,100.00,'Logro 1','Representa el algoritmo en un diagrama de flujo y el programa escoge respuestas de forma aleatoria. ¡Bien hecho!','2020-10-13 14:37:27','2020-10-13 14:37:27'),(454,1,65.00,'Logro 2','El algoritmo se muestra en un diagrama de flujo, pero no realiza la tarea que se requiere. Revisa la programación.','2020-10-13 14:37:27','2020-10-13 14:37:27'),(455,1,30.00,'Logro 3','El diagrama de flujo no representa el algoritmo y tampoco cumple con la tarea que se requiere. Inténtalo nuevamente.','2020-10-13 14:37:27','2020-10-13 14:37:27'),(456,1,0.00,'Logro 4','No hay evidencia de la actividad.','2020-10-13 14:37:27','2020-10-13 14:37:27'),(457,1,100.00,'Logro 1','El discurso está bien estructurado y transmite ideas de forma clara y ordenada, sobre cuál es el nivel de luz más alto y más bajo detectado por su Micro:bit en el ejercicio desarrollado.','2020-10-13 14:37:27','2020-10-13 14:37:27'),(458,1,65.00,'Logro 2','La sustentación oral es clara, sin embargo algunas ideas no permiten comprender el nivel de luz de algunos lugares. Se nota un poco de nerviosismo al hablar.','2020-10-13 14:37:27','2020-10-13 14:37:27'),(459,1,30.00,'Logro 3','El discurso no está bien estructurado, expone ideas de forma confusa y no describe cuál es el nivel de luz más alto y más bajo detectado por su Micro:bit en el ejercicio desarrollado.','2020-10-13 14:37:27','2020-10-13 14:37:27'),(460,1,0.00,'Logro 4','No hay evidencia.','2020-10-13 14:37:27','2020-10-13 14:37:27'),(461,1,100.00,'Logro 1','La programación de la tarjeta permite medir el nivel de iluminación del entorno. ¡Bien hecho!','2020-10-13 14:37:27','2020-10-13 14:37:27'),(462,1,65.00,'Logro 2','El algoritmo incorpora el sensor de iluminación, pero no muestra los valores medidos. Revisa la programación.','2020-10-13 14:37:27','2020-10-13 14:37:27'),(463,1,30.00,'Logro 3','El algoritmo de programación no incorpora el sensor de iluminación. Inténtalo nuevamente.','2020-10-13 14:37:27','2020-10-13 14:37:27'),(464,1,0.00,'Logro 4','No hay evidencia de la actividad.','2020-10-13 14:37:27','2020-10-13 14:37:27'),(465,1,100.00,'Logro 1','Realiza un algoritmo para medir la luminosidad, luego de indagar sobre la importancia de la luz en el medio ambiente, cómo se mide usando sensores y qué bloques se usan en MakeCode.','2020-10-13 14:37:27','2020-10-13 14:37:27'),(466,1,65.00,'Logro 2','El Micro:bit no mide la luminosidad, se debe indagar más sobre cómo se mide usando sensores y qué bloques se usan en MakeCode.','2020-10-13 14:37:27','2020-10-13 14:37:27'),(467,1,30.00,'Logro 3','Se debe indagar más sobre la importancia de la luz en el medio ambiente, cómo se mide usando sensores y qué bloques se usan en MakeCode.','2020-10-13 14:37:27','2020-10-13 14:37:27'),(468,1,0.00,'Logro 4','No hay evidencia de la actividad.','2020-10-13 14:37:27','2020-10-13 14:37:27'),(469,1,100.00,'Logro 1','Ante la ocurrencia de conflictos siempre escucha otras opiniones y acepta sugerencias y opiniones diferentes a su modo de pensar. Propone alternativas el consenso o la solución.','2020-10-13 14:37:27','2020-10-13 14:37:27'),(470,1,65.00,'Logro 2','En situaciones de conflicto, casi siempre escucha otras opiniones y acepta sugerencias. Pocas veces propone soluciones.','2020-10-13 14:37:27','2020-10-13 14:37:27'),(471,1,30.00,'Logro 3','En situaciones de conflicto, pocas veces escucha otras opiniones. Rechaza las sugerencias y no propone soluciones.','2020-10-13 14:37:27','2020-10-13 14:37:27'),(472,1,0.00,'Logro 4','No hay evidencia.','2020-10-13 14:37:27','2020-10-13 14:37:27'),(473,1,100.00,'Logro 1','El montaje permite medir la velocidad de reacción usando materiales conductores conectados a Micro:bit. ¡Bien hecho!','2020-10-13 14:37:27','2020-10-13 14:37:27'),(474,1,65.00,'Logro 2','El montaje no mide la velocidad de reacción. Revisa la programación o la conexión de los cables.','2020-10-13 14:37:27','2020-10-13 14:37:27'),(475,1,30.00,'Logro 3','Se entiende el concepto de sensor, pero no se realiza un montaje adecuado y el algoritmo no realiza la tarea solicitada. Inténtalo nuevamente.','2020-10-13 14:37:27','2020-10-13 14:37:27'),(476,1,0.00,'Logro 4','No hay evidencia de la actividad.','2020-10-13 14:37:27','2020-10-13 14:37:27'),(477,1,100.00,'Logro 1','Realiza un algoritmo para medir la velocidad de reacción usando el concepto de materiales conductores, luego de indagar sobre materiales conductores, cómo se usan los pines analógicos y qué bloques de programación existen en MakeCode.','2020-10-13 14:37:27','2020-10-13 14:37:27'),(478,1,65.00,'Logro 2','El Micro:bit no mide la velocidad de reacción, se debe indagar más sobre cómo se usan los pines analógicos y qué bloques de programación existen en MakeCode.','2020-10-13 14:37:27','2020-10-13 14:37:27'),(479,1,30.00,'Logro 3','Se debe indagar más sobre el concepto de materiales conductores, luego de indagar sobre materiales conductores, cómo se usan los pines analógicos y qué bloques de programación existen en MakeCode.','2020-10-13 14:37:27','2020-10-13 14:37:27'),(480,1,0.00,'Logro 4','No hay evidencia de la actividad.','2020-10-13 14:37:27','2020-10-13 14:37:27'),(481,1,100.00,'Logro 1','Aplica un lenguaje claro y creativo para expresar sus ideas de forma coherente al momento de describir el proceso y los elementos utilizados al momento de construir y programar el vehículo.','2020-10-13 14:37:27','2020-10-13 14:37:27'),(482,1,65.00,'Logro 2','Utiliza un lenguaje verbal adecuado e incorpora elementos que refuerzan la descripción sobre el proceso y los elementos utilizados al momento de construir y programar el vehículo. Responde preguntas de forma correcta.','2020-10-13 14:37:27','2020-10-13 14:37:27'),(483,1,30.00,'Logro 3','Su forma de expresarse no es clara ni describe de forma puntual la forma como se construyó y programó el vehículo con chatarra. Se distrae con facilidad durante la exposición.','2020-10-13 14:37:27','2020-10-13 14:37:27'),(484,1,0.00,'Logro 4','No hay evidencia.','2020-10-13 14:37:27','2020-10-13 14:37:27'),(485,1,100.00,'Logro 1','Escucha con atención las intervenciones sus compañeros y las tiene en cuenta para lograr una excelente participación en las competencias programadas para saber cuál es el vehículo más veloz. Muestra interés por la unión del grupo.','2020-10-13 14:37:27','2020-10-13 14:37:27'),(486,1,65.00,'Logro 2','A veces escucha las opiniones de sus compañeros y acepta integrarlas para lograr una excelente participación en las competencias programadas para saber cuál es el vehículo más veloz. No muestra interés por la unión del grupo.','2020-10-13 14:37:27','2020-10-13 14:37:27'),(487,1,30.00,'Logro 3','Muy pocas veces escucha las intervenciones de sus compañeros y, generalmente, no las recuerda. No ayuda a mantener la unión en el grupo.','2020-10-13 14:37:27','2020-10-13 14:37:27'),(488,1,0.00,'Logro 4','No hay evidencia.','2020-10-13 14:37:27','2020-10-13 14:37:27'),(489,1,100.00,'Logro 1','El prototipo mide la humedad del suelo usando los pines analógicos de Micro:bit y el concepto de conductividad eléctrica. ¡Bien hecho!','2020-10-13 14:37:27','2020-10-13 14:37:27'),(490,1,65.00,'Logro 2','El prototipo conceptualmente es correcto, pero no mide la humedad del suelo. Revisa la programación o la conexión de los cables.','2020-10-13 14:37:27','2020-10-13 14:37:27'),(491,1,30.00,'Logro 3','Entiende el concepto de humedad, pero el montaje y el algoritmo no permiten medirla. Inténtalo nuevamente.','2020-10-13 14:37:27','2020-10-13 14:37:27'),(492,1,0.00,'Logro 4','No hay evidencia de la actividad.','2020-10-13 14:37:27','2020-10-13 14:37:27'),(493,1,100.00,'Logro 1','Diseña un prototipo para medir la humedad, a partir de indagar sobre la relación entre conductividad eléctrica y humedad del suelo, uso de los pines analógicos y bloques de programación existen en MakeCode.','2020-10-13 14:37:27','2020-10-13 14:37:27'),(494,1,65.00,'Logro 2','El prototipo conceptualmente es correcto, pero se debe indagar más sobre el uso de los pines analógicos y bloques de programación existen en MakeCode.','2020-10-13 14:37:27','2020-10-13 14:37:27'),(495,1,30.00,'Logro 3','Se debe indagar más sobre la relación entre conductividad eléctrica y humedad del suelo, uso de los pines analógicos y bloques de programación existen en MakeCode.','2020-10-13 14:37:27','2020-10-13 14:37:27'),(496,1,0.00,'Logro 4','No hay evidencia de la actividad.','2020-10-13 14:37:27','2020-10-13 14:37:27'),(497,1,100.00,'Logro 1','El prototipo de monitoreo mide correctamente las variables de humedad, luminosidad y temperatura. ¡Bien hecho!','2020-10-13 14:37:27','2020-10-13 14:37:27'),(498,1,65.00,'Logro 2','El prototipo conceptualmente es correcto, pero no mide todas las variables físicas. Revisa la programación o la conexión de los cables.','2020-10-13 14:37:27','2020-10-13 14:37:27'),(499,1,30.00,'Logro 3','Entiende el concepto de un sistema de monitoreo agrícola, pero el montaje no realiza mediciones. Inténtalo nuevamente.','2020-10-13 14:37:27','2020-10-13 14:37:27'),(500,1,0.00,'Logro 4','No hay evidencia de la actividad.','2020-10-13 14:37:27','2020-10-13 14:37:27'),(501,1,100.00,'Logro 1','Construye un prototipo que mide la humedad, luminosidad y temperatura, a partir de la indagación sobre la medición de variables medioambientales y cómo se miden con Micro:bit.','2020-10-13 14:37:27','2020-10-13 14:37:27'),(502,1,65.00,'Logro 2','El prototipo conceptualmente es correcto, debe indagar más sobre cómo se miden variables medioambientales con Micro:bit.','2020-10-13 14:37:27','2020-10-13 14:37:27'),(503,1,30.00,'Logro 3','Debe indagar más sobre la medición de variables medioambientales y cómo se miden con Micro:bit.','2020-10-13 14:37:27','2020-10-13 14:37:27'),(504,1,0.00,'Logro 4','No hay evidencia de la actividad.','2020-10-13 14:37:27','2020-10-13 14:37:27'),(505,1,100.00,'Logro 1','El texto es ordenado, está bien estructurado y sus diferentes párrafos o apartados permiten la comprensión de las propuestas para mejorar la velocidad de los vehículos elaborados; para ello, incorpora tablas y gráficos que facilitan la lectura y la comprensión del texto.','2020-10-13 14:37:27','2020-10-13 14:37:27'),(506,1,65.00,'Logro 2','Los textos están bien escritos, pero el mensaje no es claro al describir las propuestas para mejorar la velocidad de los vehículos elaborados. Las conclusiones no se fundamentan suficientemente en los planteamientos o argumentos expuestos.','2020-10-13 14:37:27','2020-10-13 14:37:27'),(507,1,30.00,'Logro 3','La estructura del escrito no favorece su comprensión, pasa de un aspecto a otro sin utilizar párrafos en los que se describan las propuestas para mejorar la velocidad de los vehículos elaborados.','2020-10-13 14:37:27','2020-10-13 14:37:27'),(508,1,0.00,'Logro 4','No hay evidencia.','2020-10-13 14:37:27','2020-10-13 14:37:27'),(509,1,100.00,'Logro 1','La descripción realizada está bien enfocada, expone de forma clara el diagrama de flujo y las conclusiones a las que se llega son coherentes y originales.','2020-10-13 14:37:27','2020-10-13 14:37:27'),(510,1,65.00,'Logro 2','Solo incluye la descripción del proceso, haciendo falta el diagrama de flujo; sin embargo, el tema está bien enfocado y las conclusiones se fundamentan suficientemente en los planteamientos o argumentos expuestos.','2020-10-13 14:37:27','2020-10-13 14:37:27'),(511,1,30.00,'Logro 3','Las ideas son comprensibles, pero la distribución de la información está desordenada, además contiene errores ortográficos y gramaticales. No incluye el diagrama de flujo.','2020-10-13 14:37:27','2020-10-13 14:37:27'),(512,1,0.00,'Logro 4','No hay evidencia.','2020-10-13 14:37:27','2020-10-13 14:37:27'),(513,1,100.00,'Logro 1','Interviene de forma propositiva en el desarrollo de la actividad “¡Qué voltaje!” cumpliendo con el rol definido y ejecutando adecuadamente las tareas asignadas.','2020-10-13 14:37:27','2020-10-13 14:37:27'),(514,1,65.00,'Logro 2','Participa en la actividad “¡Qué voltaje!” cumpliendo con el rol definido, sin embargo, no ejecuta las tareas asignadas, afectando el desarrollo de la actividad.','2020-10-13 14:37:27','2020-10-13 14:37:27'),(515,1,30.00,'Logro 3','Participa en la actividad “¡Qué voltaje!” a desgana, no cumple con el rol definido ni las tareas asignadas, afectando el desarrollo de la actividad.','2020-10-13 14:37:27','2020-10-13 14:37:27'),(516,1,0.00,'Logro 4','No hay evidencia.','2020-10-13 14:37:27','2020-10-13 14:37:27'),(517,1,100.00,'Logro 1','Reconoce cada una de las partes de la tarjeta de ampliación, sabe cuál es su función principal y cómo usarla gracias a la correcta asimilación de la información dada en la plataforma y su socialización con sus compañeros.','2020-10-13 14:37:27','2020-10-13 14:37:27'),(518,1,65.00,'Logro 2','Reconoce cada una de las partes de la tarjeta de ampliación, pero no tiene claras o presenta confusiones respecto a sus funciones y cómo usarlas. Demostró una asimilación parcial de la información dada en la plataforma.','2020-10-13 14:37:27','2020-10-13 14:37:27'),(519,1,30.00,'Logro 3','Reconoce algunas partes de la tarjeta de ampliación, pero no comprende sus funciones ni cómo usar cada una de ellas. Demostró deficiencias en la asimilación y comprensión de la información dada en la plataforma.','2020-10-13 14:37:27','2020-10-13 14:37:27'),(520,1,0.00,'Logro 4','No hay evidencia.','2020-10-13 14:37:27','2020-10-13 14:37:27'),(521,1,100.00,'Logro 1','El programa resultante muestra las mediciones de cada sensor en la pantalla del Micro:bit, tanto para señales analógicas como digitales, y el aprendiz identifica diferentes tipos de sensores, sus partes principales, y el tipo de señal de salida.','2020-10-13 14:37:27','2020-10-13 14:37:27'),(522,1,65.00,'Logro 2','La programación muestra las mediciones de cada sensor en la pantalla del Micro:bit pero presenta fallas para mostrar señales analógicas o digitales, y el aprendiz identifica diferentes tipos de sensores, sus partes principales, pero se le dificulta identificar el tipo de señal de salida.','2020-10-13 14:37:27','2020-10-13 14:37:27'),(523,1,30.00,'Logro 3','La programación presenta problemas para mostrar en pantalla las mediciones de cualquier sensor, y al aprendiz se le dificulta identificar los tipos de sensores, sus partes principales, y su tipo de señal de salida.','2020-10-13 14:37:27','2020-10-13 14:37:27'),(524,1,0.00,'Logro 4','No hay evidencia.','2020-10-13 14:37:27','2020-10-13 14:37:27'),(525,1,100.00,'Logro 1','Aporta activamente al trabajo del grupo, da ideas que aportan a la programación y montaje del sistema de detección por proximidad, y llega a un acuerdo con sus compañeros para probar el sistema construido.','2020-10-13 14:37:27','2020-10-13 14:37:27'),(526,1,65.00,'Logro 2','Aporta activamente al trabajo del grupo para la programación y montaje del sistema de detección por proximidad, pero es difícil que consiga consensos con los compañeros para probar el sistema construido.','2020-10-13 14:37:27','2020-10-13 14:37:27'),(527,1,30.00,'Logro 3','Presenta dificultades para trabajar en equipo en la programación y construcción de un sistema de detección por proximidad, no aporta ideas al sistema ni ayuda a probar su funcionamiento.','2020-10-13 14:37:27','2020-10-13 14:37:27'),(528,1,0.00,'Logro 4','No hay evidencia.','2020-10-13 14:37:27','2020-10-13 14:37:27'),(529,1,100.00,'Logro 1','Reconoce cada una de las partes del Servomotor, sus funciones principales y cómo conectarlo, gracias a la correcta asimilación de la información dada en la plataforma y su socialización con sus compañeros.','2020-10-13 14:37:27','2020-10-13 14:37:27'),(530,1,65.00,'Logro 2','Reconoce cada una de las partes del Servomotor y sabe cómo conectarlo, pero no tiene claras o presenta confusiones respecto sus funciones. Demostró una asimilación parcial de la información dada en la plataforma.','2020-10-13 14:37:27','2020-10-13 14:37:27'),(531,1,30.00,'Logro 3','Reconoce algunas partes del Servomotor, pero no sabe cómo conectarlo ni comprende sus funciones. Demostró deficiencias en la asimilación y comprensión de la información dada en la plataforma.','2020-10-13 14:37:27','2020-10-13 14:37:27'),(532,1,0.00,'Logro 4','No hay evidencia.','2020-10-13 14:37:27','2020-10-13 14:37:27'),(533,1,100.00,'Logro 1','Se evidencia la creatividad en la construcción del prototipo, estabilidad en su funcionamiento, el adecuado uso de sensores y actuadores, y la correcta realización de las tareas esperadas.','2020-10-13 14:37:27','2020-10-13 14:37:27'),(534,1,65.00,'Logro 2','Se evidencia la creatividad en la construcción del prototipo, y el adecuado uso de sensores y actuadores, sin embargo, se presentan fallas ocasionales en su funcionamiento, y errores en la realización de las tareas esperadas.','2020-10-13 14:37:27','2020-10-13 14:37:27'),(535,1,30.00,'Logro 3','Se evidencia falta de creatividad en la construcción del prototipo, no se observa un correcto uso de sensores y actuadores, existen fallas en su funcionamiento, y no realiza las tareas esperadas.','2020-10-13 14:37:27','2020-10-13 14:37:27'),(536,1,0.00,'Logro 4','No hay evidencia.','2020-10-13 14:37:27','2020-10-13 14:37:27'),(537,1,100.00,'Logro 1','El algoritmo lee la distancia registrada por el sensor de ultrasonido y controla adecuadamente el ángulo del servomotor, para generar la apertura y cierre del dispensador.','2020-10-13 14:37:27','2020-10-13 14:37:27'),(538,1,65.00,'Logro 2','El algoritmo lee la distancia registrada por el sensor de ultrasonido, sin embargo, no ajusta adecuadamente el ángulo del servomotor provocando fallas en la apertura y cierre del dispensador.','2020-10-13 14:37:27','2020-10-13 14:37:27'),(539,1,30.00,'Logro 3','Se evidencian fallas en la programación del sensor de ultrasonido y el servomotor, provocando un mal funcionamiento del dispensador.','2020-10-13 14:37:27','2020-10-13 14:37:27'),(540,1,0.00,'Logro 4','No hay evidencia de la actividad.','2020-10-13 14:37:27','2020-10-13 14:37:27'),(541,1,100.00,'Logro 1','Aporta de manera asertiva opiniones e ideas relacionadas con aspectos de la comunidad, escucha a sus compañeros y fomenta un análisis crítico de los temas planteados.','2020-10-13 14:37:27','2020-10-13 14:37:27'),(542,1,65.00,'Logro 2','Aporta opiniones e ideas relacionadas con aspectos de la comunidad, pero no escucha otras ideas ni fomenta, o participa, en análisis críticos de los temas planteados.','2020-10-13 14:37:27','2020-10-13 14:37:27'),(543,1,30.00,'Logro 3','Solo interviene cuando se le realiza una pregunta, no genera aportes críticos al diálogo establecido, no escucha otras ideas y muestra desconocimiento de los temas relacionados con su entorno.','2020-10-13 14:37:27','2020-10-13 14:37:27'),(544,1,0.00,'Logro 4','No hay evidencia.','2020-10-13 14:37:27','2020-10-13 14:37:27'),(545,1,100.00,'Logro 1','Asimila y comprende la información dada en la plataforma y, con base en ella, expresa de forma clara y concisa, ideas sobre posibles aplicaciones de robótica móvil en su entorno.','2020-10-13 14:37:27','2020-10-13 14:37:27'),(546,1,65.00,'Logro 2','Asimila y comprende la información dada en la plataforma, pero se le dificulta expresar de forma clara y concisa, ideas sobre posibles aplicaciones de robótica móvil en su entorno.','2020-10-13 14:37:27','2020-10-13 14:37:27'),(547,1,30.00,'Logro 3','Le cuesta comprender la información dada en la plataforma y no plantea ninguna idea relacionada con aplicaciones de robótica móvil en su entorno.','2020-10-13 14:37:27','2020-10-13 14:37:27'),(548,1,0.00,'Logro 4','No hay evidencia.','2020-10-13 14:37:27','2020-10-13 14:37:27'),(549,1,100.00,'Logro 1','Aporta ideas creativas para la selección y construcción de una máquina simple, y apoya activamente en el proceso de construcción de la misma.','2020-10-13 14:37:27','2020-10-13 14:37:27'),(550,1,65.00,'Logro 2','Aporta ideas para la selección y construcción de una máquina simple, pero es difícil lograr su contribución en el proceso de construcción de la misma.','2020-10-13 14:37:27','2020-10-13 14:37:27'),(551,1,30.00,'Logro 3','No aporta ideas que ayuden a seleccionar ni construir una máquina simple, y el apoyo que da en el proceso de construcción de la misma es mínimo.','2020-10-13 14:37:27','2020-10-13 14:37:27'),(552,1,0.00,'Logro 4','No hay evidencia.','2020-10-13 14:37:27','2020-10-13 14:37:27'),(553,1,100.00,'Logro 1','Identifica tareas de la cotidianidad que pueden solucionarse con una máquina simple y construye un prototipo funcional que resuelva dicha tarea, con capacidad para automatizarse y/o fusionarse con otros modelos.','2020-10-13 14:37:27','2020-10-13 14:37:27'),(554,1,65.00,'Logro 2','Identifica tareas de la cotidianidad que pueden solucionarse con una máquina simple y construye un prototipo funcional, pero éste presenta fallas o errores, y le cuesta automatizarlo y/o fusionarlo con otros modelos.','2020-10-13 14:37:27','2020-10-13 14:37:27'),(555,1,30.00,'Logro 3','Identifica tareas de la cotidianidad que pueden solucionarse con una máquina simple pero no sabe cómo construir un prototipo funcional que resuelva dicha tarea.','2020-10-13 14:37:27','2020-10-13 14:37:27'),(556,1,0.00,'Logro 4','No hay evidencia.','2020-10-13 14:37:27','2020-10-13 14:37:27'),(557,1,100.00,'Logro 1','Expresa claramente sus ideas y opiniones, de forma verbal, escrita y mediante dibujos o diagramas, se relaciona con otros roles de trabajo para intercambiar información y propone soluciones tecnológicas viables para los retos planteados.','2020-10-13 14:37:27','2020-10-13 14:37:27'),(558,1,65.00,'Logro 2','Expresa claramente sus ideas y opiniones, de forma verbal, escrita y mediante dibujos o diagramas, pero le cuesta relacionarse con los otros roles de trabajo para intercambiar información, y propone soluciones tecnológicas no viables para los retos planteados.','2020-10-13 14:37:27','2020-10-13 14:37:27'),(559,1,30.00,'Logro 3','No logra expresar claramente sus ideas ni opiniones, de forma verbal, escrita ni mediante dibujos o diagramas, le cuesta relacionarse con otros roles de trabajo para intercambiar información y no propone ningún tipo de solución para los retos planteados.','2020-10-13 14:37:27','2020-10-13 14:37:27'),(560,1,0.00,'Logro 4','No hay evidencia.','2020-10-13 14:37:27','2020-10-13 14:37:27'),(561,1,100.00,'Logro 1','Utiliza lenguaje codificado para enviar instrucciones a un compañero, quien decodifica adecuadamente las instrucciones y realiza las tareas esperadas.','2020-10-13 14:37:27','2020-10-13 14:37:27'),(562,1,65.00,'Logro 2','Utiliza lenguaje codificado para enviar instrucciones a un compañero, quien decodifica con errores persistentes las instrucciones y realiza tareas no correspondientes a las instrucciones dadas.','2020-10-13 14:37:27','2020-10-13 14:37:27'),(563,1,30.00,'Logro 3','Utiliza lenguaje codificado para enviar instrucciones, pero se equivoca en la codificación, y el compañero que recibe la instrucción la decodifica erróneamente. ','2020-10-13 14:37:27','2020-10-13 14:37:27'),(564,1,0.00,'Logro 4','No hay evidencia.','2020-10-13 14:37:27','2020-10-13 14:37:27'),(565,1,100.00,'Logro 1','Aporta ideas favorables para el diseño cumpliendo claramente su rol, escucha las opiniones de sus compañeros y analiza todos los factores para definir un diseño que cumpla las tareas esperadas.','2020-10-13 14:37:27','2020-10-13 14:37:27'),(566,1,65.00,'Logro 2','Aporta ideas favorables para el diseño, pero no desempeña claramente su rol, ni admite las opiniones y no analiza todos los factores para definir un diseño que cumpla las tareas esperadas.','2020-10-13 14:37:27','2020-10-13 14:37:27'),(567,1,30.00,'Logro 3','Participa poco en el diseño y planeación de la pieza, aporta pocas ideas favorables para el diseño, no cumple su rol, ni escucha las opiniones de sus compañeros.','2020-10-13 14:37:27','2020-10-13 14:37:27'),(568,1,0.00,'Logro 4','No hay evidencia.','2020-10-13 14:37:27','2020-10-13 14:37:27'),(569,1,100.00,'Logro 1','Establece y representa, clara y completamente, el algoritmo de la pieza robótica en un diagrama de flujo, y prueba todos los sensores y actuadores requeridos para el funcionamiento de esta.','2020-10-13 14:37:27','2020-10-13 14:37:27'),(570,1,65.00,'Logro 2','Establece y representa, parcialmente, el algoritmo de la pieza robótica en un diagrama de flujo, y prueba algunos sensores y actuadores requeridos para el funcionamiento de esta.','2020-10-13 14:37:27','2020-10-13 14:37:27'),(571,1,30.00,'Logro 3','Realiza una representación vaga e incompleta del algoritmo de la pieza robótica en un diagrama de flujo, y le cuesta probar los sensores y actuadores requeridos para el funcionamiento de esta.','2020-10-13 14:37:27','2020-10-13 14:37:27'),(572,1,0.00,'Logro 4','No hay evidencia de la actividad.','2020-10-13 14:37:27','2020-10-13 14:37:27'),(573,1,100.00,'Logro 1','Prototipo funcional de una pieza robótica que cumple todas las tareas solicitadas en la plataforma.','2020-10-13 14:37:27','2020-10-13 14:37:27'),(574,1,65.00,'Logro 2','Prototipo funcional de una pieza robótica que cumpla algunas de las tareas solicitadas en la plataforma.','2020-10-13 14:37:27','2020-10-13 14:37:27'),(575,1,30.00,'Logro 3','Prototipo de una pieza robótica que presente múltiples fallas en la realización de las tareas solicitadas en la plataforma.','2020-10-13 14:37:27','2020-10-13 14:37:27'),(576,1,0.00,'Logro 4','No hay evidencia de la actividad.','2020-10-13 14:37:27','2020-10-13 14:37:27'),(577,1,100.00,'Logro 1','Identifica actividades de la cotidianidad que pueden solucionarse con robótica móvil y programa un vehículo para la ejecución o apoyo, en dicha actividad.','2020-10-13 14:37:27','2020-10-13 14:37:27'),(578,1,65.00,'Logro 2','Identifica actividades de la cotidianidad que pueden solucionarse con robótica móvil y programa un vehículo para la ejecución o apoyo en dicha actividad, sin embargo, su funcionamiento posee errores y no cumple con todas las actividades esperadas.','2020-10-13 14:37:27','2020-10-13 14:37:27'),(579,1,30.00,'Logro 3','Identifica actividades de la cotidianidad que pueden solucionarse con robótica móvil, sin embargo, no sabe cómo involucrar el vehículo en la actividad, ni cómo programarlo.','2020-10-13 14:37:27','2020-10-13 14:37:27'),(580,1,0.00,'Logro 4','No hay evidencia de la actividad.','2020-10-13 14:37:27','2020-10-13 14:37:27'),(581,1,100.00,'Logro 1','El emisor envía un número aleatorio y una cadena según el botón oprimido en el Micro:bit y el receptor recibe y muestra la información, que coincide con la enviada por el emisor.','2020-10-13 14:37:28','2020-10-13 14:37:28'),(582,1,65.00,'Logro 2','El emisor envía un número aleatorio y una cadena según el botón oprimido en el Micro:bit, y el receptor recibe y muestra la información, pero esta no coincide con la enviada por el emisor.','2020-10-13 14:37:28','2020-10-13 14:37:28'),(583,1,30.00,'Logro 3','El algoritmo del emisor presenta inconvenientes para generar y enviar un número aleatorio y una cadena, y el algoritmo del receptor no recibe ni muestra información.','2020-10-13 14:37:28','2020-10-13 14:37:28'),(584,1,0.00,'Logro 4','No hay evidencia.','2020-10-13 14:37:28','2020-10-13 14:37:28'),(585,1,100.00,'Logro 1','Indaga en la plataforma MakeCode la categoría de comunicación por radio, e identifica y utiliza adecuadamente los bloques encargados de definir grupos de trabajo, enviar datos y recibirlos.','2020-10-13 14:37:28','2020-10-13 14:37:28'),(586,1,65.00,'Logro 2','Indaga en la plataforma MakeCode la categoría de comunicación por radio, e identifica los bloques encargados de definir grupos de trabajo, enviar datos y recibirlos, sin embargo, no sabe cómo usarlos adecuadamente.','2020-10-13 14:37:28','2020-10-13 14:37:28'),(587,1,30.00,'Logro 3','Indaga en la plataforma MakeCode la categoría de comunicación por radio, pero no logra identificar ni reconocer los bloques encargados de definir grupos de trabajo, enviar datos y recibirlos.','2020-10-13 14:37:28','2020-10-13 14:37:28'),(588,1,0.00,'Logro 4','No hay evidencia de la actividad.','2020-10-13 14:37:28','2020-10-13 14:37:28'),(589,1,100.00,'Logro 1','Indaga en la plataforma MakeCode la librería del GAMEPAD, e identifica y programa adecuadamente los bloques relacionados con el movimiento del Joystick, los botones y los LEDs RGB del GAMEPAD.','2020-10-13 14:37:28','2020-10-13 14:37:28'),(590,1,65.00,'Logro 2','Indaga en la plataforma MakeCode la librería del GAMEPAD, e identifica los bloques relacionados con el movimiento del Joystick, los botones y los LED RGB del GAMEPAD, sin embargo, no sabe cómo programarlos adecuadamente.','2020-10-13 14:37:28','2020-10-13 14:37:28'),(591,1,30.00,'Logro 3','Indaga en la plataforma MakeCode la librería del GAMEPAD, sin embargo, no logra identificar ni reconocer los bloques relacionados con el movimiento del Joystick, los botones y los LED RGB del GAMEPAD.','2020-10-13 14:37:28','2020-10-13 14:37:28'),(592,1,0.00,'Logro 4','No hay evidencia de la actividad.','2020-10-13 14:37:28','2020-10-13 14:37:28'),(593,1,100.00,'Logro 1','El GAMEPAD controla el desplazamiento de un robot móvil y realiza todas las tareas solicitadas en la plataforma.','2020-10-13 14:37:28','2020-10-13 14:37:28'),(594,1,65.00,'Logro 2','El GAMEPAD controla el desplazamiento de un robot móvil, pero no realiza las tareas solicitadas en la plataforma.','2020-10-13 14:37:28','2020-10-13 14:37:28'),(595,1,30.00,'Logro 3','El GAMEPAD presenta dificultades para controlar el desplazamiento de un robot móvil y no realiza ninguna las tareas solicitadas en la plataforma.','2020-10-13 14:37:28','2020-10-13 14:37:28'),(596,1,0.00,'Logro 4','No hay evidencia de la actividad.','2020-10-13 14:37:28','2020-10-13 14:37:28'),(597,1,100.00,'Logro 1','Apoya activamente la creación y montaje de la pista de obstáculos, llega a un acuerdo con su grupo de trabajo para definir los turnos de conducción del vehículo, y compite amistosamente contra otros equipos.','2020-10-13 14:37:28','2020-10-13 14:37:28'),(598,1,65.00,'Logro 2','Apoya activamente la creación y montaje de la pista de obstáculos, pero le cuesta llegar a un acuerdo con su grupo de trabajo para definir los turnos de conducción del vehículo y al competir, no lleva de manera amistosa la derrota o la victoria.','2020-10-13 14:37:28','2020-10-13 14:37:28'),(599,1,30.00,'Logro 3','Apoya muy poco en la creación y montaje de la pista de obstáculos, se le dificulta llegar a un acuerdo con su grupo de trabajo, y le cuesta competir amistosamente contra otros equipos.','2020-10-13 14:37:28','2020-10-13 14:37:28'),(600,1,0.00,'Logro 4','No hay evidencia.','2020-10-13 14:37:28','2020-10-13 14:37:28'),(601,1,100.00,'Logro 1','El algoritmo permite controlar la dirección de desplazamiento de un robot móvil y regular su velocidad en 3 niveles, usando un Joystick.','2020-10-13 14:37:28','2020-10-13 14:37:28'),(602,1,65.00,'Logro 2','El algoritmo permite controlar la dirección de desplazamiento de un robot móvil, usando un Joystick, pero no varía la velocidad.','2020-10-13 14:37:28','2020-10-13 14:37:28'),(603,1,30.00,'Logro 3','El algoritmo no controla el desplazamiento de un robot móvil, ni su velocidad, usando un Joystick.','2020-10-13 14:37:28','2020-10-13 14:37:28'),(604,1,0.00,'Logro 4','No hay evidencia de la actividad.','2020-10-13 14:37:28','2020-10-13 14:37:28'),(605,1,100.00,'Logro 1','Prueba, analiza y registra el comportamiento del LED RGB para establecer los rangos de valores que definen la intensidad de cada color, y de esa manera programa el color deseado en los pines del sensor.','2020-10-13 14:37:28','2020-10-13 14:37:28'),(606,1,65.00,'Logro 2','Prueba, analiza y registra el comportamiento del LED RGB para establecer los rangos de valores que definen la intensidad de cada color, sin embargo, no logra programar el color deseado en los pines del sensor.','2020-10-13 14:37:28','2020-10-13 14:37:28'),(607,1,30.00,'Logro 3','No puede probar y registrar el comportamiento del LED RGB, y por tanto no logra establecer los rangos de valores que definen la intensidad de cada color.','2020-10-13 14:37:28','2020-10-13 14:37:28'),(608,1,0.00,'Logro 4','No hay evidencia de la actividad.','2020-10-13 14:37:28','2020-10-13 14:37:28'),(609,1,100.00,'Logro 1','Aporta ideas creativas para el diseño de un GAMEPAD, las expresa claramente de forma verbal y escrita, y mediante una socialización emplea medios creativos para comunicarlas.','2020-10-13 14:37:28','2020-10-13 14:37:28'),(610,1,65.00,'Logro 2','Aporta ideas creativas para el diseño de un GAMEPAD, las expresa claramente de forma verbal y escrita, pero no puede emplear medios adecuados para comunicarlas.','2020-10-13 14:37:28','2020-10-13 14:37:28'),(611,1,30.00,'Logro 3','Las ideas que aporta para el diseño de un GAMEPAD no son pertinentes y no usa medios adecuados para comunicarlas.','2020-10-13 14:37:28','2020-10-13 14:37:28'),(612,1,0.00,'Logro 4','No hay evidencia.','2020-10-13 14:37:28','2020-10-13 14:37:28'),(613,1,100.00,'Logro 1','Intercambia información con diferentes roles de trabajo y articula en sus propuestas de manera activa los aportes de sus compañeros integrando las partes individuales hasta alcanzar un prototipo funcional.','2020-10-13 14:37:28','2020-10-13 14:37:28'),(614,1,65.00,'Logro 2','Intercambia información con diferentes roles de trabajo, pero se le dificulta articular en sus propuestas los aportes de sus compañeros para integrar las partes individuales hasta alcanzar un prototipo funcional.','2020-10-13 14:37:28','2020-10-13 14:37:28'),(615,1,30.00,'Logro 3','No puede intercambiar información con otros roles y aceptar las propuestas o aportes de sus compañeros para alcanzar un prototipo funcional.','2020-10-13 14:37:28','2020-10-13 14:37:28'),(616,1,0.00,'Logro 4','No hay evidencia.','2020-10-13 14:37:28','2020-10-13 14:37:28'),(617,1,100.00,'Logro 1','Indaga sobre la forma de integrar el control de robots móviles en el prototipo multifuncional robótico construido y programado previamente, y logra agregar las funciones nuevas sin afectar el funcionamiento de las tareas existentes.','2020-10-13 14:37:28','2020-10-13 14:37:28'),(618,1,65.00,'Logro 2','Indaga sobre la forma de integrar el control de robots móviles en el prototipo multifuncional robótico construido y programado previamente, y logra agregar las funciones nuevas, sin embargo, afecta negativamente el funcionamiento de las tareas existentes.','2020-10-13 14:37:28','2020-10-13 14:37:28'),(619,1,30.00,'Logro 3','Indaga sobre la forma de integrar el control de robots móviles en el prototipo multifuncional robótico construido y programado previamente, sin embargo, no logra adicionar las nuevas funciones y afecta negativamente el funcionamiento de las tareas existentes.','2020-10-13 14:37:28','2020-10-13 14:37:28'),(620,1,0.00,'Logro 4','No hay evidencia de la actividad.','2020-10-13 14:37:28','2020-10-13 14:37:28'),(621,1,100.00,'Logro 1','Da retroalimentaciones objetivas y críticas sobre los prototipos de los otros equipos, y asimila adecuadamente las opiniones de sus compañeros respecto al prototipo diseñado por su grupo.','2020-10-13 14:37:28','2020-10-13 14:37:28'),(622,1,65.00,'Logro 2','Da retroalimentaciones objetivas y críticas sobre los prototipos de los otros equipos, pero le cuesta asimilar las opiniones de sus compañeros respecto al prototipo diseñado por su grupo.','2020-10-13 14:37:28','2020-10-13 14:37:28'),(623,1,30.00,'Logro 3','No entrega ningún tipo de retroalimentación sobre los prototipos de los otros equipos y no tiene en cuenta las opiniones de sus compañeros respecto al prototipo diseñado por su grupo.','2020-10-13 14:37:28','2020-10-13 14:37:28'),(624,1,0.00,'Logro 4','No hay evidencia.','2020-10-13 14:37:28','2020-10-13 14:37:28'),(625,1,100.00,'Logro 1','Prueba los prototipos realizados por otros equipos, compara su funcionamiento, los evalúa críticamente y entrega una retroalimentación justificada.','2020-10-13 14:37:28','2020-10-13 14:37:28'),(626,1,65.00,'Logro 2','Prueba los prototipos realizados por otros equipos y compara su funcionamiento, sin embargo, su evaluación de los mismos no es constructiva ni justifica su retroalimentación.','2020-10-13 14:37:28','2020-10-13 14:37:28'),(627,1,30.00,'Logro 3','No se esfuerza por probar y comparar los prototipos de otros equipos y, por lo tanto, no entrega ninguna retroalimentación.','2020-10-13 14:37:28','2020-10-13 14:37:28'),(628,1,0.00,'Logro 4','No hay evidencia.','2020-10-13 14:37:28','2020-10-13 14:37:28'),(629,1,100.00,'Logro 1','Respeta las normas establecidas para la actividad, sigue las instrucciones dadas al pie de la letra y ayuda a sus compañeros para favorecer el correcto desarrollo de la actividad.','2020-10-13 14:37:28','2020-10-13 14:37:28'),(630,1,65.00,'Logro 2','Acoge las normas establecidas para la actividad, sigue las instrucciones dadas, sin embargo, no interactúa con sus compañeros para favorecer el desarrollo de la actividad.','2020-10-13 14:37:28','2020-10-13 14:37:28'),(631,1,30.00,'Logro 3','No se acoge a las normas establecidas, sigue parcialmente las instrucciones, y no interactúa con sus compañeros llegando a afectar el desarrollo de la actividad.','2020-10-13 14:37:28','2020-10-13 14:37:28'),(632,1,0.00,'Logro 4','No hay evidencia.','2020-10-13 14:37:28','2020-10-13 14:37:28'),(633,1,100.00,'Logro 1','Expresa de forma completa, clara y concisa la lógica de programación para un seguidor de línea, mediante diagramas de flujo.','2020-10-13 14:37:28','2020-10-13 14:37:28'),(634,1,65.00,'Logro 2','Expresa de forma clara la lógica de programación para un seguidor de línea mediante diagramas de flujo, sin embargo, la información planteada está incompleta o posee errores.','2020-10-13 14:37:28','2020-10-13 14:37:28'),(635,1,30.00,'Logro 3','Falta claridad, información, y se presentan errores, al momento de describir la lógica de programación de un seguidor de línea mediante diagramas de flujo.','2020-10-13 14:37:28','2020-10-13 14:37:28'),(636,1,0.00,'Logro 4','No hay evidencia.','2020-10-13 14:37:28','2020-10-13 14:37:28'),(637,1,100.00,'Logro 1','El algoritmo permite controlar un robot móvil para el seguimiento de una línea negra, sin salirse de ella.','2020-10-13 14:37:28','2020-10-13 14:37:28'),(638,1,65.00,'Logro 2','El algoritmo permite controlar un robot móvil para el seguimiento de una línea negra, pero presenta fallas en ciertas secciones de la pista, haciendo que se salga de ella.','2020-10-13 14:37:28','2020-10-13 14:37:28'),(639,1,30.00,'Logro 3','El algoritmo no controla un robot móvil para que siga una línea negra, por lo que constantemente se sale de ella o permanece detenido.','2020-10-13 14:37:28','2020-10-13 14:37:28'),(640,1,0.00,'Logro 4','No hay evidencia.','2020-10-13 14:37:28','2020-10-13 14:37:28'),(641,1,100.00,'Logro 1','Utiliza tablas para comparar y analizar la información recopilada sobre problemáticas del entorno, las interpreta de forma crítica para seleccionar los problemas más factibles a desarrollar en el curso, y plantea posibles soluciones viables.','2020-10-13 14:37:28','2020-10-13 14:37:28'),(642,1,65.00,'Logro 2','Utiliza tablas para comparar y analizar la información recopilada sobre problemáticas del entorno y las interpreta de forma adecuada, pero formula soluciones no viables o no ajustadas a las problemáticas identificadas.','2020-10-13 14:37:28','2020-10-13 14:37:28'),(643,1,30.00,'Logro 3','Utiliza tablas para organizar la información recopilada sobre problemáticas del entorno, sin embargo, se evidencia una falta de análisis e interpretación de esta, lo que dificulta la selección de problemas a solucionar y conlleva a escoger problemáticas sin soluciones viables.','2020-10-13 14:37:28','2020-10-13 14:37:28'),(644,1,0.00,'Logro 4','No hay evidencia.','2020-10-13 14:37:28','2020-10-13 14:37:28'),(645,1,100.00,'Logro 1','Observa su entorno e identifica problemas y/o necesidades de su comunidad, recopila y organiza la información en una tabla y socializa con sus compañeros cada una de las problemáticas identificadas para realizar una preselección.','2020-10-13 14:37:28','2020-10-13 14:37:28'),(646,1,65.00,'Logro 2','Observa su entorno e identifica problemas y/o necesidades de su comunidad, pero le cuesta recopilar y organizar la información en una tabla, socializa con sus compañeros cada una de las problemáticas identificadas, pero se le dificulta realizar una preselección.','2020-10-13 14:37:28','2020-10-13 14:37:28'),(647,1,30.00,'Logro 3','Observa su entorno, pero no logra identificar problemas y/o necesidades de su comunidad, recopila poca información y le cuesta ordenarla en una tabla, socializa vagamente con sus compañeros y no aporta ideas para realizar una preselección de problemáticas.','2020-10-13 14:37:28','2020-10-13 14:37:28'),(648,1,0.00,'Logro 4','No hay evidencia.','2020-10-13 14:37:28','2020-10-13 14:37:28'),(649,1,100.00,'Logro 1','Reconoce las ventajas del trabajo en equipo, escoge el rol de trabajo que más se adecúa a sus capacidades, identifica las habilidades de sus compañeros y participa activamente en la selección del problema a desarrollar, justificando su decisión.','2020-10-13 14:37:28','2020-10-13 14:37:28'),(650,1,65.00,'Logro 2','Reconoce las ventajas del trabajo en equipo, escoge el rol de trabajo que más se adecúa a sus capacidades, pero no tiene en cuenta las habilidades de sus compañeros al momento de escoger el grupo, y ofrece algunas opiniones sobre el problema a desarrollar.','2020-10-13 14:37:28','2020-10-13 14:37:28'),(651,1,30.00,'Logro 3','Desconoce las ventajas de trabajar en equipo, se le dificulta elegir su rol, no se esfuerza en seleccionar los integrantes del grupo y participa vagamente en la selección del problema a desarrollar.','2020-10-13 14:37:28','2020-10-13 14:37:28'),(652,1,0.00,'Logro 4','No hay evidencia.','2020-10-13 14:37:28','2020-10-13 14:37:28'),(653,1,100.00,'Logro 1','Diferencia objetivos generales de objetivos específicos, y redacta adecuadamente cada uno de ellos, siguiendo los parámetros dados en plataforma.','2020-10-13 14:37:28','2020-10-13 14:37:28'),(654,1,65.00,'Logro 2','Redacta adecuadamente los objetivos, siguiendo los parámetros dados en plataforma, sin embargo, le cuesta diferenciar objetivos generales de objetivos específicos.','2020-10-13 14:37:28','2020-10-13 14:37:28'),(655,1,30.00,'Logro 3','Se evidencian dificultades para definir objetivos, tanto generales como específicos, y no sigue los parámetros dados en plataforma para su redacción.','2020-10-13 14:37:28','2020-10-13 14:37:28'),(656,1,0.00,'Logro 4','No hay evidencia.','2020-10-13 14:37:28','2020-10-13 14:37:28'),(657,1,100.00,'Logro 1','Consulta, contextualiza, comprende y organiza toda la información relacionada a la problemática en una tabla, clasifica la información más relevante para el desarrollo del prototipo y a partir de ella, plantea una lista de posibles soluciones.','2020-10-13 14:37:28','2020-10-13 14:37:28'),(658,1,65.00,'Logro 2','Consulta y organiza la información recopilada sobre el problema en una tabla, pero no la comprende completamente, lo que provoca deficiencias en la selección de la información más relevante y el planteamiento de posibles soluciones.','2020-10-13 14:37:28','2020-10-13 14:37:28'),(659,1,30.00,'Logro 3','Genera una tabla con escasa información sobre la problemática, no profundiza ni consulta fuentes externas, no logra clasificar la información según su relevancia y plantea un listado de soluciones que no cumplen los objetivos del proyecto.','2020-10-13 14:37:28','2020-10-13 14:37:28'),(660,1,0.00,'Logro 4','No hay evidencia de la actividad.','2020-10-13 14:37:28','2020-10-13 14:37:28'),(661,1,100.00,'Logro 1','Plantea soluciones creativas para una problemática del entorno, teniendo en cuenta recursos físicos, tecnológicos, de conocimiento sobre la problemática y la lógica de programación, tiempos disponibles de ejecución, y división de tareas por roles de trabajo.','2020-10-13 14:37:28','2020-10-13 14:37:28'),(662,1,65.00,'Logro 2','Plantea algunas soluciones para una problemática del entorno, teniendo en cuenta recursos físicos y tecnológicos, y tiempos disponibles de ejecución, pero no considera la división de tareas por roles de trabajo ni el conocimiento actual sobre la problemática y la lógica de programación requerida.','2020-10-13 14:37:28','2020-10-13 14:37:28'),(663,1,30.00,'Logro 3','Propone pocas soluciones para una problemática del entorno, sin tener en cuenta recursos, tiempos, ni división de tareas por roles de trabajo.','2020-10-13 14:37:28','2020-10-13 14:37:28'),(664,1,0.00,'Logro 4','No hay evidencia.','2020-10-13 14:37:28','2020-10-13 14:37:28'),(665,1,100.00,'Logro 1','Expresa claramente sus ideas asumiendo el rol que le corresponde, y fomenta y guía la socialización hacia un acuerdo sobre la función general del prototipo, la planeación de este y sus partes, teniendo en cuenta recursos y tiempos, y la mayor cantidad de detalles posible.','2020-10-13 14:37:28','2020-10-13 14:37:28'),(666,1,65.00,'Logro 2','Expresa sus ideas y socializa para llegar a un acuerdo sobre la función general del prototipo, pero lo hace sin tener en cuenta su rol ni los recursos ni tiempos disponibles.','2020-10-13 14:37:28','2020-10-13 14:37:28'),(667,1,30.00,'Logro 3','Aporta pocas ideas a la socialización y le cuesta llegar a un acuerdo sobre la función general del prototipo, la planeación de este y sus partes, y no tiene en cuenta su rol de trabajo, los recursos, el tiempo ni detalles fundamentales.','2020-10-13 14:37:28','2020-10-13 14:37:28'),(668,1,0.00,'Logro 4','No hay evidencia.','2020-10-13 14:37:28','2020-10-13 14:37:28'),(669,1,100.00,'Logro 1','Aporta asertivamente ideas sobre las acciones que debe realizar el prototipo desde el punto de vista de su rol de trabajo, socializa activamente sobre las partes que ayudarán a cumplir las funciones del prototipo definidas en grupo, y asegura que las partes funcionen en pro del objetivo general.','2020-10-13 14:37:28','2020-10-13 14:37:28'),(670,1,65.00,'Logro 2','Aporta algunas ideas sobre las acciones que debe realizar el prototipo desde el punto de vista de su rol de trabajo, participa ocasionalmente en la socialización sobre las partes que ayudarán a cumplir las funciones del prototipo definidas por sus compañeros, y presenta dificultades para definir como las partes trabajarán en pro del objetivo general.','2020-10-13 14:37:28','2020-10-13 14:37:28'),(671,1,30.00,'Logro 3','Aporta pocas ideas sobre algunas de las acciones que debe realizar el prototipo, no logra relacionar cada una de las partes del prototipo con las funciones que debe cumplir, y le cuesta comprender cómo las partes trabajan en pro del objetivo general.','2020-10-13 14:37:28','2020-10-13 14:37:28'),(672,1,0.00,'Logro 4','No hay evidencia de la actividad.','2020-10-13 14:37:28','2020-10-13 14:37:28'),(673,1,100.00,'Logro 1','Aporta activamente al grupo en el desarrollo de los diagramas de flujo, y estos describen detalladamente el funcionamiento del prototipo, y su lógica de programación.','2020-10-13 14:37:28','2020-10-13 14:37:28'),(674,1,65.00,'Logro 2','Aporta activamente al grupo en el desarrollo de los diagramas de flujo, pero estos aportes son débiles y describen superficialmente el funcionamiento del prototipo, y parte de la lógica de programación.','2020-10-13 14:37:28','2020-10-13 14:37:28'),(675,1,30.00,'Logro 3','No participa ni fomenta la socialización de los diagramas de flujo, los cuales son confusos, están incompletos y no logran describir el funcionamiento del prototipo, ni su lógica de programación.','2020-10-13 14:37:28','2020-10-13 14:37:28'),(676,1,0.00,'Logro 4','No hay evidencia.','2020-10-13 14:37:28','2020-10-13 14:37:28'),(677,1,100.00,'Logro 1','Selecciona asertivamente los dispositivos tecnológicos para el prototipo, plantea soluciones sobre cómo compartirlos con otros equipos, y establece medidas físicas aproximadas del modelo.','2020-10-13 14:37:28','2020-10-13 14:37:28'),(678,1,65.00,'Logro 2','Le cuesta seleccionar los dispositivos tecnológicos adecuados para el prototipo, propone soluciones poco eficientes para compartirlos con otros equipos, y establece medidas físicas poco aproximadas al modelo final.','2020-10-13 14:37:28','2020-10-13 14:37:28'),(679,1,30.00,'Logro 3','No selecciona los dispositivos tecnológicos más adecuados para el prototipo, le cuesta encontrar soluciones para compartirlos, y no logra dimensionar el prototipo físico.','2020-10-13 14:37:28','2020-10-13 14:37:28'),(680,1,0.00,'Logro 4','No hay evidencia.','2020-10-13 14:37:28','2020-10-13 14:37:28'),(681,1,100.00,'Logro 1','Describe detalladamente por medio de dibujos la estructura física del prototipo, expresa mediante cotas claras todas las dimensiones de cada pieza, especifica con anotaciones breves los materiales de construcción, los puntos de unión y cómo sujetar los dispositivos tecnológicos disponibles.','2020-10-13 14:37:28','2020-10-13 14:37:28'),(682,1,65.00,'Logro 2','Describe por medio de dibujos la estructura física del prototipo omitiendo algunas piezas importantes, expresa mediante cotas poco claras las dimensiones de cada pieza, especifica con anotaciones los materiales de construcción y los puntos de unión, pero le falta claridad sobre cómo sujetar los dispositivos tecnológicos disponibles.','2020-10-13 14:37:28','2020-10-13 14:37:28'),(683,1,30.00,'Logro 3','Describe por medio de dibujos poco claros la estructura física del prototipo omitiendo múltiples piezas individuales, expresa mediante cotas confusas e incompletas las dimensiones de algunas piezas, especifica con anotaciones poco claras los materiales de construcción, omitiendo información como los puntos de unión y la sujeción de los dispositivos tecnológicos disponibles.','2020-10-13 14:37:28','2020-10-13 14:37:28'),(684,1,0.00,'Logro 4','No hay evidencia.','2020-10-13 14:37:28','2020-10-13 14:37:28'),(685,1,100.00,'Logro 1','Aporta activamente ideas sobre el prototipo final, compara sus opiniones con las de sus compañeros en pro de llegar a un acuerdo sobre la estructura esperada del prototipo, y colabora constantemente en la realización del boceto general considerando recursos y tiempos.','2020-10-13 14:37:28','2020-10-13 14:37:28'),(686,1,65.00,'Logro 2','Aporta activamente ideas sobre el prototipo final, pero le cuesta llegar a un acuerdo sobre la estructura esperada del prototipo, y colabora ocasionalmente en la realización del boceto general sin considerar recursos ni tiempos.','2020-10-13 14:37:28','2020-10-13 14:37:28'),(687,1,30.00,'Logro 3','Aporta pocas ideas sobre el prototipo final, no escucha ni valora las opiniones de sus compañeros, y colabora vagamente en la realización del boceto general sin considerar recursos ni tiempos.','2020-10-13 14:37:28','2020-10-13 14:37:28'),(688,1,0.00,'Logro 4','No hay evidencia.','2020-10-13 14:37:28','2020-10-13 14:37:28'),(689,1,100.00,'Logro 1','Participa activamente en la planeación final del prototipo, evalúa objetivamente los recursos disponibles y su capacidad de adquisición, aporta ideas a la distribución adecuada de las tareas para cada uno de los roles de trabajo, y socializa con su grupo y el facilitador planes de contingencia en caso de que el tiempo disponible no sea suficiente para finalizar el prototipo.','2020-10-13 14:37:28','2020-10-13 14:37:28'),(690,1,65.00,'Logro 2','Participa en la planeación final del prototipo solo cuando le preguntan, se le dificulta seleccionar materiales asequibles y de fácil manipulación para la construcción del prototipo, le cuesta clasificar las tareas pendientes según los roles de trabajo definidos, y socializa con su grupo y el facilitador sobre el tiempo disponible para finalizar el prototipo, sin embargo, no propone planes de contingencia en caso de que el tiempo no sea suficiente.','2020-10-13 14:37:28','2020-10-13 14:37:28'),(691,1,30.00,'Logro 3','Se evidencia una falta de participación en la planeación final del prototipo, selecciona recursos sin considerar su disponibilidad ni asequibilidad, realiza las tareas que le indiquen sin considerar su rol de trabajo ni el de los demás, y no evalúa el tiempo como un factor fundamental, para asegurar la realización total del prototipo.','2020-10-13 14:37:28','2020-10-13 14:37:28'),(692,1,0.00,'Logro 4','No hay evidencia de la actividad.','2020-10-13 14:37:28','2020-10-13 14:37:28'),(693,1,100.00,'Logro 1','Identifica las potencialidades de su equipo, colabora en la distribución de tareas según roles de trabajo, y fomenta la construcción del prototipo por partes, haciendo seguimiento y corrección de posibles fallas o errores.','2020-10-13 14:37:28','2020-10-13 14:37:28'),(694,1,65.00,'Logro 2','Identifica las potencialidades de su equipo, colabora en la distribución de tareas según roles de trabajo, pero no entiende la construcción del prototipo por partes, y cuando identifica fallas o errores no demuestra claridad sobre cómo solucionarlos.','2020-10-13 14:37:28','2020-10-13 14:37:28'),(695,1,30.00,'Logro 3','Se le dificulta identificar las potencialidades de su equipo, trabaja en lo que le digan sin considerar roles de trabajo, le cuesta comprender cómo construir el prototipo por partes, y reconocer y corregir fallas o errores.','2020-10-13 14:37:28','2020-10-13 14:37:28'),(696,1,0.00,'Logro 4','No hay evidencia.','2020-10-13 14:37:28','2020-10-13 14:37:28'),(697,1,100.00,'Logro 1','Demuestra capacidades para dividir el desarrollo del prototipo en partes, construye y programa cada sección por separado respetando roles de trabajo, e identifica y corrige fallas o errores en la programación y los recursos tecnológicos.','2020-10-13 14:37:28','2020-10-13 14:37:28'),(698,1,65.00,'Logro 2','Le cuesta dividir el desarrollo del prototipo en partes, construye y programa cada sección respetando roles de trabajo, pero no logra identificar ni corregir, con facilidad, fallas o errores en la programación y los recursos tecnológicos.','2020-10-13 14:37:28','2020-10-13 14:37:28'),(699,1,30.00,'Logro 3','No logra dividir adecuadamente el desarrollo del prototipo en partes, por lo que le cuesta construir y programar secciones separadas, respetando roles de trabajo, y no logra identificar ni corregir fallas o errores en la programación ni los recursos tecnológicos.','2020-10-13 14:37:28','2020-10-13 14:37:28'),(700,1,0.00,'Logro 4','No hay evidencia.','2020-10-13 14:37:28','2020-10-13 14:37:28'),(701,1,100.00,'Logro 1','Identifica los logros alcanzados durante la sesión, define todas las tareas pendientes, tanto de construcción como de programación, asocia tiempos estimados reales de realización para cada aspecto, y propone soluciones viables para alcanzar a terminar el prototipo en el tiempo asignado.','2020-10-13 14:37:28','2020-10-13 14:37:28'),(702,1,65.00,'Logro 2','Identifica los logros alcanzados durante la sesión, define algunas tareas pendientes, tanto de construcción como de programación, le cuesta asociar tiempos estimados reales de realización para cada aspecto, y propone pocas soluciones viables para alcanzar a terminar el prototipo en el tiempo asignado.','2020-10-13 14:37:28','2020-10-13 14:37:28'),(703,1,30.00,'Logro 3','Le cuesta identificar los logros alcanzados durante la sesión al igual que las tareas pendientes, tanto de construcción como de programación, asocia tiempos estimados de realización poco reales para cada aspecto, y no logra proponer soluciones viables para alcanzar a terminar el prototipo en el tiempo asignado.','2020-10-13 14:37:28','2020-10-13 14:37:28'),(704,1,0.00,'Logro 4','No hay evidencia de la actividad.','2020-10-13 14:37:28','2020-10-13 14:37:28'),(705,1,100.00,'Logro 1','Contribuye a la integración en equipo de cada una de las partes del prototipo para lograr los fines del proyecto y hace seguimiento y corrección de fallas o errores, colaborando en la asignación de tareas por roles de trabajo.','2020-10-13 14:37:28','2020-10-13 14:37:28'),(706,1,65.00,'Logro 2','Contribuye a la integración en equipo de cada una de las partes del prototipo para lograr los fines del proyecto, pero se le dificulta   hacer seguimiento y corrección de fallas o errores, y colaborar en la asignación de tareas por roles de trabajo.','2020-10-13 14:37:28','2020-10-13 14:37:28'),(707,1,30.00,'Logro 3','Trabaja en lo que le digan sin comprender la integración de cada una de las partes del prototipo ni respetar roles de trabajo, no logra identificar ni corregir fallas o errores, y no intercambia información con sus compañeros en relación con la integración de las partes del prototipo.','2020-10-13 14:37:28','2020-10-13 14:37:28'),(708,1,0.00,'Logro 4','No hay evidencia.','2020-10-13 14:37:28','2020-10-13 14:37:28'),(709,1,100.00,'Logro 1','Evidencia capacidades para la integración gradual y ordenada de cada una de las partes del prototipo tanto en construcción física como en programación, intercambia información con los diferentes roles de trabajo, e identifica y corrige fallas o errores durante el proceso de integración.','2020-10-13 14:37:28','2020-10-13 14:37:28'),(710,1,65.00,'Logro 2','Le cuesta realizar la integración gradual y ordenada de cada una de las partes del prototipo tanto en construcción física como en programación, falta un mayor intercambio de información con los diferentes roles de trabajo, y se le dificulta identificar y corregir fallas o errores durante el proceso de integración.','2020-10-13 14:37:28','2020-10-13 14:37:28'),(711,1,30.00,'Logro 3','Realiza una integración poco gradual y ordenada de cada una de las partes del prototipo tanto en construcción física como en programación, se evidencia una deficiencia en el intercambio de información con los diferentes roles de trabajo, y no logra identificar ni corregir fallas o errores durante el proceso de integración.','2020-10-13 14:37:28','2020-10-13 14:37:28'),(712,1,0.00,'Logro 4','No hay evidencia de la actividad.','2020-10-13 14:37:28','2020-10-13 14:37:28'),(713,1,100.00,'Logro 1','Identifica, registra y mide objetivamente los logros alcanzados en el desarrollo del prototipo, justifica todos los cambios, mejoras y fallas presentadas en las tareas definidas, y plantea todas las razones por las cuales se generaron cambios en la planeación original del proyecto.','2020-10-13 14:37:28','2020-10-13 14:37:28'),(714,1,65.00,'Logro 2','Identifica y registra todos los logros alcanzados en el desarrollo del prototipo, sin embargo, hace falta una mejor medición y justificación de los cambios, mejoras y fallas presentadas en las tareas realizadas, y plantea razones de poco peso a los cambios generados en la planeación original del proyecto.','2020-10-13 14:37:28','2020-10-13 14:37:28'),(715,1,30.00,'Logro 3','Registra algunos de los logros alcanzados en el desarrollo del prototipo, no justifica los cambios, mejoras ni fallas presentadas en las tareas definidas, y tampoco justifica los cambios generados en la planeación original del proyecto.','2020-10-13 14:37:28','2020-10-13 14:37:28'),(716,1,0.00,'Logro 4','No hay evidencia de la actividad.','2020-10-13 14:37:28','2020-10-13 14:37:28'),(717,1,100.00,'Logro 1','Entrega la información más relevante de su proyecto de forma sencilla, ordenada y clara, y responde acertadamente a las preguntas planteadas por sus compañeros, adicionalmente, analiza críticamente los proyectos de otros equipos, llena con objetividad la “Rúbrica del proyecto” y les plantea posibles mejoras viables a los trabajos de sus compañeros.','2020-10-13 14:37:28','2020-10-13 14:37:28'),(718,1,65.00,'Logro 2','Entrega información de su proyecto de forma ordenada pero no lo suficientemente clara, y responde algunas de las preguntas planteadas por sus compañeros con cierta dificultad, adicionalmente, observa con poca atención los proyectos de otros equipos, llena algunos aspectos de la “Rúbrica del proyecto” y plantea pocas mejoras a los trabajos de sus compañeros.','2020-10-13 14:37:28','2020-10-13 14:37:28'),(719,1,30.00,'Logro 3','Muestra desconocimiento del proyecto, no logra presentarlo de forma clara ante sus compañeros ni responder sus preguntas, adicionalmente, no presta atención a los proyectos de otros equipos, le cuesta comprender cómo llenar la “Rúbrica del proyecto” y no plantea ningún tipo de mejora a los trabajos de sus compañeros.','2020-10-13 14:37:28','2020-10-13 14:37:28'),(720,1,0.00,'Logro 4','No hay evidencia.','2020-10-13 14:37:28','2020-10-13 14:37:28'),(721,1,100.00,'Logro 1','Recopila información sobre todas las posibles mejoras que se pueden realizar en el prototipo, las analiza y las compara con los resultados obtenidos durante las pruebas de este, y establece una serie de criterios para seleccionar las mejoras a implementar.','2020-10-13 14:37:28','2020-10-13 14:37:28'),(722,1,65.00,'Logro 2','Recopila información sobre algunas de las posibles mejoras que se pueden realizar en el proyecto con base en los resultados obtenidos, pero selecciona cualquiera de ellas sin considerar ningún tipo de criterio, como recursos o tiempo.','2020-10-13 14:37:28','2020-10-13 14:37:28'),(723,1,30.00,'Logro 3','Selecciona mejoras aleatorias, que no tienen relación con las pruebas realizadas sobre el prototipo ni sus resultados, y no están justificadas por evaluación de criterios como tiempos y recursos.','2020-10-13 14:37:28','2020-10-13 14:37:28'),(724,1,0.00,'Logro 4','No hay evidencia de la actividad.','2020-10-13 14:37:28','2020-10-13 14:37:28'),(725,1,100.00,'Logro 1','Reconoce las funciones del prototipo, las condiciones de uso, otras aplicaciones relacionadas que se pueden ejecutar con el mismo, e identifica cómo los dispositivos tecnológicos ayudaron al prototipo a alcanzar los resultados esperados.','2020-10-13 14:37:28','2020-10-13 14:37:28'),(726,1,65.00,'Logro 2','Reconoce las funciones del prototipo, las condiciones de uso, otras aplicaciones relacionadas que se pueden ejecutar con el mismo, pero no logra reconocer con facilidad la influencia de los dispositivos tecnológicos en el objetivo general del proyecto.','2020-10-13 14:37:28','2020-10-13 14:37:28'),(727,1,30.00,'Logro 3','Desconoce la función general del prototipo, sus condiciones de uso y cualquier otra aplicación que pueda realizarse con el mismo, a demás, no logra relacionar el uso de los dispositivos tecnológicos con el alcance de los resultados alcanzados en el proyecto.','2020-10-13 14:37:28','2020-10-13 14:37:28'),(728,1,0.00,'Logro 4','No hay evidencia de la actividad.','2020-10-13 14:37:28','2020-10-13 14:37:28'),(729,1,100.00,'Logro 1','Fomenta la socialización y análisis de todas las posibles variables a medir en el prototipo, analiza los aportes de sus compañeros y los enfoca hacia la selección de las variables más factibles y fundamentales para medir la calidad del proyecto.','2020-10-13 14:37:28','2020-10-13 14:37:28'),(730,1,65.00,'Logro 2','Participa en la socialización y análisis de todas las posibles variables a medir en el prototipo, escucha algunos de los aportes de sus compañeros y opina ocasionalmente sobre la selección de las variables más factibles y fundamentales para medir la calidad del proyecto.','2020-10-13 14:37:28','2020-10-13 14:37:28'),(731,1,30.00,'Logro 3','Solo da opiniones cuando se le pregunta, escucha los aportes de sus compañeros, pero no los analiza ni los valora, y deja que sus compañeros escojan las variables más factibles y fundamentales para medir la calidad del proyecto.','2020-10-13 14:37:28','2020-10-13 14:37:28'),(732,1,0.00,'Logro 4','No hay evidencia.','2020-10-13 14:37:28','2020-10-13 14:37:28'),(733,1,100.00,'Logro 1','Asegura que existan las condiciones óptimas para el adecuado uso del prototipo, revisa el funcionamiento de este antes de cada prueba, toma datos de forma objetiva y precisa, y los organiza en una tabla para su posterior análisis.','2020-10-13 14:37:28','2020-10-13 14:37:28'),(734,1,65.00,'Logro 2','Asegura que las condiciones de trabajo para el uso del prototipo sean suficientes para que funcione sin fallas, pero revisa superficialmente la programación y la estructura física del mismo antes de iniciar las pruebas, toma datos y los organiza en una tabla para su posterior análisis, pero sin asegurar una buena medición ni comprensión de estos.','2020-10-13 14:37:28','2020-10-13 14:37:28'),(735,1,30.00,'Logro 3','No verifica que las condiciones de trabajo para el prototipo sean suficientes para que funcione sin fallas, olvida revisar la programación y su estructura física antes de las pruebas, toma datos de forma desordenada o desconoce cómo tomar los datos necesarios, y se le dificulta organizarlos en una tabla para su posterior análisis.','2020-10-13 14:37:28','2020-10-13 14:37:28'),(736,1,0.00,'Logro 4','No hay evidencia de la actividad.','2020-10-13 14:37:28','2020-10-13 14:37:28'),(737,1,100.00,'Logro 1','Comprende e interpreta la información entregada por distintas variables estadísticas, sabe calcularlas para cada una de las variables medidas a partir de la tecnología incorporada al prototipo y extrae conclusiones a partir de la relación entre ellas.','2020-10-13 14:37:28','2020-10-13 14:37:28'),(738,1,65.00,'Logro 2','Sabe calcular distintas variables estadísticas, sin embargo, le cuesta comprender e interpretar la información que entregan, y las conclusiones que extrae a partir de ellas son superficiales, insuficientes o desacertadas.','2020-10-13 14:37:28','2020-10-13 14:37:28'),(739,1,30.00,'Logro 3','Le cuesta calcular, comprender e interpretar distintas variables estadísticas, y no sabe cómo relacionarlas entre sí, ni con las variables medidas, para generar conclusiones sobre el funcionamiento del prototipo.','2020-10-13 14:37:28','2020-10-13 14:37:28'),(740,1,0.00,'Logro 4','No hay evidencia de la actividad.','2020-10-13 14:37:28','2020-10-13 14:37:28'),(741,1,100.00,'Logro 1','Muestra capacidades para seleccionar el tipo de gráfico que mejor representa las variables medidas, sabe cómo organizar datos en distintos tipos de gráficas, y se le facilita extraer información relevante del prototipo a partir de los gráficos realizados.','2020-10-13 14:37:28','2020-10-13 14:37:28'),(742,1,65.00,'Logro 2','Sabe cómo elegir el tipo de gráfico que mejor representa las variables medidas, pero luego no sabe cómo organizar los datos en la gráfica.','2020-10-13 14:37:28','2020-10-13 14:37:28'),(743,1,30.00,'Logro 3','Muestra desconocimiento sobre cómo seleccionar el tipo de gráfico que mejor representa las variables medidas, no comprende cómo organizar datos en una gráfica ni cómo extraer información relevante del prototipo a partir de ellas.','2020-10-13 14:37:28','2020-10-13 14:37:28'),(744,1,0.00,'Logro 4','No hay evidencia de la actividad.','2020-10-13 14:37:28','2020-10-13 14:37:28'),(745,1,100.00,'Logro 1','Se apoya en los análisis y conclusiones extraídos de las pruebas realizadas sobre el prototipo para entregar opiniones argumentadas sobre la efectividad de este, los aspectos a tener en cuenta para su implementación en la vida real y los aprendizajes adquiridos durante su desarrollo.','2020-10-13 14:37:28','2020-10-13 14:37:28'),(746,1,65.00,'Logro 2','Se apoya en los análisis y conclusiones extraídos de las pruebas realizadas sobre el prototipo, pero sus opiniones y argumentos no se corresponden con esos análisis y conclusiones. usando argumentos débilmente fundamentados.','2020-10-13 14:37:28','2020-10-13 14:37:28'),(747,1,30.00,'Logro 3','Genera opiniones sobre la efectividad de su prototipo sin apoyarse en los análisis ni conclusiones de las pruebas. Le cuesta identificar los aspectos a tener en cuenta para su implementación en la vida real y se le dificulta reconocer los aprendizajes adquiridos durante su desarrollo.','2020-10-13 14:37:28','2020-10-13 14:37:28'),(748,1,0.00,'Logro 4','No hay evidencia.','2020-10-13 14:37:28','2020-10-13 14:37:28'),(749,1,100.00,'Logro 1','Selecciona y organiza de forma escrita la información más relevante del prototipo y realiza un primer planteamiento de cómo se ejecutará la sustentación de su proyecto en la feria Bitbot.','2020-10-13 14:37:28','2020-10-13 14:37:28'),(750,1,65.00,'Logro 2','Selecciona y organiza de forma escrita información general del prototipo, pero realiza un planteamiento poco estructurado sobre cómo se ejecutará la sustentación de su proyecto en la feria Bitbot.','2020-10-13 14:37:28','2020-10-13 14:37:28'),(751,1,30.00,'Logro 3','Escoge aleatoriamente información sobre su prototipo que no presenta sus verdaderos alcances, y le cuesta plantear una idea general sobre cómo se ejecutará la sustentación de su proyecto en la feria Bitbot.','2020-10-13 14:37:28','2020-10-13 14:37:28'),(752,1,0.00,'Logro 4','No hay evidencia.','2020-10-13 14:37:28','2020-10-13 14:37:28'),(753,1,100.00,'Logro 1','Participa activamente en la creación de la historia con la que presentarán su proyecto, colabora en su redacción, y analiza los aportes de sus compañeros para la selección de los mejores recursos gráficos para la sustentación de su prototipo.','2020-10-13 14:37:28','2020-10-13 14:37:28'),(754,1,65.00,'Logro 2','Opina ocasionalmente en la creación de la historia con la que presentarán su proyecto, participa poco en su redacción, y da algunos aportes en la selección de los recursos gráficos para la sustentación de su prototipo.','2020-10-13 14:37:28','2020-10-13 14:37:28'),(755,1,30.00,'Logro 3','Solo opina sobre la creación de la historia con la que presentarán su proyecto cuando le preguntan, no genera aportes a su redacción, ni tampoco ayuda a seleccionar los recursos gráficos para la sustentación de su prototipo.','2020-10-13 14:37:28','2020-10-13 14:37:28'),(756,1,0.00,'Logro 4','No hay evidencia.','2020-10-13 14:37:28','2020-10-13 14:37:28'),(757,1,100.00,'Logro 1','Gestiona tiempos, recursos, roles de trabajo e información del prototipo, para establecer una planeación real de la sustentación del proyecto.','2020-10-13 14:37:28','2020-10-13 14:37:28'),(758,1,65.00,'Logro 2','Establece una planeación poco real para la sustentación del proyecto, sin considerar todos los recursos, tiempos, roles de trabajo ni información disponibles.','2020-10-13 14:37:28','2020-10-13 14:37:28'),(759,1,30.00,'Logro 3','Se le dificulta realizar una planeación real para la sustentación del prototipo, teniendo en cuenta recursos, tiempos, roles de trabajo e información disponible.','2020-10-13 14:37:28','2020-10-13 14:37:28'),(760,1,0.00,'Logro 4','No hay evidencia de la actividad.','2020-10-13 14:37:28','2020-10-13 14:37:28'),(761,1,100.00,'Logro 1','Demuestra capacidades para sintetizar y exponer verbalmente el desarrollo y los resultados del proyecto, usando apoyo gráfico y terminología de programación y robótica, y tiene en cuenta el perfil del público al momento de entregar información.','2020-10-13 14:37:28','2020-10-13 14:37:28'),(762,1,65.00,'Logro 2','Logra exponer verbalmente y de forma ordenada el desarrollo y los resultados del proyecto, aunque le cuesta regular el tiempo de sustentación, se apoya poco en los gráficos, le cuesta recordar la terminología de programación y robótica, y se expresa sin tener en cuenta el perfil del público.','2020-10-13 14:37:28','2020-10-13 14:37:28'),(763,1,30.00,'Logro 3','Le cuesta explicar de forma clara, sencilla y ordenada los resultados del proyecto, no regula el tiempo de sustentación ni se apoya en los gráficos, no maneja la terminología de programación y robótica, y se expresa sin tener en cuenta el perfil del público sobre los temas relacionados con el proyecto.','2020-10-13 14:37:28','2020-10-13 14:37:28'),(764,1,0.00,'Logro 4','No hay evidencia.','2020-10-13 14:37:28','2020-10-13 14:37:28'),(765,1,100.00,'Logro 1','Actúa para afrontar dificultades o situaciones inesperadas que se presenten antes de la sustentación del proyecto, y fomenta la integración y el orden dentro del equipo, para asegurar una adecuada presentación del prototipo con base en la planeación realizada previamente.','2020-10-13 14:37:28','2020-10-13 14:37:28'),(766,1,65.00,'Logro 2','Participa ocasionalmente en buscar soluciones para afrontar dificultades o situaciones inesperadas que se presenten antes de la sustentación del proyecto, y se enfoca en sus obligaciones individuales sin considerar el orden ni la integración del equipo al momento de la presentación, ni la planeación establecida.','2020-10-13 14:37:28','2020-10-13 14:37:28'),(767,1,30.00,'Logro 3','Muestra apatía en la búsqueda de soluciones para afrontar dificultades o situaciones inesperadas que se presenten antes de la sustentación del proyecto, no ayuda en el orden del equipo, dejando de lado sus responsabilidades en la presentación y la planeación establecida, y entorpeciendo la sustentación.','2020-10-13 14:37:28','2020-10-13 14:37:28'),(768,1,0.00,'Logro 4','No hay evidencia.','2020-10-13 14:37:28','2020-10-13 14:37:28'),(769,1,100.00,'Logro 1','Evalúa las tareas asignadas para cada rol de trabajo y escoge las que mejor se acomoden a sus habilidades, apoya activamente a sus compañeros para que escojan su rol de trabajo, y aporta ideas creativas en la creación del nombre y logo del equipo.','2020-10-13 14:37:28','2020-10-13 14:37:28'),(770,1,65.00,'Logro 2','Evalúa las tareas asignadas para cada rol de trabajo y escoge las que mejor se acomoden a sus habilidades, sin embargo, no muestra interés en la selección de roles por parte de sus compañeros, y aporta pocas ideas en la creación del nombre y logo del equipo.','2020-10-13 14:37:28','2020-10-13 14:37:28'),(771,1,30.00,'Logro 3','Selecciona un rol de trabajo sin analizar sus habilidades, no apoya a sus compañeros en la selección final de roles de trabajo y participa ocasionalmente en la creación del nombre y logo del equipo.','2020-10-13 14:37:28','2020-10-13 14:37:28'),(772,1,0.00,'Logro 4','No hay evidencia.','2020-10-13 14:37:28','2020-10-13 14:37:28'),(773,3,15.00,'Centros','Número de Centros esperados.','2020-10-13 14:37:28','2020-10-13 14:37:28'),(774,3,150.00,'Instituciones','Número de Instituciones esperadas.','2020-10-13 14:37:29','2020-10-13 14:37:29'),(775,3,280.00,'Grupos','Número de Grupos esperados.','2020-10-13 14:37:29','2020-10-13 14:37:29'),(776,3,6600.00,'Aprendices','Número de Aprendices esperados.','2020-10-13 14:37:29','2020-10-13 14:37:29');
/*!40000 ALTER TABLE `goal` ENABLE KEYS */;
UNLOCK TABLES;

--
-- Table structure for table `group_activity`
--

DROP TABLE IF EXISTS `group_activity`;
/*!40101 SET @saved_cs_client     = @@character_set_client */;
/*!40101 SET character_set_client = utf8 */;
CREATE TABLE `group_activity` (
  `id` bigint(20) unsigned NOT NULL AUTO_INCREMENT,
  `activity_id` bigint(20) unsigned NOT NULL,
  `name` text COLLATE utf8mb4_unicode_ci NOT NULL,
  `created_at` timestamp NULL DEFAULT NULL,
  `updated_at` timestamp NULL DEFAULT NULL,
  PRIMARY KEY (`id`),
  KEY `group_activity_activity_id_index` (`activity_id`),
  CONSTRAINT `group_activity_activity_id_foreign` FOREIGN KEY (`activity_id`) REFERENCES `activity` (`id`)
) ENGINE=InnoDB DEFAULT CHARSET=utf8mb4 COLLATE=utf8mb4_unicode_ci;
/*!40101 SET character_set_client = @saved_cs_client */;

--
-- Dumping data for table `group_activity`
--

LOCK TABLES `group_activity` WRITE;
/*!40000 ALTER TABLE `group_activity` DISABLE KEYS */;
/*!40000 ALTER TABLE `group_activity` ENABLE KEYS */;
UNLOCK TABLES;

--
-- Table structure for table `identification_type`
--

DROP TABLE IF EXISTS `identification_type`;
/*!40101 SET @saved_cs_client     = @@character_set_client */;
/*!40101 SET character_set_client = utf8 */;
CREATE TABLE `identification_type` (
  `id` tinyint(3) unsigned NOT NULL AUTO_INCREMENT,
  `name` varchar(191) COLLATE utf8mb4_unicode_ci NOT NULL,
  `code` varchar(191) COLLATE utf8mb4_unicode_ci NOT NULL,
  `created_at` timestamp NULL DEFAULT NULL,
  `updated_at` timestamp NULL DEFAULT NULL,
  PRIMARY KEY (`id`)
) ENGINE=InnoDB AUTO_INCREMENT=12 DEFAULT CHARSET=utf8mb4 COLLATE=utf8mb4_unicode_ci;
/*!40101 SET character_set_client = @saved_cs_client */;

--
-- Dumping data for table `identification_type`
--

LOCK TABLES `identification_type` WRITE;
/*!40000 ALTER TABLE `identification_type` DISABLE KEYS */;
INSERT INTO `identification_type` VALUES (1,'Certificado de nacido vivo','CN','2020-10-13 14:37:17','2020-10-13 14:37:17'),(2,'Registro civil de nacimiento','RC','2020-10-13 14:37:17','2020-10-13 14:37:17'),(3,'Tarjeta de Identidad','TI','2020-10-13 14:37:17','2020-10-13 14:37:17'),(4,'Cédula de Ciudadanía','CC','2020-10-13 14:37:17','2020-10-13 14:37:17'),(5,'Cédula de Extranjería','CE','2020-10-13 14:37:17','2020-10-13 14:37:17'),(6,'Salvoconducto de permanencia','SC','2020-10-13 14:37:17','2020-10-13 14:37:17'),(7,'Pasaporte','PA','2020-10-13 14:37:17','2020-10-13 14:37:17'),(8,'Carné diplomático','CD','2020-10-13 14:37:18','2020-10-13 14:37:18'),(9,'Número de identificación tributario','NI','2020-10-13 14:37:18','2020-10-13 14:37:18'),(10,'Menor sin documento de identificación','MS','2020-10-13 14:37:18','2020-10-13 14:37:18'),(11,'Adulto sin documento de identificación','AS','2020-10-13 14:37:18','2020-10-13 14:37:18');
/*!40000 ALTER TABLE `identification_type` ENABLE KEYS */;
UNLOCK TABLES;

--
-- Table structure for table `institution_mac`
--

DROP TABLE IF EXISTS `institution_mac`;
/*!40101 SET @saved_cs_client     = @@character_set_client */;
/*!40101 SET character_set_client = utf8 */;
CREATE TABLE `institution_mac` (
  `id` int(10) unsigned NOT NULL AUTO_INCREMENT,
  `educational_institution_id` int(10) unsigned NOT NULL,
  `mac` varchar(191) COLLATE utf8mb4_unicode_ci NOT NULL,
  `created_at` timestamp NULL DEFAULT NULL,
  `updated_at` timestamp NULL DEFAULT NULL,
  PRIMARY KEY (`id`),
  KEY `institution_mac_educational_institution_id_index` (`educational_institution_id`),
  CONSTRAINT `institution_mac_educational_institution_id_foreign` FOREIGN KEY (`educational_institution_id`) REFERENCES `educational_institution` (`id`)
) ENGINE=InnoDB AUTO_INCREMENT=5 DEFAULT CHARSET=utf8mb4 COLLATE=utf8mb4_unicode_ci;
/*!40101 SET character_set_client = @saved_cs_client */;

--
-- Dumping data for table `institution_mac`
--

LOCK TABLES `institution_mac` WRITE;
/*!40000 ALTER TABLE `institution_mac` DISABLE KEYS */;
INSERT INTO `institution_mac` VALUES (1,1,'00:00:00:00:00:00','2020-10-13 14:37:34','2020-10-13 14:37:34'),(2,1,'00:00:00:00:00:01','2020-10-13 14:37:34','2020-10-13 14:37:34'),(3,2,'00:00:00:00:00:02','2020-10-13 14:37:34','2020-10-13 14:37:34'),(4,3,'00:00:00:00:00:03','2020-10-13 14:37:34','2020-10-13 14:37:34');
/*!40000 ALTER TABLE `institution_mac` ENABLE KEYS */;
UNLOCK TABLES;

--
-- Table structure for table `item`
--

DROP TABLE IF EXISTS `item`;
/*!40101 SET @saved_cs_client     = @@character_set_client */;
/*!40101 SET character_set_client = utf8 */;
CREATE TABLE `item` (
  `id` int(10) unsigned NOT NULL AUTO_INCREMENT,
  `item_parent_id` int(10) unsigned DEFAULT NULL,
  `name` varchar(100) COLLATE utf8mb4_unicode_ci NOT NULL,
  `route` text COLLATE utf8mb4_unicode_ci DEFAULT NULL,
  `icon` varchar(100) COLLATE utf8mb4_unicode_ci DEFAULT NULL,
  `created_at` timestamp NULL DEFAULT NULL,
  `updated_at` timestamp NULL DEFAULT NULL,
  PRIMARY KEY (`id`),
  KEY `item_item_parent_id_index` (`item_parent_id`),
  CONSTRAINT `item_item_parent_id_foreign` FOREIGN KEY (`item_parent_id`) REFERENCES `item` (`id`)
) ENGINE=InnoDB AUTO_INCREMENT=22 DEFAULT CHARSET=utf8mb4 COLLATE=utf8mb4_unicode_ci;
/*!40101 SET character_set_client = @saved_cs_client */;

--
-- Dumping data for table `item`
--

LOCK TABLES `item` WRITE;
/*!40000 ALTER TABLE `item` DISABLE KEYS */;
INSERT INTO `item` VALUES (1,NULL,'Dashboard','/pages/dashboard','home-outline','2020-10-13 14:37:29','2020-10-13 14:37:29'),(2,NULL,'Categorías','/pages/category/categories','folder-outline','2020-10-13 14:37:29','2020-10-13 14:37:29'),(3,NULL,'Estudiantes','/pages/student/students','people-outline','2020-10-13 14:37:29','2020-10-13 14:37:29'),(4,NULL,'Profesores','/pages/teacher/teachers','person-done-outline','2020-10-13 14:37:29','2020-10-13 14:37:29'),(5,NULL,'Instituciones Educativas','/pages/educational-institution/list','map-outline','2020-10-13 14:37:29','2020-10-13 14:37:29'),(6,NULL,'Reportes',NULL,'bar-chart-outline','2020-10-13 14:37:29','2020-10-13 14:37:29'),(7,6,'Generales','/pages/report/general','bar-chart-outline','2020-10-13 14:37:29','2020-10-13 14:37:29'),(8,6,'Competencias','/pages/report/competition','award-outline','2020-10-13 14:37:29','2020-10-13 14:37:29'),(9,6,'Calificaciones','/pages/report/score','book-outline','2020-10-13 14:37:29','2020-10-13 14:37:29'),(10,6,'Entregas','/pages/report/delivery','checkmark-square-outline','2020-10-13 14:37:29','2020-10-13 14:37:29'),(11,NULL,'Configuración',NULL,'settings-2-outline','2020-10-13 14:37:29','2020-10-13 14:37:29'),(12,11,'Usuarios','/pages/setting/users','person-outline','2020-10-13 14:37:29','2020-10-13 14:37:29'),(13,11,'Categorías','/pages/setting/categories','folder-outline','2020-10-13 14:37:29','2020-10-13 14:37:29'),(14,11,'Cursos',NULL,'folder-add-outline','2020-10-13 14:37:29','2020-10-13 14:37:29'),(15,11,'Profesores',NULL,'person-done-outline','2020-10-13 14:37:29','2020-10-13 14:37:29'),(16,11,'Estudiantes',NULL,'people-outline','2020-10-13 14:37:29','2020-10-13 14:37:29'),(17,11,'Roles','/pages/setting/roles','layers-outline','2020-10-13 14:37:29','2020-10-13 14:37:29'),(18,11,'Permisos','/pages/setting/permissions','person-done-outline','2020-10-13 14:37:29','2020-10-13 14:37:29'),(19,11,'Items','/pages/setting/items','layers-outline','2020-10-13 14:37:29','2020-10-13 14:37:29'),(20,11,'Instituciones Educativas','/pages/setting/institutions','map-outline','2020-10-13 14:37:29','2020-10-13 14:37:29'),(21,NULL,'Repositorio de Archivos','/pages/file-explorer/file-explorer-int','folder-add-outline','2020-10-13 14:37:29','2020-10-13 14:37:29');
/*!40000 ALTER TABLE `item` ENABLE KEYS */;
UNLOCK TABLES;

--
-- Table structure for table `item_role_permission`
--

DROP TABLE IF EXISTS `item_role_permission`;
/*!40101 SET @saved_cs_client     = @@character_set_client */;
/*!40101 SET character_set_client = utf8 */;
CREATE TABLE `item_role_permission` (
  `id` bigint(20) unsigned NOT NULL AUTO_INCREMENT,
  `item_id` int(10) unsigned NOT NULL,
  `role_id` smallint(5) unsigned NOT NULL,
  `permission_id` smallint(5) unsigned NOT NULL,
  `created_at` timestamp NULL DEFAULT NULL,
  `updated_at` timestamp NULL DEFAULT NULL,
  PRIMARY KEY (`id`),
  KEY `item_role_permission_item_id_index` (`item_id`),
  KEY `item_role_permission_role_id_index` (`role_id`),
  KEY `item_role_permission_permission_id_index` (`permission_id`),
  CONSTRAINT `item_role_permission_item_id_foreign` FOREIGN KEY (`item_id`) REFERENCES `item` (`id`),
  CONSTRAINT `item_role_permission_permission_id_foreign` FOREIGN KEY (`permission_id`) REFERENCES `permission` (`id`),
  CONSTRAINT `item_role_permission_role_id_foreign` FOREIGN KEY (`role_id`) REFERENCES `role` (`id`)
) ENGINE=InnoDB AUTO_INCREMENT=55 DEFAULT CHARSET=utf8mb4 COLLATE=utf8mb4_unicode_ci;
/*!40101 SET character_set_client = @saved_cs_client */;

--
-- Dumping data for table `item_role_permission`
--

LOCK TABLES `item_role_permission` WRITE;
/*!40000 ALTER TABLE `item_role_permission` DISABLE KEYS */;
INSERT INTO `item_role_permission` VALUES (1,1,1,1,'2020-10-13 14:37:29','2020-10-13 14:37:29'),(2,2,1,1,'2020-10-13 14:37:29','2020-10-13 14:37:29'),(3,3,1,1,'2020-10-13 14:37:29','2020-10-13 14:37:29'),(4,4,1,1,'2020-10-13 14:37:29','2020-10-13 14:37:29'),(5,5,1,1,'2020-10-13 14:37:29','2020-10-13 14:37:29'),(6,6,1,1,'2020-10-13 14:37:29','2020-10-13 14:37:29'),(7,7,1,1,'2020-10-13 14:37:29','2020-10-13 14:37:29'),(8,8,1,1,'2020-10-13 14:37:29','2020-10-13 14:37:29'),(9,9,1,1,'2020-10-13 14:37:29','2020-10-13 14:37:29'),(10,10,1,1,'2020-10-13 14:37:29','2020-10-13 14:37:29'),(11,11,1,1,'2020-10-13 14:37:29','2020-10-13 14:37:29'),(12,11,1,2,'2020-10-13 14:37:29','2020-10-13 14:37:29'),(13,11,1,3,'2020-10-13 14:37:29','2020-10-13 14:37:29'),(14,11,1,4,'2020-10-13 14:37:29','2020-10-13 14:37:29'),(15,12,1,1,'2020-10-13 14:37:29','2020-10-13 14:37:29'),(16,12,1,2,'2020-10-13 14:37:29','2020-10-13 14:37:29'),(17,12,1,3,'2020-10-13 14:37:29','2020-10-13 14:37:29'),(18,12,1,4,'2020-10-13 14:37:29','2020-10-13 14:37:29'),(19,13,1,1,'2020-10-13 14:37:29','2020-10-13 14:37:29'),(20,13,1,2,'2020-10-13 14:37:29','2020-10-13 14:37:29'),(21,13,1,3,'2020-10-13 14:37:29','2020-10-13 14:37:29'),(22,13,1,4,'2020-10-13 14:37:29','2020-10-13 14:37:29'),(23,14,1,1,'2020-10-13 14:37:29','2020-10-13 14:37:29'),(24,14,1,3,'2020-10-13 14:37:29','2020-10-13 14:37:29'),(25,14,1,4,'2020-10-13 14:37:29','2020-10-13 14:37:29'),(26,14,1,2,'2020-10-13 14:37:29','2020-10-13 14:37:29'),(27,15,1,1,'2020-10-13 14:37:29','2020-10-13 14:37:29'),(28,15,1,2,'2020-10-13 14:37:29','2020-10-13 14:37:29'),(29,15,1,3,'2020-10-13 14:37:29','2020-10-13 14:37:29'),(30,15,1,4,'2020-10-13 14:37:29','2020-10-13 14:37:29'),(31,16,1,1,'2020-10-13 14:37:29','2020-10-13 14:37:29'),(32,16,1,2,'2020-10-13 14:37:29','2020-10-13 14:37:29'),(33,16,1,3,'2020-10-13 14:37:29','2020-10-13 14:37:29'),(34,16,1,4,'2020-10-13 14:37:29','2020-10-13 14:37:29'),(35,17,1,1,'2020-10-13 14:37:29','2020-10-13 14:37:29'),(36,17,1,2,'2020-10-13 14:37:29','2020-10-13 14:37:29'),(37,17,1,3,'2020-10-13 14:37:29','2020-10-13 14:37:29'),(38,17,1,4,'2020-10-13 14:37:29','2020-10-13 14:37:29'),(39,18,1,1,'2020-10-13 14:37:29','2020-10-13 14:37:29'),(40,18,1,2,'2020-10-13 14:37:29','2020-10-13 14:37:29'),(41,18,1,3,'2020-10-13 14:37:29','2020-10-13 14:37:29'),(42,18,1,4,'2020-10-13 14:37:29','2020-10-13 14:37:29'),(43,19,1,1,'2020-10-13 14:37:29','2020-10-13 14:37:29'),(44,19,1,2,'2020-10-13 14:37:29','2020-10-13 14:37:29'),(45,19,1,3,'2020-10-13 14:37:29','2020-10-13 14:37:29'),(46,19,1,4,'2020-10-13 14:37:29','2020-10-13 14:37:29'),(47,20,1,1,'2020-10-13 14:37:29','2020-10-13 14:37:29'),(48,20,1,2,'2020-10-13 14:37:29','2020-10-13 14:37:29'),(49,20,1,3,'2020-10-13 14:37:29','2020-10-13 14:37:29'),(50,20,1,4,'2020-10-13 14:37:29','2020-10-13 14:37:29'),(51,21,1,1,'2020-10-13 14:37:29','2020-10-13 14:37:29'),(52,21,1,2,'2020-10-13 14:37:29','2020-10-13 14:37:29'),(53,21,1,3,'2020-10-13 14:37:29','2020-10-13 14:37:29'),(54,21,1,4,'2020-10-13 14:37:29','2020-10-13 14:37:29');
/*!40000 ALTER TABLE `item_role_permission` ENABLE KEYS */;
UNLOCK TABLES;

--
-- Table structure for table `log_login`
--

DROP TABLE IF EXISTS `log_login`;
/*!40101 SET @saved_cs_client     = @@character_set_client */;
/*!40101 SET character_set_client = utf8 */;
CREATE TABLE `log_login` (
  `id` bigint(20) unsigned NOT NULL AUTO_INCREMENT,
  `user_id` bigint(20) unsigned NOT NULL,
  `role_id` smallint(5) unsigned NOT NULL,
  `created_at` timestamp NULL DEFAULT NULL,
  `updated_at` timestamp NULL DEFAULT NULL,
  PRIMARY KEY (`id`),
  KEY `log_login_user_id_index` (`user_id`),
  KEY `log_login_role_id_index` (`role_id`),
  CONSTRAINT `log_login_role_id_foreign` FOREIGN KEY (`role_id`) REFERENCES `role` (`id`),
  CONSTRAINT `log_login_user_id_foreign` FOREIGN KEY (`user_id`) REFERENCES `users` (`id`)
) ENGINE=InnoDB AUTO_INCREMENT=19 DEFAULT CHARSET=utf8mb4 COLLATE=utf8mb4_unicode_ci;
/*!40101 SET character_set_client = @saved_cs_client */;

--
-- Dumping data for table `log_login`
--

LOCK TABLES `log_login` WRITE;
/*!40000 ALTER TABLE `log_login` DISABLE KEYS */;
INSERT INTO `log_login` VALUES (1,3,1,'2020-10-13 14:39:09','2020-10-13 14:39:09'),(2,3,1,'2020-10-13 14:39:09','2020-10-13 14:39:09'),(3,3,1,'2020-10-13 14:39:09','2020-10-13 14:39:09'),(4,3,1,'2020-10-13 14:39:10','2020-10-13 14:39:10'),(5,3,1,'2020-10-13 14:39:10','2020-10-13 14:39:10'),(6,3,1,'2020-10-13 14:39:10','2020-10-13 14:39:10'),(7,3,1,'2020-10-13 14:39:10','2020-10-13 14:39:10'),(8,3,1,'2020-10-13 14:39:10','2020-10-13 14:39:10'),(9,3,1,'2020-10-13 14:39:10','2020-10-13 14:39:10'),(10,3,1,'2020-10-13 14:39:10','2020-10-13 14:39:10'),(11,3,1,'2020-10-13 14:39:10','2020-10-13 14:39:10'),(12,3,1,'2020-10-13 14:39:10','2020-10-13 14:39:10'),(13,3,1,'2020-10-13 14:39:10','2020-10-13 14:39:10'),(14,3,1,'2020-10-13 14:39:10','2020-10-13 14:39:10'),(15,3,1,'2020-10-13 14:39:10','2020-10-13 14:39:10'),(16,3,1,'2020-10-13 14:39:10','2020-10-13 14:39:10'),(17,2,1,'2020-10-16 17:49:13','2020-10-16 17:49:13'),(18,2,1,'2020-10-23 19:33:25','2020-10-23 19:33:25');
/*!40000 ALTER TABLE `log_login` ENABLE KEYS */;
UNLOCK TABLES;

--
-- Table structure for table `logs`
--

DROP TABLE IF EXISTS `logs`;
/*!40101 SET @saved_cs_client     = @@character_set_client */;
/*!40101 SET character_set_client = utf8 */;
CREATE TABLE `logs` (
  `id` bigint(20) unsigned NOT NULL AUTO_INCREMENT,
  `user_id` bigint(20) unsigned NOT NULL,
  `role_id` smallint(5) unsigned NOT NULL,
  `date` datetime NOT NULL,
  `query` text COLLATE utf8mb4_unicode_ci NOT NULL,
  `time` decimal(8,2) NOT NULL,
  `created_at` timestamp NULL DEFAULT NULL,
  `updated_at` timestamp NULL DEFAULT NULL,
  PRIMARY KEY (`id`),
  KEY `logs_user_id_index` (`user_id`),
  KEY `logs_role_id_index` (`role_id`),
  CONSTRAINT `logs_role_id_foreign` FOREIGN KEY (`role_id`) REFERENCES `role` (`id`),
  CONSTRAINT `logs_user_id_foreign` FOREIGN KEY (`user_id`) REFERENCES `users` (`id`)
) ENGINE=InnoDB DEFAULT CHARSET=utf8mb4 COLLATE=utf8mb4_unicode_ci;
/*!40101 SET character_set_client = @saved_cs_client */;

--
-- Dumping data for table `logs`
--

LOCK TABLES `logs` WRITE;
/*!40000 ALTER TABLE `logs` DISABLE KEYS */;
/*!40000 ALTER TABLE `logs` ENABLE KEYS */;
UNLOCK TABLES;

--
-- Table structure for table `logs_sync`
--

DROP TABLE IF EXISTS `logs_sync`;
/*!40101 SET @saved_cs_client     = @@character_set_client */;
/*!40101 SET character_set_client = utf8 */;
CREATE TABLE `logs_sync` (
  `id` bigint(20) unsigned NOT NULL AUTO_INCREMENT,
  `educational_institution_id` int(10) unsigned NOT NULL,
  `service` varchar(191) COLLATE utf8mb4_unicode_ci NOT NULL,
  `created_at` timestamp NULL DEFAULT NULL,
  `updated_at` timestamp NULL DEFAULT NULL,
  PRIMARY KEY (`id`),
  KEY `logs_sync_educational_institution_id_index` (`educational_institution_id`),
  CONSTRAINT `logs_sync_educational_institution_id_foreign` FOREIGN KEY (`educational_institution_id`) REFERENCES `educational_institution` (`id`)
) ENGINE=InnoDB AUTO_INCREMENT=770 DEFAULT CHARSET=utf8mb4 COLLATE=utf8mb4_unicode_ci;
/*!40101 SET character_set_client = @saved_cs_client */;

--
-- Dumping data for table `logs_sync`
--

LOCK TABLES `logs_sync` WRITE;
/*!40000 ALTER TABLE `logs_sync` DISABLE KEYS */;
INSERT INTO `logs_sync` VALUES (1,1,'student','2020-10-13 14:39:10','2020-10-13 14:39:10'),(2,1,'student','2020-10-13 14:39:11','2020-10-13 14:39:11'),(3,1,'student','2020-10-13 14:39:11','2020-10-13 14:39:11'),(4,1,'student','2020-10-13 14:39:11','2020-10-13 14:39:11'),(5,1,'student','2020-10-13 14:39:11','2020-10-13 14:39:11'),(6,1,'student','2020-10-13 14:39:11','2020-10-13 14:39:11'),(7,1,'student','2020-10-13 14:39:11','2020-10-13 14:39:11'),(8,1,'student','2020-10-13 14:39:11','2020-10-13 14:39:11'),(9,1,'student','2020-10-13 14:39:12','2020-10-13 14:39:12'),(10,1,'student','2020-10-13 14:39:12','2020-10-13 14:39:12'),(11,1,'student','2020-10-13 14:39:12','2020-10-13 14:39:12'),(12,1,'student','2020-10-13 14:39:12','2020-10-13 14:39:12'),(13,1,'student','2020-10-13 14:39:12','2020-10-13 14:39:12'),(14,1,'student','2020-10-13 14:39:12','2020-10-13 14:39:12'),(15,1,'student','2020-10-13 14:39:12','2020-10-13 14:39:12'),(16,1,'student','2020-10-13 14:39:12','2020-10-13 14:39:12'),(17,1,'student','2020-10-13 14:39:12','2020-10-13 14:39:12'),(18,1,'student','2020-10-13 14:39:12','2020-10-13 14:39:12'),(19,1,'student','2020-10-13 14:39:12','2020-10-13 14:39:12'),(20,1,'student','2020-10-13 14:39:12','2020-10-13 14:39:12'),(21,1,'student','2020-10-13 14:39:12','2020-10-13 14:39:12'),(22,1,'student','2020-10-13 14:39:13','2020-10-13 14:39:13'),(23,1,'student','2020-10-13 14:39:13','2020-10-13 14:39:13'),(24,1,'student','2020-10-13 14:39:13','2020-10-13 14:39:13'),(25,1,'student','2020-10-13 14:39:13','2020-10-13 14:39:13'),(26,1,'student','2020-10-13 14:39:13','2020-10-13 14:39:13'),(27,1,'student','2020-10-13 14:39:13','2020-10-13 14:39:13'),(28,1,'student','2020-10-13 14:39:13','2020-10-13 14:39:13'),(29,1,'student','2020-10-13 14:39:13','2020-10-13 14:39:13'),(30,1,'student','2020-10-13 14:39:13','2020-10-13 14:39:13'),(31,1,'student','2020-10-13 14:39:13','2020-10-13 14:39:13'),(32,1,'student','2020-10-13 14:39:13','2020-10-13 14:39:13'),(33,1,'student','2020-10-13 14:39:13','2020-10-13 14:39:13'),(34,1,'student','2020-10-13 14:39:13','2020-10-13 14:39:13'),(35,1,'student','2020-10-13 14:39:13','2020-10-13 14:39:13'),(36,1,'student','2020-10-13 14:39:13','2020-10-13 14:39:13'),(37,1,'student','2020-10-13 14:39:13','2020-10-13 14:39:13'),(38,1,'student','2020-10-13 14:39:14','2020-10-13 14:39:14'),(39,1,'student','2020-10-13 14:39:14','2020-10-13 14:39:14'),(40,1,'student','2020-10-13 14:39:14','2020-10-13 14:39:14'),(41,1,'student','2020-10-13 14:39:14','2020-10-13 14:39:14'),(42,1,'student','2020-10-13 14:39:14','2020-10-13 14:39:14'),(43,1,'student','2020-10-13 14:39:14','2020-10-13 14:39:14'),(44,1,'student','2020-10-13 14:39:14','2020-10-13 14:39:14'),(45,1,'student','2020-10-13 14:39:14','2020-10-13 14:39:14'),(46,1,'student','2020-10-13 14:39:14','2020-10-13 14:39:14'),(47,1,'delivery','2020-10-13 14:39:31','2020-10-13 14:39:31'),(48,1,'delivery','2020-10-13 14:39:31','2020-10-13 14:39:31'),(49,1,'delivery','2020-10-13 14:39:31','2020-10-13 14:39:31'),(50,1,'delivery','2020-10-13 14:39:31','2020-10-13 14:39:31'),(51,1,'delivery','2020-10-13 14:39:32','2020-10-13 14:39:32'),(52,1,'delivery','2020-10-13 14:39:32','2020-10-13 14:39:32'),(53,1,'delivery','2020-10-13 14:39:32','2020-10-13 14:39:32'),(54,1,'delivery','2020-10-13 14:39:32','2020-10-13 14:39:32'),(55,1,'delivery','2020-10-13 14:39:32','2020-10-13 14:39:32'),(56,1,'delivery','2020-10-13 14:39:32','2020-10-13 14:39:32'),(57,1,'delivery','2020-10-13 14:39:35','2020-10-13 14:39:35'),(58,1,'delivery','2020-10-13 14:39:35','2020-10-13 14:39:35'),(59,1,'delivery','2020-10-13 14:39:35','2020-10-13 14:39:35'),(60,1,'delivery','2020-10-13 14:39:35','2020-10-13 14:39:35'),(61,1,'delivery','2020-10-13 14:39:35','2020-10-13 14:39:35'),(62,1,'delivery','2020-10-13 14:39:35','2020-10-13 14:39:35'),(63,1,'delivery','2020-10-13 14:39:35','2020-10-13 14:39:35'),(64,1,'delivery','2020-10-13 14:39:35','2020-10-13 14:39:35'),(65,1,'delivery','2020-10-13 14:39:35','2020-10-13 14:39:35'),(66,1,'delivery','2020-10-13 14:39:35','2020-10-13 14:39:35'),(67,1,'delivery','2020-10-13 14:39:35','2020-10-13 14:39:35'),(68,1,'delivery','2020-10-13 14:39:35','2020-10-13 14:39:35'),(69,1,'delivery','2020-10-13 14:39:35','2020-10-13 14:39:35'),(70,1,'delivery','2020-10-13 14:39:35','2020-10-13 14:39:35'),(71,1,'delivery','2020-10-13 14:39:35','2020-10-13 14:39:35'),(72,1,'delivery','2020-10-13 14:39:35','2020-10-13 14:39:35'),(73,1,'delivery','2020-10-13 14:39:35','2020-10-13 14:39:35'),(74,1,'delivery','2020-10-13 14:39:35','2020-10-13 14:39:35'),(75,1,'delivery','2020-10-13 14:39:35','2020-10-13 14:39:35'),(76,1,'delivery','2020-10-13 14:39:35','2020-10-13 14:39:35'),(77,1,'delivery','2020-10-13 14:39:38','2020-10-13 14:39:38'),(78,1,'delivery','2020-10-13 14:39:38','2020-10-13 14:39:38'),(79,1,'delivery','2020-10-13 14:39:38','2020-10-13 14:39:38'),(80,1,'delivery','2020-10-13 14:39:38','2020-10-13 14:39:38'),(81,1,'delivery','2020-10-13 14:39:38','2020-10-13 14:39:38'),(82,1,'delivery','2020-10-13 14:39:38','2020-10-13 14:39:38'),(83,1,'delivery','2020-10-13 14:39:38','2020-10-13 14:39:38'),(84,1,'delivery','2020-10-13 14:39:38','2020-10-13 14:39:38'),(85,1,'delivery','2020-10-13 14:39:38','2020-10-13 14:39:38'),(86,1,'delivery','2020-10-13 14:39:38','2020-10-13 14:39:38'),(87,1,'delivery','2020-10-13 14:39:38','2020-10-13 14:39:38'),(88,1,'delivery','2020-10-13 14:39:38','2020-10-13 14:39:38'),(89,1,'delivery','2020-10-13 14:39:38','2020-10-13 14:39:38'),(90,1,'delivery','2020-10-13 14:39:38','2020-10-13 14:39:38'),(91,1,'delivery','2020-10-13 14:39:38','2020-10-13 14:39:38'),(92,1,'delivery','2020-10-13 14:39:38','2020-10-13 14:39:38'),(93,1,'delivery','2020-10-13 14:39:38','2020-10-13 14:39:38'),(94,1,'delivery','2020-10-13 14:39:38','2020-10-13 14:39:38'),(95,1,'delivery','2020-10-13 14:39:38','2020-10-13 14:39:38'),(96,1,'delivery','2020-10-13 14:39:38','2020-10-13 14:39:38'),(97,1,'delivery','2020-10-13 14:39:41','2020-10-13 14:39:41'),(98,1,'delivery','2020-10-13 14:39:41','2020-10-13 14:39:41'),(99,1,'delivery','2020-10-13 14:39:41','2020-10-13 14:39:41'),(100,1,'delivery','2020-10-13 14:39:41','2020-10-13 14:39:41'),(101,1,'delivery','2020-10-13 14:39:41','2020-10-13 14:39:41'),(102,1,'delivery','2020-10-13 14:39:41','2020-10-13 14:39:41'),(103,1,'delivery','2020-10-13 14:39:41','2020-10-13 14:39:41'),(104,1,'delivery','2020-10-13 14:39:41','2020-10-13 14:39:41'),(105,1,'delivery','2020-10-13 14:39:41','2020-10-13 14:39:41'),(106,1,'delivery','2020-10-13 14:39:41','2020-10-13 14:39:41'),(107,1,'delivery','2020-10-13 14:39:43','2020-10-13 14:39:43'),(108,1,'delivery','2020-10-13 14:39:43','2020-10-13 14:39:43'),(109,1,'delivery','2020-10-13 14:39:43','2020-10-13 14:39:43'),(110,1,'delivery','2020-10-13 14:39:43','2020-10-13 14:39:43'),(111,1,'delivery','2020-10-13 14:39:43','2020-10-13 14:39:43'),(112,1,'delivery','2020-10-13 14:39:43','2020-10-13 14:39:43'),(113,1,'delivery','2020-10-13 14:39:44','2020-10-13 14:39:44'),(114,1,'delivery','2020-10-13 14:39:44','2020-10-13 14:39:44'),(115,1,'delivery','2020-10-13 14:39:44','2020-10-13 14:39:44'),(116,1,'delivery','2020-10-13 14:39:44','2020-10-13 14:39:44'),(117,1,'delivery','2020-10-13 14:39:47','2020-10-13 14:39:47'),(118,1,'delivery','2020-10-13 14:39:47','2020-10-13 14:39:47'),(119,1,'delivery','2020-10-13 14:39:47','2020-10-13 14:39:47'),(120,1,'delivery','2020-10-13 14:39:47','2020-10-13 14:39:47'),(121,1,'delivery','2020-10-13 14:39:47','2020-10-13 14:39:47'),(122,1,'delivery','2020-10-13 14:39:47','2020-10-13 14:39:47'),(123,1,'delivery','2020-10-13 14:39:48','2020-10-13 14:39:48'),(124,1,'delivery','2020-10-13 14:39:48','2020-10-13 14:39:48'),(125,1,'delivery','2020-10-13 14:39:48','2020-10-13 14:39:48'),(126,1,'delivery','2020-10-13 14:39:48','2020-10-13 14:39:48'),(127,1,'delivery','2020-10-13 14:39:48','2020-10-13 14:39:48'),(128,1,'delivery','2020-10-13 14:39:48','2020-10-13 14:39:48'),(129,1,'delivery','2020-10-13 14:39:48','2020-10-13 14:39:48'),(130,1,'delivery','2020-10-13 14:39:48','2020-10-13 14:39:48'),(131,1,'delivery','2020-10-13 14:39:48','2020-10-13 14:39:48'),(132,1,'delivery','2020-10-13 14:39:48','2020-10-13 14:39:48'),(133,1,'delivery','2020-10-13 14:39:48','2020-10-13 14:39:48'),(134,1,'delivery','2020-10-13 14:39:48','2020-10-13 14:39:48'),(135,1,'delivery','2020-10-13 14:39:48','2020-10-13 14:39:48'),(136,1,'delivery','2020-10-13 14:39:48','2020-10-13 14:39:48'),(137,1,'delivery','2020-10-13 14:39:51','2020-10-13 14:39:51'),(138,1,'delivery','2020-10-13 14:39:51','2020-10-13 14:39:51'),(139,1,'delivery','2020-10-13 14:39:51','2020-10-13 14:39:51'),(140,1,'delivery','2020-10-13 14:39:51','2020-10-13 14:39:51'),(141,1,'delivery','2020-10-13 14:39:51','2020-10-13 14:39:51'),(142,1,'delivery','2020-10-13 14:39:51','2020-10-13 14:39:51'),(143,1,'delivery','2020-10-13 14:39:51','2020-10-13 14:39:51'),(144,1,'delivery','2020-10-13 14:39:51','2020-10-13 14:39:51'),(145,1,'delivery','2020-10-13 14:39:51','2020-10-13 14:39:51'),(146,1,'delivery','2020-10-13 14:39:51','2020-10-13 14:39:51'),(147,1,'delivery','2020-10-13 14:39:51','2020-10-13 14:39:51'),(148,1,'delivery','2020-10-13 14:39:51','2020-10-13 14:39:51'),(149,1,'delivery','2020-10-13 14:39:51','2020-10-13 14:39:51'),(150,1,'delivery','2020-10-13 14:39:51','2020-10-13 14:39:51'),(151,1,'delivery','2020-10-13 14:39:51','2020-10-13 14:39:51'),(152,1,'delivery','2020-10-13 14:39:51','2020-10-13 14:39:51'),(153,1,'delivery','2020-10-13 14:39:51','2020-10-13 14:39:51'),(154,1,'delivery','2020-10-13 14:39:51','2020-10-13 14:39:51'),(155,1,'delivery','2020-10-13 14:39:51','2020-10-13 14:39:51'),(156,1,'delivery','2020-10-13 14:39:51','2020-10-13 14:39:51'),(157,1,'delivery','2020-10-13 14:39:51','2020-10-13 14:39:51'),(158,1,'delivery','2020-10-13 14:39:51','2020-10-13 14:39:51'),(159,1,'delivery','2020-10-13 14:39:51','2020-10-13 14:39:51'),(160,1,'delivery','2020-10-13 14:39:51','2020-10-13 14:39:51'),(161,1,'delivery','2020-10-13 14:39:51','2020-10-13 14:39:51'),(162,1,'delivery','2020-10-13 14:39:54','2020-10-13 14:39:54'),(163,1,'delivery','2020-10-13 14:39:54','2020-10-13 14:39:54'),(164,1,'delivery','2020-10-13 14:39:54','2020-10-13 14:39:54'),(165,1,'delivery','2020-10-13 14:39:54','2020-10-13 14:39:54'),(166,1,'delivery','2020-10-13 14:39:54','2020-10-13 14:39:54'),(167,1,'delivery','2020-10-13 14:39:54','2020-10-13 14:39:54'),(168,1,'delivery','2020-10-13 14:39:54','2020-10-13 14:39:54'),(169,1,'delivery','2020-10-13 14:39:54','2020-10-13 14:39:54'),(170,1,'delivery','2020-10-13 14:39:54','2020-10-13 14:39:54'),(171,1,'delivery','2020-10-13 14:39:54','2020-10-13 14:39:54'),(172,1,'delivery','2020-10-13 14:39:54','2020-10-13 14:39:54'),(173,1,'delivery','2020-10-13 14:39:54','2020-10-13 14:39:54'),(174,1,'delivery','2020-10-13 14:39:54','2020-10-13 14:39:54'),(175,1,'delivery','2020-10-13 14:39:54','2020-10-13 14:39:54'),(176,1,'delivery','2020-10-13 14:39:54','2020-10-13 14:39:54'),(177,1,'delivery','2020-10-13 14:39:54','2020-10-13 14:39:54'),(178,1,'delivery','2020-10-13 14:39:54','2020-10-13 14:39:54'),(179,1,'delivery','2020-10-13 14:39:54','2020-10-13 14:39:54'),(180,1,'delivery','2020-10-13 14:39:54','2020-10-13 14:39:54'),(181,1,'delivery','2020-10-13 14:39:55','2020-10-13 14:39:55'),(182,1,'delivery','2020-10-13 14:39:55','2020-10-13 14:39:55'),(183,1,'delivery','2020-10-13 14:39:55','2020-10-13 14:39:55'),(184,1,'delivery','2020-10-13 14:39:55','2020-10-13 14:39:55'),(185,1,'delivery','2020-10-13 14:39:55','2020-10-13 14:39:55'),(186,1,'delivery','2020-10-13 14:39:55','2020-10-13 14:39:55'),(187,1,'delivery','2020-10-13 14:39:57','2020-10-13 14:39:57'),(188,1,'delivery','2020-10-13 14:39:57','2020-10-13 14:39:57'),(189,1,'delivery','2020-10-13 14:39:57','2020-10-13 14:39:57'),(190,1,'delivery','2020-10-13 14:39:57','2020-10-13 14:39:57'),(191,1,'delivery','2020-10-13 14:39:58','2020-10-13 14:39:58'),(192,1,'delivery','2020-10-13 14:39:58','2020-10-13 14:39:58'),(193,1,'delivery','2020-10-13 14:39:58','2020-10-13 14:39:58'),(194,1,'delivery','2020-10-13 14:39:58','2020-10-13 14:39:58'),(195,1,'delivery','2020-10-13 14:39:58','2020-10-13 14:39:58'),(196,1,'delivery','2020-10-13 14:39:58','2020-10-13 14:39:58'),(197,1,'delivery','2020-10-13 14:40:01','2020-10-13 14:40:01'),(198,1,'delivery','2020-10-13 14:40:01','2020-10-13 14:40:01'),(199,1,'delivery','2020-10-13 14:40:01','2020-10-13 14:40:01'),(200,1,'delivery','2020-10-13 14:40:01','2020-10-13 14:40:01'),(201,1,'delivery','2020-10-13 14:40:01','2020-10-13 14:40:01'),(202,1,'delivery','2020-10-13 14:40:01','2020-10-13 14:40:01'),(203,1,'delivery','2020-10-13 14:40:01','2020-10-13 14:40:01'),(204,1,'delivery','2020-10-13 14:40:01','2020-10-13 14:40:01'),(205,1,'delivery','2020-10-13 14:40:01','2020-10-13 14:40:01'),(206,1,'delivery','2020-10-13 14:40:01','2020-10-13 14:40:01'),(207,1,'delivery','2020-10-13 14:40:01','2020-10-13 14:40:01'),(208,1,'delivery','2020-10-13 14:40:01','2020-10-13 14:40:01'),(209,1,'delivery','2020-10-13 14:40:01','2020-10-13 14:40:01'),(210,1,'delivery','2020-10-13 14:40:01','2020-10-13 14:40:01'),(211,1,'delivery','2020-10-13 14:40:01','2020-10-13 14:40:01'),(212,1,'delivery','2020-10-13 14:40:01','2020-10-13 14:40:01'),(213,1,'delivery','2020-10-13 14:40:01','2020-10-13 14:40:01'),(214,1,'delivery','2020-10-13 14:40:01','2020-10-13 14:40:01'),(215,1,'delivery','2020-10-13 14:40:01','2020-10-13 14:40:01'),(216,1,'delivery','2020-10-13 14:40:01','2020-10-13 14:40:01'),(217,1,'delivery','2020-10-13 14:40:04','2020-10-13 14:40:04'),(218,1,'delivery','2020-10-13 14:40:04','2020-10-13 14:40:04'),(219,1,'delivery','2020-10-13 14:40:04','2020-10-13 14:40:04'),(220,1,'delivery','2020-10-13 14:40:04','2020-10-13 14:40:04'),(221,1,'delivery','2020-10-13 14:40:04','2020-10-13 14:40:04'),(222,1,'delivery','2020-10-13 14:40:04','2020-10-13 14:40:04'),(223,1,'delivery','2020-10-13 14:40:04','2020-10-13 14:40:04'),(224,1,'delivery','2020-10-13 14:40:04','2020-10-13 14:40:04'),(225,1,'delivery','2020-10-13 14:40:04','2020-10-13 14:40:04'),(226,1,'delivery','2020-10-13 14:40:04','2020-10-13 14:40:04'),(227,1,'delivery','2020-10-13 14:40:04','2020-10-13 14:40:04'),(228,1,'delivery','2020-10-13 14:40:04','2020-10-13 14:40:04'),(229,1,'delivery','2020-10-13 14:40:04','2020-10-13 14:40:04'),(230,1,'delivery','2020-10-13 14:40:04','2020-10-13 14:40:04'),(231,1,'delivery','2020-10-13 14:40:04','2020-10-13 14:40:04'),(232,1,'delivery','2020-10-13 14:40:04','2020-10-13 14:40:04'),(233,1,'delivery','2020-10-13 14:40:04','2020-10-13 14:40:04'),(234,1,'delivery','2020-10-13 14:40:04','2020-10-13 14:40:04'),(235,1,'delivery','2020-10-13 14:40:04','2020-10-13 14:40:04'),(236,1,'delivery','2020-10-13 14:40:04','2020-10-13 14:40:04'),(237,1,'delivery','2020-10-13 14:40:07','2020-10-13 14:40:07'),(238,1,'delivery','2020-10-13 14:40:07','2020-10-13 14:40:07'),(239,1,'delivery','2020-10-13 14:40:07','2020-10-13 14:40:07'),(240,1,'delivery','2020-10-13 14:40:07','2020-10-13 14:40:07'),(241,1,'delivery','2020-10-13 14:40:07','2020-10-13 14:40:07'),(242,1,'delivery','2020-10-13 14:40:07','2020-10-13 14:40:07'),(243,1,'delivery','2020-10-13 14:40:07','2020-10-13 14:40:07'),(244,1,'delivery','2020-10-13 14:40:07','2020-10-13 14:40:07'),(245,1,'delivery','2020-10-13 14:40:07','2020-10-13 14:40:07'),(246,1,'delivery','2020-10-13 14:40:07','2020-10-13 14:40:07'),(247,1,'delivery','2020-10-13 14:40:10','2020-10-13 14:40:10'),(248,1,'delivery','2020-10-13 14:40:10','2020-10-13 14:40:10'),(249,1,'delivery','2020-10-13 14:40:10','2020-10-13 14:40:10'),(250,1,'delivery','2020-10-13 14:40:10','2020-10-13 14:40:10'),(251,1,'delivery','2020-10-13 14:40:10','2020-10-13 14:40:10'),(252,1,'delivery','2020-10-13 14:40:10','2020-10-13 14:40:10'),(253,1,'delivery','2020-10-13 14:40:10','2020-10-13 14:40:10'),(254,1,'delivery','2020-10-13 14:40:10','2020-10-13 14:40:10'),(255,1,'delivery','2020-10-13 14:40:10','2020-10-13 14:40:10'),(256,1,'delivery','2020-10-13 14:40:10','2020-10-13 14:40:10'),(257,1,'delivery','2020-10-13 14:40:10','2020-10-13 14:40:10'),(258,1,'delivery','2020-10-13 14:40:10','2020-10-13 14:40:10'),(259,1,'score','2020-10-13 14:40:31','2020-10-13 14:40:31'),(260,1,'score','2020-10-13 14:40:31','2020-10-13 14:40:31'),(261,1,'score','2020-10-13 14:40:31','2020-10-13 14:40:31'),(262,1,'score','2020-10-13 14:40:31','2020-10-13 14:40:31'),(263,1,'score','2020-10-13 14:40:32','2020-10-13 14:40:32'),(264,1,'score','2020-10-13 14:40:32','2020-10-13 14:40:32'),(265,1,'score','2020-10-13 14:40:32','2020-10-13 14:40:32'),(266,1,'score','2020-10-13 14:40:32','2020-10-13 14:40:32'),(267,1,'score','2020-10-13 14:40:32','2020-10-13 14:40:32'),(268,1,'score','2020-10-13 14:40:32','2020-10-13 14:40:32'),(269,1,'score','2020-10-13 14:40:32','2020-10-13 14:40:32'),(270,1,'score','2020-10-13 14:40:32','2020-10-13 14:40:32'),(271,1,'score','2020-10-13 14:40:32','2020-10-13 14:40:32'),(272,1,'score','2020-10-13 14:40:32','2020-10-13 14:40:32'),(273,1,'score','2020-10-13 14:40:32','2020-10-13 14:40:32'),(274,1,'score','2020-10-13 14:40:32','2020-10-13 14:40:32'),(275,1,'score','2020-10-13 14:40:32','2020-10-13 14:40:32'),(276,1,'score','2020-10-13 14:40:32','2020-10-13 14:40:32'),(277,1,'score','2020-10-13 14:40:32','2020-10-13 14:40:32'),(278,1,'score','2020-10-13 14:40:32','2020-10-13 14:40:32'),(279,1,'score','2020-10-13 14:40:32','2020-10-13 14:40:32'),(280,1,'score','2020-10-13 14:40:32','2020-10-13 14:40:32'),(281,1,'score','2020-10-13 14:40:32','2020-10-13 14:40:32'),(282,1,'score','2020-10-13 14:40:32','2020-10-13 14:40:32'),(283,1,'score','2020-10-13 14:40:32','2020-10-13 14:40:32'),(284,1,'score','2020-10-13 14:40:32','2020-10-13 14:40:32'),(285,1,'score','2020-10-13 14:40:32','2020-10-13 14:40:32'),(286,1,'score','2020-10-13 14:40:32','2020-10-13 14:40:32'),(287,1,'score','2020-10-13 14:40:32','2020-10-13 14:40:32'),(288,1,'score','2020-10-13 14:40:32','2020-10-13 14:40:32'),(289,1,'score','2020-10-13 14:40:32','2020-10-13 14:40:32'),(290,1,'score','2020-10-13 14:40:32','2020-10-13 14:40:32'),(291,1,'score','2020-10-13 14:40:32','2020-10-13 14:40:32'),(292,1,'score','2020-10-13 14:40:32','2020-10-13 14:40:32'),(293,1,'score','2020-10-13 14:40:32','2020-10-13 14:40:32'),(294,1,'score','2020-10-13 14:40:32','2020-10-13 14:40:32'),(295,1,'score','2020-10-13 14:40:32','2020-10-13 14:40:32'),(296,1,'score','2020-10-13 14:40:32','2020-10-13 14:40:32'),(297,1,'score','2020-10-13 14:40:32','2020-10-13 14:40:32'),(298,1,'score','2020-10-13 14:40:33','2020-10-13 14:40:33'),(299,1,'score','2020-10-13 14:40:33','2020-10-13 14:40:33'),(300,1,'score','2020-10-13 14:40:33','2020-10-13 14:40:33'),(301,1,'score','2020-10-13 14:40:33','2020-10-13 14:40:33'),(302,1,'score','2020-10-13 14:40:33','2020-10-13 14:40:33'),(303,1,'score','2020-10-13 14:40:33','2020-10-13 14:40:33'),(304,1,'score','2020-10-13 14:40:33','2020-10-13 14:40:33'),(305,1,'score','2020-10-13 14:40:33','2020-10-13 14:40:33'),(306,1,'score','2020-10-13 14:40:33','2020-10-13 14:40:33'),(307,1,'score','2020-10-13 14:40:33','2020-10-13 14:40:33'),(308,1,'score','2020-10-13 14:40:33','2020-10-13 14:40:33'),(309,1,'score','2020-10-13 14:40:33','2020-10-13 14:40:33'),(310,1,'score','2020-10-13 14:40:33','2020-10-13 14:40:33'),(311,1,'score','2020-10-13 14:40:33','2020-10-13 14:40:33'),(312,1,'score','2020-10-13 14:40:33','2020-10-13 14:40:33'),(313,1,'score','2020-10-13 14:40:33','2020-10-13 14:40:33'),(314,1,'score','2020-10-13 14:40:33','2020-10-13 14:40:33'),(315,1,'score','2020-10-13 14:40:33','2020-10-13 14:40:33'),(316,1,'score','2020-10-13 14:40:33','2020-10-13 14:40:33'),(317,1,'score','2020-10-13 14:40:33','2020-10-13 14:40:33'),(318,1,'score','2020-10-13 14:40:33','2020-10-13 14:40:33'),(319,1,'score','2020-10-13 14:40:33','2020-10-13 14:40:33'),(320,1,'score','2020-10-13 14:40:33','2020-10-13 14:40:33'),(321,1,'score','2020-10-13 14:40:33','2020-10-13 14:40:33'),(322,1,'score','2020-10-13 14:40:33','2020-10-13 14:40:33'),(323,1,'score','2020-10-13 14:40:33','2020-10-13 14:40:33'),(324,1,'score','2020-10-13 14:40:33','2020-10-13 14:40:33'),(325,1,'score','2020-10-13 14:40:33','2020-10-13 14:40:33'),(326,1,'score','2020-10-13 14:40:33','2020-10-13 14:40:33'),(327,1,'score','2020-10-13 14:40:33','2020-10-13 14:40:33'),(328,1,'score','2020-10-13 14:40:34','2020-10-13 14:40:34'),(329,1,'score','2020-10-13 14:40:34','2020-10-13 14:40:34'),(330,1,'score','2020-10-13 14:40:34','2020-10-13 14:40:34'),(331,1,'score','2020-10-13 14:40:34','2020-10-13 14:40:34'),(332,1,'score','2020-10-13 14:40:34','2020-10-13 14:40:34'),(333,1,'score','2020-10-13 14:40:34','2020-10-13 14:40:34'),(334,1,'score','2020-10-13 14:40:34','2020-10-13 14:40:34'),(335,1,'score','2020-10-13 14:40:34','2020-10-13 14:40:34'),(336,1,'score','2020-10-13 14:40:34','2020-10-13 14:40:34'),(337,1,'score','2020-10-13 14:40:34','2020-10-13 14:40:34'),(338,1,'score','2020-10-13 14:40:34','2020-10-13 14:40:34'),(339,1,'score','2020-10-13 14:40:34','2020-10-13 14:40:34'),(340,1,'score','2020-10-13 14:40:34','2020-10-13 14:40:34'),(341,1,'score','2020-10-13 14:40:34','2020-10-13 14:40:34'),(342,1,'score','2020-10-13 14:40:34','2020-10-13 14:40:34'),(343,1,'score','2020-10-13 14:40:34','2020-10-13 14:40:34'),(344,1,'score','2020-10-13 14:40:34','2020-10-13 14:40:34'),(345,1,'score','2020-10-13 14:40:34','2020-10-13 14:40:34'),(346,1,'score','2020-10-13 14:40:34','2020-10-13 14:40:34'),(347,1,'score','2020-10-13 14:40:34','2020-10-13 14:40:34'),(348,1,'score','2020-10-13 14:40:34','2020-10-13 14:40:34'),(349,1,'score','2020-10-13 14:40:34','2020-10-13 14:40:34'),(350,1,'score','2020-10-13 14:40:34','2020-10-13 14:40:34'),(351,1,'score','2020-10-13 14:40:34','2020-10-13 14:40:34'),(352,1,'score','2020-10-13 14:40:34','2020-10-13 14:40:34'),(353,1,'score','2020-10-13 14:40:34','2020-10-13 14:40:34'),(354,1,'score','2020-10-13 14:40:34','2020-10-13 14:40:34'),(355,1,'score','2020-10-13 14:40:34','2020-10-13 14:40:34'),(356,1,'score','2020-10-13 14:40:34','2020-10-13 14:40:34'),(357,1,'score','2020-10-13 14:40:34','2020-10-13 14:40:34'),(358,1,'score','2020-10-13 14:40:34','2020-10-13 14:40:34'),(359,1,'score','2020-10-13 14:40:35','2020-10-13 14:40:35'),(360,1,'score','2020-10-13 14:40:35','2020-10-13 14:40:35'),(361,1,'score','2020-10-13 14:40:35','2020-10-13 14:40:35'),(362,1,'score','2020-10-13 14:40:35','2020-10-13 14:40:35'),(363,1,'score','2020-10-13 14:40:35','2020-10-13 14:40:35'),(364,1,'score','2020-10-13 14:40:35','2020-10-13 14:40:35'),(365,1,'score','2020-10-13 14:40:35','2020-10-13 14:40:35'),(366,1,'score','2020-10-13 14:40:35','2020-10-13 14:40:35'),(367,1,'score','2020-10-13 14:40:35','2020-10-13 14:40:35'),(368,1,'score','2020-10-13 14:40:35','2020-10-13 14:40:35'),(369,1,'score','2020-10-13 14:40:35','2020-10-13 14:40:35'),(370,1,'score','2020-10-13 14:40:35','2020-10-13 14:40:35'),(371,1,'score','2020-10-13 14:40:35','2020-10-13 14:40:35'),(372,1,'score','2020-10-13 14:40:35','2020-10-13 14:40:35'),(373,1,'score','2020-10-13 14:40:35','2020-10-13 14:40:35'),(374,1,'score','2020-10-13 14:40:35','2020-10-13 14:40:35'),(375,1,'score','2020-10-13 14:40:35','2020-10-13 14:40:35'),(376,1,'score','2020-10-13 14:40:35','2020-10-13 14:40:35'),(377,1,'score','2020-10-13 14:40:35','2020-10-13 14:40:35'),(378,1,'score','2020-10-13 14:40:35','2020-10-13 14:40:35'),(379,1,'score','2020-10-13 14:40:35','2020-10-13 14:40:35'),(380,1,'score','2020-10-13 14:40:35','2020-10-13 14:40:35'),(381,1,'score','2020-10-13 14:40:35','2020-10-13 14:40:35'),(382,1,'score','2020-10-13 14:40:35','2020-10-13 14:40:35'),(383,1,'score','2020-10-13 14:40:35','2020-10-13 14:40:35'),(384,1,'score','2020-10-13 14:40:35','2020-10-13 14:40:35'),(385,1,'score','2020-10-13 14:40:36','2020-10-13 14:40:36'),(386,1,'score','2020-10-13 14:40:36','2020-10-13 14:40:36'),(387,1,'score','2020-10-13 14:40:36','2020-10-13 14:40:36'),(388,1,'score','2020-10-13 14:40:36','2020-10-13 14:40:36'),(389,1,'score','2020-10-13 14:40:36','2020-10-13 14:40:36'),(390,1,'score','2020-10-13 14:40:36','2020-10-13 14:40:36'),(391,1,'score','2020-10-13 14:40:36','2020-10-13 14:40:36'),(392,1,'score','2020-10-13 14:40:36','2020-10-13 14:40:36'),(393,1,'score','2020-10-13 14:40:36','2020-10-13 14:40:36'),(394,1,'score','2020-10-13 14:40:36','2020-10-13 14:40:36'),(395,1,'score','2020-10-13 14:40:36','2020-10-13 14:40:36'),(396,1,'score','2020-10-13 14:40:36','2020-10-13 14:40:36'),(397,1,'score','2020-10-13 14:40:36','2020-10-13 14:40:36'),(398,1,'score','2020-10-13 14:40:36','2020-10-13 14:40:36'),(399,1,'score','2020-10-13 14:40:36','2020-10-13 14:40:36'),(400,1,'score','2020-10-13 14:40:36','2020-10-13 14:40:36'),(401,1,'score','2020-10-13 14:40:36','2020-10-13 14:40:36'),(402,1,'score','2020-10-13 14:40:36','2020-10-13 14:40:36'),(403,1,'score','2020-10-13 14:40:36','2020-10-13 14:40:36'),(404,1,'score','2020-10-13 14:40:36','2020-10-13 14:40:36'),(405,1,'score','2020-10-13 14:40:36','2020-10-13 14:40:36'),(406,1,'score','2020-10-13 14:40:36','2020-10-13 14:40:36'),(407,1,'score','2020-10-13 14:40:36','2020-10-13 14:40:36'),(408,1,'score','2020-10-13 14:40:36','2020-10-13 14:40:36'),(409,1,'score','2020-10-13 14:40:36','2020-10-13 14:40:36'),(410,1,'score','2020-10-13 14:40:36','2020-10-13 14:40:36'),(411,1,'score','2020-10-13 14:40:36','2020-10-13 14:40:36'),(412,1,'score','2020-10-13 14:40:36','2020-10-13 14:40:36'),(413,1,'score','2020-10-13 14:40:36','2020-10-13 14:40:36'),(414,1,'score','2020-10-13 14:40:37','2020-10-13 14:40:37'),(415,1,'score','2020-10-13 14:40:37','2020-10-13 14:40:37'),(416,1,'score','2020-10-13 14:40:37','2020-10-13 14:40:37'),(417,1,'score','2020-10-13 14:40:37','2020-10-13 14:40:37'),(418,1,'score','2020-10-13 14:40:37','2020-10-13 14:40:37'),(419,1,'score','2020-10-13 14:40:37','2020-10-13 14:40:37'),(420,1,'score','2020-10-13 14:40:37','2020-10-13 14:40:37'),(421,1,'score','2020-10-13 14:40:37','2020-10-13 14:40:37'),(422,1,'score','2020-10-13 14:40:37','2020-10-13 14:40:37'),(423,1,'score','2020-10-13 14:40:37','2020-10-13 14:40:37'),(424,1,'score','2020-10-13 14:40:37','2020-10-13 14:40:37'),(425,1,'score','2020-10-13 14:40:37','2020-10-13 14:40:37'),(426,1,'score','2020-10-13 14:40:37','2020-10-13 14:40:37'),(427,1,'score','2020-10-13 14:40:37','2020-10-13 14:40:37'),(428,1,'score','2020-10-13 14:40:37','2020-10-13 14:40:37'),(429,1,'score','2020-10-13 14:40:37','2020-10-13 14:40:37'),(430,1,'score','2020-10-13 14:40:37','2020-10-13 14:40:37'),(431,1,'score','2020-10-13 14:40:37','2020-10-13 14:40:37'),(432,1,'score','2020-10-13 14:40:37','2020-10-13 14:40:37'),(433,1,'score','2020-10-13 14:40:37','2020-10-13 14:40:37'),(434,1,'score','2020-10-13 14:40:37','2020-10-13 14:40:37'),(435,1,'score','2020-10-13 14:40:37','2020-10-13 14:40:37'),(436,1,'score','2020-10-13 14:40:37','2020-10-13 14:40:37'),(437,1,'score','2020-10-13 14:40:37','2020-10-13 14:40:37'),(438,1,'score','2020-10-13 14:40:37','2020-10-13 14:40:37'),(439,1,'score','2020-10-13 14:40:37','2020-10-13 14:40:37'),(440,1,'score','2020-10-13 14:40:37','2020-10-13 14:40:37'),(441,1,'score','2020-10-13 14:40:38','2020-10-13 14:40:38'),(442,1,'score','2020-10-13 14:40:38','2020-10-13 14:40:38'),(443,1,'score','2020-10-13 14:40:38','2020-10-13 14:40:38'),(444,1,'score','2020-10-13 14:40:38','2020-10-13 14:40:38'),(445,1,'score','2020-10-13 14:40:38','2020-10-13 14:40:38'),(446,1,'score','2020-10-13 14:40:38','2020-10-13 14:40:38'),(447,1,'score','2020-10-13 14:40:38','2020-10-13 14:40:38'),(448,1,'score','2020-10-13 14:40:38','2020-10-13 14:40:38'),(449,1,'score','2020-10-13 14:40:38','2020-10-13 14:40:38'),(450,1,'score','2020-10-13 14:40:38','2020-10-13 14:40:38'),(451,1,'score','2020-10-13 14:40:38','2020-10-13 14:40:38'),(452,1,'score','2020-10-13 14:40:38','2020-10-13 14:40:38'),(453,1,'score','2020-10-13 14:40:38','2020-10-13 14:40:38'),(454,1,'score','2020-10-13 14:40:38','2020-10-13 14:40:38'),(455,1,'score','2020-10-13 14:40:38','2020-10-13 14:40:38'),(456,1,'score','2020-10-13 14:40:38','2020-10-13 14:40:38'),(457,1,'score','2020-10-13 14:40:38','2020-10-13 14:40:38'),(458,1,'score','2020-10-13 14:40:38','2020-10-13 14:40:38'),(459,1,'score','2020-10-13 14:40:38','2020-10-13 14:40:38'),(460,1,'score','2020-10-13 14:40:38','2020-10-13 14:40:38'),(461,1,'score','2020-10-13 14:40:38','2020-10-13 14:40:38'),(462,1,'score','2020-10-13 14:40:38','2020-10-13 14:40:38'),(463,1,'score','2020-10-13 14:40:38','2020-10-13 14:40:38'),(464,1,'score','2020-10-13 14:40:38','2020-10-13 14:40:38'),(465,1,'score','2020-10-13 14:40:38','2020-10-13 14:40:38'),(466,1,'score','2020-10-13 14:40:38','2020-10-13 14:40:38'),(467,1,'score','2020-10-13 14:40:38','2020-10-13 14:40:38'),(468,1,'score','2020-10-13 14:40:39','2020-10-13 14:40:39'),(469,1,'score','2020-10-13 14:40:39','2020-10-13 14:40:39'),(470,1,'score','2020-10-13 14:40:39','2020-10-13 14:40:39'),(471,1,'score','2020-10-13 14:40:39','2020-10-13 14:40:39'),(472,1,'score','2020-10-13 14:40:39','2020-10-13 14:40:39'),(473,1,'score','2020-10-13 14:40:39','2020-10-13 14:40:39'),(474,1,'score','2020-10-13 14:40:39','2020-10-13 14:40:39'),(475,1,'score','2020-10-13 14:40:39','2020-10-13 14:40:39'),(476,1,'score','2020-10-13 14:40:39','2020-10-13 14:40:39'),(477,1,'score','2020-10-13 14:40:39','2020-10-13 14:40:39'),(478,1,'score','2020-10-13 14:40:39','2020-10-13 14:40:39'),(479,1,'score','2020-10-13 14:40:39','2020-10-13 14:40:39'),(480,1,'score','2020-10-13 14:40:39','2020-10-13 14:40:39'),(481,1,'score','2020-10-13 14:40:39','2020-10-13 14:40:39'),(482,1,'score','2020-10-13 14:40:39','2020-10-13 14:40:39'),(483,1,'score','2020-10-13 14:40:39','2020-10-13 14:40:39'),(484,1,'score','2020-10-13 14:40:39','2020-10-13 14:40:39'),(485,1,'score','2020-10-13 14:40:39','2020-10-13 14:40:39'),(486,1,'score','2020-10-13 14:40:39','2020-10-13 14:40:39'),(487,1,'score','2020-10-13 14:40:39','2020-10-13 14:40:39'),(488,1,'score','2020-10-13 14:40:39','2020-10-13 14:40:39'),(489,1,'score','2020-10-13 14:40:39','2020-10-13 14:40:39'),(490,1,'score','2020-10-13 14:40:39','2020-10-13 14:40:39'),(491,1,'score','2020-10-13 14:40:39','2020-10-13 14:40:39'),(492,1,'score','2020-10-13 14:40:39','2020-10-13 14:40:39'),(493,1,'score','2020-10-13 14:40:39','2020-10-13 14:40:39'),(494,1,'score','2020-10-13 14:40:39','2020-10-13 14:40:39'),(495,1,'score','2020-10-13 14:40:39','2020-10-13 14:40:39'),(496,1,'score','2020-10-13 14:40:39','2020-10-13 14:40:39'),(497,1,'score','2020-10-13 14:40:39','2020-10-13 14:40:39'),(498,1,'score','2020-10-13 14:40:40','2020-10-13 14:40:40'),(499,1,'score','2020-10-13 14:40:40','2020-10-13 14:40:40'),(500,1,'score','2020-10-13 14:40:40','2020-10-13 14:40:40'),(501,1,'score','2020-10-13 14:40:40','2020-10-13 14:40:40'),(502,1,'score','2020-10-13 14:40:40','2020-10-13 14:40:40'),(503,1,'score','2020-10-13 14:40:40','2020-10-13 14:40:40'),(504,1,'score','2020-10-13 14:40:40','2020-10-13 14:40:40'),(505,1,'score','2020-10-13 14:40:40','2020-10-13 14:40:40'),(506,1,'score','2020-10-13 14:40:40','2020-10-13 14:40:40'),(507,1,'score','2020-10-13 14:40:40','2020-10-13 14:40:40'),(508,1,'score','2020-10-13 14:40:40','2020-10-13 14:40:40'),(509,1,'score','2020-10-13 14:40:40','2020-10-13 14:40:40'),(510,1,'score','2020-10-13 14:40:40','2020-10-13 14:40:40'),(511,1,'score','2020-10-13 14:40:40','2020-10-13 14:40:40'),(512,1,'score','2020-10-13 14:40:40','2020-10-13 14:40:40'),(513,1,'score','2020-10-13 14:40:40','2020-10-13 14:40:40'),(514,1,'score','2020-10-13 14:40:40','2020-10-13 14:40:40'),(515,1,'score','2020-10-13 14:40:40','2020-10-13 14:40:40'),(516,1,'score','2020-10-13 14:40:40','2020-10-13 14:40:40'),(517,1,'score','2020-10-13 14:40:40','2020-10-13 14:40:40'),(518,1,'score','2020-10-13 14:40:40','2020-10-13 14:40:40'),(519,1,'score','2020-10-13 14:40:40','2020-10-13 14:40:40'),(520,1,'score','2020-10-13 14:40:40','2020-10-13 14:40:40'),(521,1,'score','2020-10-13 14:40:40','2020-10-13 14:40:40'),(522,1,'score','2020-10-13 14:40:40','2020-10-13 14:40:40'),(523,1,'score','2020-10-13 14:40:40','2020-10-13 14:40:40'),(524,1,'score','2020-10-13 14:40:40','2020-10-13 14:40:40'),(525,1,'score','2020-10-13 14:40:40','2020-10-13 14:40:40'),(526,1,'score','2020-10-13 14:40:40','2020-10-13 14:40:40'),(527,1,'score','2020-10-13 14:40:40','2020-10-13 14:40:40'),(528,1,'score','2020-10-13 14:40:40','2020-10-13 14:40:40'),(529,1,'score','2020-10-13 14:40:40','2020-10-13 14:40:40'),(530,1,'score','2020-10-13 14:40:40','2020-10-13 14:40:40'),(531,1,'score','2020-10-13 14:40:40','2020-10-13 14:40:40'),(532,1,'score','2020-10-13 14:40:40','2020-10-13 14:40:40'),(533,1,'score','2020-10-13 14:40:40','2020-10-13 14:40:40'),(534,1,'score','2020-10-13 14:40:40','2020-10-13 14:40:40'),(535,1,'score','2020-10-13 14:40:40','2020-10-13 14:40:40'),(536,1,'score','2020-10-13 14:40:40','2020-10-13 14:40:40'),(537,1,'score','2020-10-13 14:40:40','2020-10-13 14:40:40'),(538,1,'score','2020-10-13 14:40:40','2020-10-13 14:40:40'),(539,1,'score','2020-10-13 14:40:41','2020-10-13 14:40:41'),(540,1,'score','2020-10-13 14:40:41','2020-10-13 14:40:41'),(541,1,'score','2020-10-13 14:40:41','2020-10-13 14:40:41'),(542,1,'score','2020-10-13 14:40:41','2020-10-13 14:40:41'),(543,1,'score','2020-10-13 14:40:41','2020-10-13 14:40:41'),(544,1,'score','2020-10-13 14:40:41','2020-10-13 14:40:41'),(545,1,'score','2020-10-13 14:40:41','2020-10-13 14:40:41'),(546,1,'score','2020-10-13 14:40:41','2020-10-13 14:40:41'),(547,1,'score','2020-10-13 14:40:41','2020-10-13 14:40:41'),(548,1,'score','2020-10-13 14:40:41','2020-10-13 14:40:41'),(549,1,'score','2020-10-13 14:40:41','2020-10-13 14:40:41'),(550,1,'score','2020-10-13 14:40:41','2020-10-13 14:40:41'),(551,1,'score','2020-10-13 14:40:41','2020-10-13 14:40:41'),(552,1,'score','2020-10-13 14:40:41','2020-10-13 14:40:41'),(553,1,'score','2020-10-13 14:40:41','2020-10-13 14:40:41'),(554,1,'score','2020-10-13 14:40:41','2020-10-13 14:40:41'),(555,1,'score','2020-10-13 14:40:41','2020-10-13 14:40:41'),(556,1,'score','2020-10-13 14:40:41','2020-10-13 14:40:41'),(557,1,'score','2020-10-13 14:40:41','2020-10-13 14:40:41'),(558,1,'score','2020-10-13 14:40:41','2020-10-13 14:40:41'),(559,1,'score','2020-10-13 14:40:41','2020-10-13 14:40:41'),(560,1,'score','2020-10-13 14:40:41','2020-10-13 14:40:41'),(561,1,'score','2020-10-13 14:40:41','2020-10-13 14:40:41'),(562,1,'score','2020-10-13 14:40:41','2020-10-13 14:40:41'),(563,1,'score','2020-10-13 14:40:41','2020-10-13 14:40:41'),(564,1,'score','2020-10-13 14:40:41','2020-10-13 14:40:41'),(565,1,'score','2020-10-13 14:40:41','2020-10-13 14:40:41'),(566,1,'score','2020-10-13 14:40:41','2020-10-13 14:40:41'),(567,1,'score','2020-10-13 14:40:41','2020-10-13 14:40:41'),(568,1,'score','2020-10-13 14:40:41','2020-10-13 14:40:41'),(569,1,'score','2020-10-13 14:40:41','2020-10-13 14:40:41'),(570,1,'score','2020-10-13 14:40:41','2020-10-13 14:40:41'),(571,1,'score','2020-10-13 14:40:41','2020-10-13 14:40:41'),(572,1,'score','2020-10-13 14:40:41','2020-10-13 14:40:41'),(573,1,'score','2020-10-13 14:40:41','2020-10-13 14:40:41'),(574,1,'score','2020-10-13 14:40:41','2020-10-13 14:40:41'),(575,1,'score','2020-10-13 14:40:41','2020-10-13 14:40:41'),(576,1,'score','2020-10-13 14:40:41','2020-10-13 14:40:41'),(577,1,'score','2020-10-13 14:40:42','2020-10-13 14:40:42'),(578,1,'score','2020-10-13 14:40:42','2020-10-13 14:40:42'),(579,1,'score','2020-10-13 14:40:42','2020-10-13 14:40:42'),(580,1,'score','2020-10-13 14:40:42','2020-10-13 14:40:42'),(581,1,'score','2020-10-13 14:40:42','2020-10-13 14:40:42'),(582,1,'score','2020-10-13 14:40:42','2020-10-13 14:40:42'),(583,1,'score','2020-10-13 14:40:42','2020-10-13 14:40:42'),(584,1,'score','2020-10-13 14:40:42','2020-10-13 14:40:42'),(585,1,'score','2020-10-13 14:40:42','2020-10-13 14:40:42'),(586,1,'score','2020-10-13 14:40:42','2020-10-13 14:40:42'),(587,1,'score','2020-10-13 14:40:42','2020-10-13 14:40:42'),(588,1,'score','2020-10-13 14:40:42','2020-10-13 14:40:42'),(589,1,'score','2020-10-13 14:40:42','2020-10-13 14:40:42'),(590,1,'score','2020-10-13 14:40:42','2020-10-13 14:40:42'),(591,1,'score','2020-10-13 14:40:42','2020-10-13 14:40:42'),(592,1,'score','2020-10-13 14:40:42','2020-10-13 14:40:42'),(593,1,'score','2020-10-13 14:40:42','2020-10-13 14:40:42'),(594,1,'score','2020-10-13 14:40:42','2020-10-13 14:40:42'),(595,1,'score','2020-10-13 14:40:42','2020-10-13 14:40:42'),(596,1,'score','2020-10-13 14:40:42','2020-10-13 14:40:42'),(597,1,'score','2020-10-13 14:40:42','2020-10-13 14:40:42'),(598,1,'files','2020-10-13 14:44:30','2020-10-13 14:44:30'),(599,1,'files','2020-10-13 14:44:30','2020-10-13 14:44:30'),(600,1,'files','2020-10-13 14:44:30','2020-10-13 14:44:30'),(601,1,'files','2020-10-13 14:44:30','2020-10-13 14:44:30'),(602,1,'files','2020-10-13 14:44:30','2020-10-13 14:44:30'),(603,1,'files','2020-10-13 14:44:33','2020-10-13 14:44:33'),(604,1,'files','2020-10-13 14:44:33','2020-10-13 14:44:33'),(605,1,'files','2020-10-13 14:44:33','2020-10-13 14:44:33'),(606,1,'files','2020-10-13 14:44:33','2020-10-13 14:44:33'),(607,1,'files','2020-10-13 14:44:33','2020-10-13 14:44:33'),(608,1,'files','2020-10-13 14:44:33','2020-10-13 14:44:33'),(609,1,'files','2020-10-13 14:44:33','2020-10-13 14:44:33'),(610,1,'files','2020-10-13 14:44:33','2020-10-13 14:44:33'),(611,1,'files','2020-10-13 14:44:33','2020-10-13 14:44:33'),(612,1,'files','2020-10-13 14:44:33','2020-10-13 14:44:33'),(613,1,'files','2020-10-13 14:44:33','2020-10-13 14:44:33'),(614,1,'files','2020-10-13 14:44:33','2020-10-13 14:44:33'),(615,1,'files','2020-10-13 14:44:33','2020-10-13 14:44:33'),(616,1,'files','2020-10-13 14:44:34','2020-10-13 14:44:34'),(617,1,'files','2020-10-13 14:44:34','2020-10-13 14:44:34'),(618,1,'files','2020-10-13 14:44:34','2020-10-13 14:44:34'),(619,1,'files','2020-10-13 14:44:34','2020-10-13 14:44:34'),(620,1,'files','2020-10-13 14:44:34','2020-10-13 14:44:34'),(621,1,'files','2020-10-13 14:44:36','2020-10-13 14:44:36'),(622,1,'files','2020-10-13 14:44:36','2020-10-13 14:44:36'),(623,1,'files','2020-10-13 14:44:36','2020-10-13 14:44:36'),(624,1,'files','2020-10-13 14:44:36','2020-10-13 14:44:36'),(625,1,'files','2020-10-13 14:44:36','2020-10-13 14:44:36'),(626,1,'files','2020-10-13 14:44:37','2020-10-13 14:44:37'),(627,1,'files','2020-10-13 14:44:37','2020-10-13 14:44:37'),(628,1,'files','2020-10-13 14:44:37','2020-10-13 14:44:37'),(629,1,'files','2020-10-13 14:44:37','2020-10-13 14:44:37'),(630,1,'files','2020-10-13 14:44:37','2020-10-13 14:44:37'),(631,1,'files','2020-10-13 14:44:37','2020-10-13 14:44:37'),(632,1,'files','2020-10-13 14:44:37','2020-10-13 14:44:37'),(633,1,'files','2020-10-13 14:44:37','2020-10-13 14:44:37'),(634,1,'files','2020-10-13 14:44:37','2020-10-13 14:44:37'),(635,1,'files','2020-10-13 14:44:37','2020-10-13 14:44:37'),(636,1,'files','2020-10-13 14:44:37','2020-10-13 14:44:37'),(637,1,'files','2020-10-13 14:44:40','2020-10-13 14:44:40'),(638,1,'files','2020-10-13 14:44:40','2020-10-13 14:44:40'),(639,1,'files','2020-10-13 14:44:40','2020-10-13 14:44:40'),(640,1,'files','2020-10-13 14:44:40','2020-10-13 14:44:40'),(641,1,'files','2020-10-13 14:44:40','2020-10-13 14:44:40'),(642,1,'files','2020-10-13 14:44:40','2020-10-13 14:44:40'),(643,1,'files','2020-10-13 14:44:40','2020-10-13 14:44:40'),(644,1,'files','2020-10-13 14:44:40','2020-10-13 14:44:40'),(645,1,'files','2020-10-13 14:44:40','2020-10-13 14:44:40'),(646,1,'files','2020-10-13 14:44:40','2020-10-13 14:44:40'),(647,1,'files','2020-10-13 14:44:40','2020-10-13 14:44:40'),(648,1,'files','2020-10-13 14:44:40','2020-10-13 14:44:40'),(649,1,'files','2020-10-13 14:44:43','2020-10-13 14:44:43'),(650,1,'files','2020-10-13 14:44:43','2020-10-13 14:44:43'),(651,1,'files','2020-10-13 14:44:43','2020-10-13 14:44:43'),(652,1,'files','2020-10-13 14:44:43','2020-10-13 14:44:43'),(653,1,'files','2020-10-13 14:44:43','2020-10-13 14:44:43'),(654,1,'files','2020-10-13 14:44:43','2020-10-13 14:44:43'),(655,1,'files','2020-10-13 14:44:43','2020-10-13 14:44:43'),(656,1,'files','2020-10-13 14:44:43','2020-10-13 14:44:43'),(657,1,'files','2020-10-13 14:44:43','2020-10-13 14:44:43'),(658,1,'files','2020-10-13 14:44:43','2020-10-13 14:44:43'),(659,1,'files','2020-10-13 14:44:43','2020-10-13 14:44:43'),(660,1,'files','2020-10-13 14:44:43','2020-10-13 14:44:43'),(661,1,'files','2020-10-13 14:44:43','2020-10-13 14:44:43'),(662,1,'files','2020-10-13 14:44:46','2020-10-13 14:44:46'),(663,1,'files','2020-10-13 14:44:46','2020-10-13 14:44:46'),(664,1,'files','2020-10-13 14:44:46','2020-10-13 14:44:46'),(665,1,'files','2020-10-13 14:44:46','2020-10-13 14:44:46'),(666,1,'files','2020-10-13 14:44:46','2020-10-13 14:44:46'),(667,1,'files','2020-10-13 14:44:46','2020-10-13 14:44:46'),(668,1,'files','2020-10-13 14:44:46','2020-10-13 14:44:46'),(669,1,'files','2020-10-13 14:44:46','2020-10-13 14:44:46'),(670,1,'files','2020-10-13 14:44:49','2020-10-13 14:44:49'),(671,1,'files','2020-10-13 14:44:49','2020-10-13 14:44:49'),(672,1,'files','2020-10-13 14:44:49','2020-10-13 14:44:49'),(673,1,'files','2020-10-13 14:44:49','2020-10-13 14:44:49'),(674,1,'files','2020-10-13 14:44:49','2020-10-13 14:44:49'),(675,1,'files','2020-10-13 14:44:50','2020-10-13 14:44:50'),(676,1,'files','2020-10-13 14:44:50','2020-10-13 14:44:50'),(677,1,'files','2020-10-13 14:44:50','2020-10-13 14:44:50'),(678,1,'files','2020-10-13 14:44:50','2020-10-13 14:44:50'),(679,1,'files','2020-10-13 14:44:50','2020-10-13 14:44:50'),(680,1,'files','2020-10-13 14:44:50','2020-10-13 14:44:50'),(681,1,'files','2020-10-13 14:44:50','2020-10-13 14:44:50'),(682,1,'files','2020-10-13 14:44:50','2020-10-13 14:44:50'),(683,1,'files','2020-10-13 14:44:50','2020-10-13 14:44:50'),(684,1,'files','2020-10-13 14:44:50','2020-10-13 14:44:50'),(685,1,'files','2020-10-13 14:44:50','2020-10-13 14:44:50'),(686,1,'files','2020-10-13 14:44:50','2020-10-13 14:44:50'),(687,1,'files','2020-10-13 14:44:50','2020-10-13 14:44:50'),(688,1,'files','2020-10-13 14:44:50','2020-10-13 14:44:50'),(689,1,'files','2020-10-13 14:44:50','2020-10-13 14:44:50'),(690,1,'files','2020-10-13 14:44:50','2020-10-13 14:44:50'),(691,1,'files','2020-10-13 14:44:50','2020-10-13 14:44:50'),(692,1,'files','2020-10-13 14:44:50','2020-10-13 14:44:50'),(693,1,'files','2020-10-13 14:44:50','2020-10-13 14:44:50'),(694,1,'files','2020-10-13 14:44:50','2020-10-13 14:44:50'),(695,1,'files','2020-10-13 14:44:50','2020-10-13 14:44:50'),(696,1,'files','2020-10-13 14:44:53','2020-10-13 14:44:53'),(697,1,'files','2020-10-13 14:44:53','2020-10-13 14:44:53'),(698,1,'files','2020-10-13 14:44:53','2020-10-13 14:44:53'),(699,1,'files','2020-10-13 14:44:53','2020-10-13 14:44:53'),(700,1,'files','2020-10-13 14:44:53','2020-10-13 14:44:53'),(701,1,'files','2020-10-13 14:44:53','2020-10-13 14:44:53'),(702,1,'files','2020-10-13 14:44:53','2020-10-13 14:44:53'),(703,1,'files','2020-10-13 14:44:53','2020-10-13 14:44:53'),(704,1,'files','2020-10-13 14:44:53','2020-10-13 14:44:53'),(705,1,'files','2020-10-13 14:44:53','2020-10-13 14:44:53'),(706,1,'files','2020-10-13 14:44:53','2020-10-13 14:44:53'),(707,1,'files','2020-10-13 14:44:53','2020-10-13 14:44:53'),(708,1,'files','2020-10-13 14:44:53','2020-10-13 14:44:53'),(709,1,'files','2020-10-13 14:44:54','2020-10-13 14:44:54'),(710,1,'files','2020-10-13 14:44:56','2020-10-13 14:44:56'),(711,1,'files','2020-10-13 14:44:56','2020-10-13 14:44:56'),(712,1,'files','2020-10-13 14:44:57','2020-10-13 14:44:57'),(713,1,'files','2020-10-13 14:44:57','2020-10-13 14:44:57'),(714,1,'files','2020-10-13 14:44:57','2020-10-13 14:44:57'),(715,1,'files','2020-10-13 14:44:57','2020-10-13 14:44:57'),(716,1,'files','2020-10-13 14:44:57','2020-10-13 14:44:57'),(717,1,'files','2020-10-13 14:44:58','2020-10-13 14:44:58'),(718,1,'files','2020-10-13 14:44:59','2020-10-13 14:44:59'),(719,1,'files','2020-10-13 14:44:59','2020-10-13 14:44:59'),(720,1,'files','2020-10-13 14:44:59','2020-10-13 14:44:59'),(721,1,'files','2020-10-13 14:45:00','2020-10-13 14:45:00'),(722,1,'files','2020-10-13 14:45:00','2020-10-13 14:45:00'),(723,1,'files','2020-10-13 14:45:00','2020-10-13 14:45:00'),(724,1,'files','2020-10-13 14:45:00','2020-10-13 14:45:00'),(725,1,'files','2020-10-13 14:45:00','2020-10-13 14:45:00'),(726,1,'files','2020-10-13 14:45:00','2020-10-13 14:45:00'),(727,1,'files','2020-10-13 14:45:01','2020-10-13 14:45:01'),(728,1,'files','2020-10-13 14:45:01','2020-10-13 14:45:01'),(729,1,'files','2020-10-13 14:45:02','2020-10-13 14:45:02'),(730,1,'files','2020-10-13 14:45:02','2020-10-13 14:45:02'),(731,1,'files','2020-10-13 14:45:02','2020-10-13 14:45:02'),(732,1,'files','2020-10-13 14:45:02','2020-10-13 14:45:02'),(733,1,'files','2020-10-13 14:45:02','2020-10-13 14:45:02'),(734,1,'files','2020-10-13 14:45:02','2020-10-13 14:45:02'),(735,1,'files','2020-10-13 14:45:03','2020-10-13 14:45:03'),(736,1,'files','2020-10-13 14:45:03','2020-10-13 14:45:03'),(737,1,'files','2020-10-13 14:45:03','2020-10-13 14:45:03'),(738,1,'files','2020-10-13 14:45:03','2020-10-13 14:45:03'),(739,1,'files','2020-10-13 14:45:03','2020-10-13 14:45:03'),(740,1,'files','2020-10-13 14:45:03','2020-10-13 14:45:03'),(741,1,'files','2020-10-13 14:45:03','2020-10-13 14:45:03'),(742,1,'files','2020-10-13 14:45:03','2020-10-13 14:45:03'),(743,1,'files','2020-10-13 14:45:03','2020-10-13 14:45:03'),(744,1,'files','2020-10-13 14:45:04','2020-10-13 14:45:04'),(745,1,'files','2020-10-13 14:45:04','2020-10-13 14:45:04'),(746,1,'files','2020-10-13 14:45:04','2020-10-13 14:45:04'),(747,1,'files','2020-10-13 14:45:04','2020-10-13 14:45:04'),(748,1,'files','2020-10-13 14:45:04','2020-10-13 14:45:04'),(749,1,'files','2020-10-13 14:45:04','2020-10-13 14:45:04'),(750,1,'files','2020-10-13 14:45:05','2020-10-13 14:45:05'),(751,1,'files','2020-10-13 14:45:05','2020-10-13 14:45:05'),(752,1,'files','2020-10-13 14:45:05','2020-10-13 14:45:05'),(753,1,'files','2020-10-13 14:45:06','2020-10-13 14:45:06'),(754,1,'files','2020-10-13 14:45:06','2020-10-13 14:45:06'),(755,1,'files','2020-10-13 14:45:06','2020-10-13 14:45:06'),(756,1,'files','2020-10-13 14:45:06','2020-10-13 14:45:06'),(757,1,'files','2020-10-13 14:45:06','2020-10-13 14:45:06'),(758,1,'files','2020-10-13 14:45:09','2020-10-13 14:45:09'),(759,1,'files','2020-10-13 14:45:09','2020-10-13 14:45:09'),(760,1,'files','2020-10-13 14:45:09','2020-10-13 14:45:09'),(761,1,'files','2020-10-13 14:45:09','2020-10-13 14:45:09'),(762,1,'files','2020-10-13 14:45:09','2020-10-13 14:45:09'),(763,1,'files','2020-10-13 14:45:09','2020-10-13 14:45:09'),(764,1,'files','2020-10-13 14:45:09','2020-10-13 14:45:09'),(765,1,'files','2020-10-13 14:45:10','2020-10-13 14:45:10'),(766,1,'files','2020-10-13 14:45:10','2020-10-13 14:45:10'),(767,1,'files','2020-10-13 14:45:10','2020-10-13 14:45:10'),(768,1,'files','2020-10-13 14:45:10','2020-10-13 14:45:10'),(769,1,'files','2020-10-13 14:45:10','2020-10-13 14:45:10');
/*!40000 ALTER TABLE `logs_sync` ENABLE KEYS */;
UNLOCK TABLES;

--
-- Table structure for table `migrations`
--

DROP TABLE IF EXISTS `migrations`;
/*!40101 SET @saved_cs_client     = @@character_set_client */;
/*!40101 SET character_set_client = utf8 */;
CREATE TABLE `migrations` (
  `id` int(10) unsigned NOT NULL AUTO_INCREMENT,
  `migration` varchar(191) COLLATE utf8mb4_unicode_ci NOT NULL,
  `batch` int(11) NOT NULL,
  PRIMARY KEY (`id`)
) ENGINE=InnoDB AUTO_INCREMENT=52 DEFAULT CHARSET=utf8mb4 COLLATE=utf8mb4_unicode_ci;
/*!40101 SET character_set_client = @saved_cs_client */;

--
-- Dumping data for table `migrations`
--

LOCK TABLES `migrations` WRITE;
/*!40000 ALTER TABLE `migrations` DISABLE KEYS */;
INSERT INTO `migrations` VALUES (1,'2014_10_12_100000_create_password_resets_table',1),(2,'2018_08_08_100000_create_telescope_entries_table',1),(3,'2019_08_19_000000_create_failed_jobs_table',1),(4,'2020_03_26_220005_create_country_table',1),(5,'2020_03_26_220006_create_region_table',1),(6,'2020_03_26_220007_create_municipality_table',1),(7,'2020_03_26_220010_create_identification_type_table',1),(8,'2020_03_26_220020_create_academic_level_table',1),(9,'2020_03_26_220030_create_gender_table',1),(10,'2020_03_26_220040_create_status_table',1),(11,'2020_03_26_220050_create_user_table',1),(12,'2020_04_03_150000_create_role_table',1),(13,'2020_04_03_150001_create_user_role_table',1),(14,'2020_04_03_150002_create_item_table',1),(15,'2020_04_03_150003_create_permission_table',1),(16,'2020_04_03_150004_create_item_role_permission_table',1),(17,'2020_04_27_100050_create_origin_table',1),(18,'2020_04_27_100060_create_user_origin_table',1),(19,'2020_04_27_100070_create_category_table',1),(20,'2020_04_29_183554_create_educational_institution_type_table',1),(21,'2020_04_30_000001_create_educational_institution_table',1),(22,'2020_04_30_000002_create_course_table',1),(23,'2020_04_30_000003_create_course_educational_institution_table',1),(24,'2020_04_30_000003_create_course_institution_cohort_table',1),(25,'2020_04_30_000003_create_user_role_course_table',1),(26,'2020_05_06_000001_create_module_table',1),(27,'2020_05_06_000002_create_session_table',1),(28,'2020_05_07_000001_create_activity_type_table',1),(29,'2020_05_07_000002_create_activity_table',1),(30,'2020_05_07_000003_create_group_activity_table',1),(31,'2020_05_07_000004_create_user_group_activity_table',1),(32,'2020_05_08_000001_create_delivery_table',1),(33,'2020_05_11_000001_create_unit_table',1),(34,'2020_05_11_000002_create_goal_table',1),(35,'2020_05_11_000003_create_category_goal_table',1),(36,'2020_05_12_000001_create_competition_table',1),(37,'2020_05_14_000001_create_user_role_educational_institution_table',1),(38,'2020_05_19_000001_create_logs_table',1),(39,'2020_05_29_000001_create_criterion_table',1),(40,'2020_05_29_000002_create_criterion_activity_goal_table',1),(41,'2020_05_29_000003_create_score_table',1),(42,'2020_06_01_000001_create_custom_field_type_table',1),(43,'2020_06_01_000002_create_custom_field_table',1),(44,'2020_06_01_000003_create_custom_field_user_role_table',1),(45,'2020_06_01_000004_create_custom_field_educational_institution_table',1),(46,'2020_06_01_000005_create_custom_field_course_table',1),(47,'2020_06_04_000001_create_user_user_table',1),(48,'2020_06_05_000001_create_competition_course_table',1),(49,'2020_06_17_000001_create_log_login_table',1),(50,'2020_06_23_000001_create_institution_mac_table',1),(51,'2020_06_30_000002_create_logs_sync_table',1);
/*!40000 ALTER TABLE `migrations` ENABLE KEYS */;
UNLOCK TABLES;

--
-- Table structure for table `module`
--

DROP TABLE IF EXISTS `module`;
/*!40101 SET @saved_cs_client     = @@character_set_client */;
/*!40101 SET character_set_client = utf8 */;
CREATE TABLE `module` (
  `id` bigint(20) unsigned NOT NULL AUTO_INCREMENT,
  `course_id` bigint(20) unsigned NOT NULL,
  `name` text COLLATE utf8mb4_unicode_ci NOT NULL,
  `description` text COLLATE utf8mb4_unicode_ci NOT NULL,
  `created_at` timestamp NULL DEFAULT NULL,
  `updated_at` timestamp NULL DEFAULT NULL,
  PRIMARY KEY (`id`),
  KEY `module_course_id_index` (`course_id`),
  CONSTRAINT `module_course_id_foreign` FOREIGN KEY (`course_id`) REFERENCES `course` (`id`)
) ENGINE=InnoDB AUTO_INCREMENT=7 DEFAULT CHARSET=utf8mb4 COLLATE=utf8mb4_unicode_ci;
/*!40101 SET character_set_client = @saved_cs_client */;

--
-- Dumping data for table `module`
--

LOCK TABLES `module` WRITE;
/*!40000 ALTER TABLE `module` DISABLE KEYS */;
INSERT INTO `module` VALUES (1,2,'Módulo 1','Módulo 1','2020-10-13 14:37:23','2020-10-13 14:37:23'),(2,2,'Módulo 2','Módulo 2','2020-10-13 14:37:23','2020-10-13 14:37:23'),(3,2,'Módulo 3','Módulo 3','2020-10-13 14:37:23','2020-10-13 14:37:23'),(4,3,'Módulo 1','Módulo 1','2020-10-13 14:37:23','2020-10-13 14:37:23'),(5,3,'Módulo 2','Módulo 2','2020-10-13 14:37:23','2020-10-13 14:37:23'),(6,3,'Módulo 3','Módulo 3','2020-10-13 14:37:23','2020-10-13 14:37:23');
/*!40000 ALTER TABLE `module` ENABLE KEYS */;
UNLOCK TABLES;

--
-- Table structure for table `municipality`
--

DROP TABLE IF EXISTS `municipality`;
/*!40101 SET @saved_cs_client     = @@character_set_client */;
/*!40101 SET character_set_client = utf8 */;
CREATE TABLE `municipality` (
  `id` bigint(20) unsigned NOT NULL AUTO_INCREMENT,
  `region_id` smallint(5) unsigned NOT NULL,
  `name` varchar(191) COLLATE utf8mb4_unicode_ci NOT NULL,
  `created_at` timestamp NULL DEFAULT NULL,
  `updated_at` timestamp NULL DEFAULT NULL,
  PRIMARY KEY (`id`),
  KEY `municipality_region_id_index` (`region_id`),
  CONSTRAINT `municipality_region_id_foreign` FOREIGN KEY (`region_id`) REFERENCES `region` (`id`)
) ENGINE=InnoDB AUTO_INCREMENT=70002 DEFAULT CHARSET=utf8mb4 COLLATE=utf8mb4_unicode_ci;
/*!40101 SET character_set_client = @saved_cs_client */;

--
-- Dumping data for table `municipality`
--

LOCK TABLES `municipality` WRITE;
/*!40000 ALTER TABLE `municipality` DISABLE KEYS */;
INSERT INTO `municipality` VALUES (13001,13,'Cartagena','2020-10-13 14:37:17','2020-10-13 14:37:17'),(15238,15,'Duitama','2020-10-13 14:37:17','2020-10-13 14:37:17'),(17001,17,'Manizales','2020-10-13 14:37:17','2020-10-13 14:37:17'),(19001,19,'Popayan','2020-10-13 14:37:17','2020-10-13 14:37:17'),(23001,23,'Monteria','2020-10-13 14:37:17','2020-10-13 14:37:17'),(25307,25,'Girardot','2020-10-13 14:37:17','2020-10-13 14:37:17'),(27001,27,'Quibdo','2020-10-13 14:37:17','2020-10-13 14:37:17'),(41132,41,'CampoAlegre','2020-10-13 14:37:17','2020-10-13 14:37:17'),(47001,47,'Santa Marta','2020-10-13 14:37:17','2020-10-13 14:37:17'),(50001,50,'Villavicencio','2020-10-13 14:37:17','2020-10-13 14:37:17'),(52356,52,'Ipiales','2020-10-13 14:37:17','2020-10-13 14:37:17'),(70001,70,'Sincelejo','2020-10-13 14:37:17','2020-10-13 14:37:17');
/*!40000 ALTER TABLE `municipality` ENABLE KEYS */;
UNLOCK TABLES;

--
-- Table structure for table `origin`
--

DROP TABLE IF EXISTS `origin`;
/*!40101 SET @saved_cs_client     = @@character_set_client */;
/*!40101 SET character_set_client = utf8 */;
CREATE TABLE `origin` (
  `id` tinyint(3) unsigned NOT NULL AUTO_INCREMENT,
  `name` varchar(191) COLLATE utf8mb4_unicode_ci NOT NULL,
  `description` text COLLATE utf8mb4_unicode_ci DEFAULT NULL,
  `created_at` timestamp NULL DEFAULT NULL,
  `updated_at` timestamp NULL DEFAULT NULL,
  PRIMARY KEY (`id`)
) ENGINE=InnoDB AUTO_INCREMENT=3 DEFAULT CHARSET=utf8mb4 COLLATE=utf8mb4_unicode_ci;
/*!40101 SET character_set_client = @saved_cs_client */;

--
-- Dumping data for table `origin`
--

LOCK TABLES `origin` WRITE;
/*!40000 ALTER TABLE `origin` DISABLE KEYS */;
INSERT INTO `origin` VALUES (1,'Docentes',NULL,'2020-10-13 14:37:19','2020-10-13 14:37:19'),(2,'Estudiantes',NULL,'2020-10-13 14:37:19','2020-10-13 14:37:19');
/*!40000 ALTER TABLE `origin` ENABLE KEYS */;
UNLOCK TABLES;

--
-- Table structure for table `password_resets`
--

DROP TABLE IF EXISTS `password_resets`;
/*!40101 SET @saved_cs_client     = @@character_set_client */;
/*!40101 SET character_set_client = utf8 */;
CREATE TABLE `password_resets` (
  `email` varchar(191) COLLATE utf8mb4_unicode_ci NOT NULL,
  `token` varchar(191) COLLATE utf8mb4_unicode_ci NOT NULL,
  `created_at` timestamp NULL DEFAULT NULL,
  KEY `password_resets_email_index` (`email`)
) ENGINE=InnoDB DEFAULT CHARSET=utf8mb4 COLLATE=utf8mb4_unicode_ci;
/*!40101 SET character_set_client = @saved_cs_client */;

--
-- Dumping data for table `password_resets`
--

LOCK TABLES `password_resets` WRITE;
/*!40000 ALTER TABLE `password_resets` DISABLE KEYS */;
/*!40000 ALTER TABLE `password_resets` ENABLE KEYS */;
UNLOCK TABLES;

--
-- Table structure for table `permission`
--

DROP TABLE IF EXISTS `permission`;
/*!40101 SET @saved_cs_client     = @@character_set_client */;
/*!40101 SET character_set_client = utf8 */;
CREATE TABLE `permission` (
  `id` smallint(5) unsigned NOT NULL AUTO_INCREMENT,
  `name` varchar(100) COLLATE utf8mb4_unicode_ci NOT NULL,
  `class` varchar(200) COLLATE utf8mb4_unicode_ci DEFAULT NULL,
  `icon` varchar(100) COLLATE utf8mb4_unicode_ci DEFAULT NULL,
  `action` varchar(10) COLLATE utf8mb4_unicode_ci NOT NULL,
  `created_at` timestamp NULL DEFAULT NULL,
  `updated_at` timestamp NULL DEFAULT NULL,
  PRIMARY KEY (`id`)
) ENGINE=InnoDB AUTO_INCREMENT=5 DEFAULT CHARSET=utf8mb4 COLLATE=utf8mb4_unicode_ci;
/*!40101 SET character_set_client = @saved_cs_client */;

--
-- Dumping data for table `permission`
--

LOCK TABLES `permission` WRITE;
/*!40000 ALTER TABLE `permission` DISABLE KEYS */;
INSERT INTO `permission` VALUES (1,'Lectura',NULL,NULL,'read','2020-10-13 14:37:29','2020-10-13 14:37:29'),(2,'Crear',NULL,NULL,'create','2020-10-13 14:37:29','2020-10-13 14:37:29'),(3,'Actualizar',NULL,NULL,'update','2020-10-13 14:37:29','2020-10-13 14:37:29'),(4,'Eliminar',NULL,NULL,'delete','2020-10-13 14:37:29','2020-10-13 14:37:29');
/*!40000 ALTER TABLE `permission` ENABLE KEYS */;
UNLOCK TABLES;

--
-- Table structure for table `region`
--

DROP TABLE IF EXISTS `region`;
/*!40101 SET @saved_cs_client     = @@character_set_client */;
/*!40101 SET character_set_client = utf8 */;
CREATE TABLE `region` (
  `id` smallint(5) unsigned NOT NULL AUTO_INCREMENT,
  `country_id` bigint(20) unsigned NOT NULL,
  `name` varchar(191) COLLATE utf8mb4_unicode_ci NOT NULL,
  `created_at` timestamp NULL DEFAULT NULL,
  `updated_at` timestamp NULL DEFAULT NULL,
  PRIMARY KEY (`id`),
  KEY `region_country_id_index` (`country_id`),
  CONSTRAINT `region_country_id_foreign` FOREIGN KEY (`country_id`) REFERENCES `country` (`id`)
) ENGINE=InnoDB AUTO_INCREMENT=71 DEFAULT CHARSET=utf8mb4 COLLATE=utf8mb4_unicode_ci;
/*!40101 SET character_set_client = @saved_cs_client */;

--
-- Dumping data for table `region`
--

LOCK TABLES `region` WRITE;
/*!40000 ALTER TABLE `region` DISABLE KEYS */;
INSERT INTO `region` VALUES (13,57,'BOLIVAR','2020-10-13 14:37:17','2020-10-13 14:37:17'),(15,57,'BOYACA','2020-10-13 14:37:17','2020-10-13 14:37:17'),(17,57,'CALDAS','2020-10-13 14:37:17','2020-10-13 14:37:17'),(19,57,'CAUCA','2020-10-13 14:37:17','2020-10-13 14:37:17'),(23,57,'CORDOBA','2020-10-13 14:37:17','2020-10-13 14:37:17'),(25,57,'CUNDINAMARCA','2020-10-13 14:37:17','2020-10-13 14:37:17'),(27,57,'CHOCO','2020-10-13 14:37:17','2020-10-13 14:37:17'),(41,57,'HUILA','2020-10-13 14:37:17','2020-10-13 14:37:17'),(47,57,'MAGDALENA','2020-10-13 14:37:17','2020-10-13 14:37:17'),(50,57,'META','2020-10-13 14:37:17','2020-10-13 14:37:17'),(52,57,'NARIÑO','2020-10-13 14:37:17','2020-10-13 14:37:17'),(70,57,'SUCRE','2020-10-13 14:37:17','2020-10-13 14:37:17');
/*!40000 ALTER TABLE `region` ENABLE KEYS */;
UNLOCK TABLES;

--
-- Table structure for table `role`
--

DROP TABLE IF EXISTS `role`;
/*!40101 SET @saved_cs_client     = @@character_set_client */;
/*!40101 SET character_set_client = utf8 */;
CREATE TABLE `role` (
  `id` smallint(5) unsigned NOT NULL AUTO_INCREMENT,
  `status_id` tinyint(3) unsigned NOT NULL,
  `name` varchar(191) COLLATE utf8mb4_unicode_ci NOT NULL,
  `created_at` timestamp NULL DEFAULT NULL,
  `updated_at` timestamp NULL DEFAULT NULL,
  PRIMARY KEY (`id`),
  KEY `role_status_id_index` (`status_id`),
  CONSTRAINT `role_status_id_foreign` FOREIGN KEY (`status_id`) REFERENCES `status` (`id`)
) ENGINE=InnoDB AUTO_INCREMENT=9 DEFAULT CHARSET=utf8mb4 COLLATE=utf8mb4_unicode_ci;
/*!40101 SET character_set_client = @saved_cs_client */;

--
-- Dumping data for table `role`
--

LOCK TABLES `role` WRITE;
/*!40000 ALTER TABLE `role` DISABLE KEYS */;
INSERT INTO `role` VALUES (1,1,'Administrador','2020-10-13 14:37:19','2020-10-13 14:37:19'),(2,1,'Apoyo Logístico','2020-10-13 14:37:19','2020-10-13 14:37:19'),(3,1,'Auditor o Interventor','2020-10-13 14:37:19','2020-10-13 14:37:19'),(4,1,'Docente','2020-10-13 14:37:19','2020-10-13 14:37:19'),(5,1,'Estudiante','2020-10-13 14:37:19','2020-10-13 14:37:19'),(6,1,'Gerente','2020-10-13 14:37:19','2020-10-13 14:37:19'),(7,1,'Líder pedagógico','2020-10-13 14:37:19','2020-10-13 14:37:19'),(8,1,'Padre de familia','2020-10-13 14:37:19','2020-10-13 14:37:19');
/*!40000 ALTER TABLE `role` ENABLE KEYS */;
UNLOCK TABLES;

--
-- Table structure for table `score`
--

DROP TABLE IF EXISTS `score`;
/*!40101 SET @saved_cs_client     = @@character_set_client */;
/*!40101 SET character_set_client = utf8 */;
CREATE TABLE `score` (
  `id` bigint(20) unsigned NOT NULL AUTO_INCREMENT,
  `delivery_id` bigint(20) unsigned NOT NULL,
  `criterion_activity_goal_id` bigint(20) unsigned DEFAULT NULL,
  `user_role_course_id` bigint(20) unsigned DEFAULT NULL,
  `score` decimal(8,2) NOT NULL,
  `observation` text COLLATE utf8mb4_unicode_ci DEFAULT NULL,
  `created_at` timestamp NULL DEFAULT NULL,
  `updated_at` timestamp NULL DEFAULT NULL,
  PRIMARY KEY (`id`),
  KEY `score_delivery_id_index` (`delivery_id`),
  KEY `score_criterion_activity_goal_id_index` (`criterion_activity_goal_id`),
  KEY `score_user_role_course_id_index` (`user_role_course_id`),
  CONSTRAINT `score_criterion_activity_goal_id_foreign` FOREIGN KEY (`criterion_activity_goal_id`) REFERENCES `criterion_activity_goal` (`id`),
  CONSTRAINT `score_delivery_id_foreign` FOREIGN KEY (`delivery_id`) REFERENCES `delivery` (`id`),
  CONSTRAINT `score_user_role_course_id_foreign` FOREIGN KEY (`user_role_course_id`) REFERENCES `user_role_course` (`id`)
) ENGINE=InnoDB AUTO_INCREMENT=340 DEFAULT CHARSET=utf8mb4 COLLATE=utf8mb4_unicode_ci;
/*!40101 SET character_set_client = @saved_cs_client */;

--
-- Dumping data for table `score`
--

LOCK TABLES `score` WRITE;
/*!40000 ALTER TABLE `score` DISABLE KEYS */;
INSERT INTO `score` VALUES (1,1,9,274,100.00,NULL,'2020-10-13 14:40:31','2020-10-13 14:40:31'),(2,1,1,274,100.00,NULL,'2020-10-13 14:40:31','2020-10-13 14:40:31'),(3,1,6,274,65.00,NULL,'2020-10-13 14:40:31','2020-10-13 14:40:31'),(4,4,1,278,100.00,NULL,'2020-10-13 14:40:31','2020-10-13 14:40:31'),(5,2,9,265,100.00,NULL,'2020-10-13 14:40:32','2020-10-13 14:40:32'),(6,2,6,265,65.00,NULL,'2020-10-13 14:40:32','2020-10-13 14:40:32'),(7,2,1,265,100.00,NULL,'2020-10-13 14:40:32','2020-10-13 14:40:32'),(8,4,5,278,100.00,NULL,'2020-10-13 14:40:32','2020-10-13 14:40:32'),(9,4,10,278,65.00,NULL,'2020-10-13 14:40:32','2020-10-13 14:40:32'),(10,3,14,265,65.00,NULL,'2020-10-13 14:40:32','2020-10-13 14:40:32'),(11,5,16,269,0.00,NULL,'2020-10-13 14:40:32','2020-10-13 14:40:32'),(12,7,17,270,100.00,'esto es prueba','2020-10-13 14:40:32','2020-10-13 14:40:32'),(13,7,21,270,100.00,'esto es otra prueba','2020-10-13 14:40:32','2020-10-13 14:40:32'),(14,6,13,278,100.00,NULL,'2020-10-13 14:40:32','2020-10-13 14:40:32'),(15,8,18,265,65.00,NULL,'2020-10-13 14:40:32','2020-10-13 14:40:32'),(16,8,23,265,30.00,NULL,'2020-10-13 14:40:32','2020-10-13 14:40:32'),(17,9,23,278,30.00,NULL,'2020-10-13 14:40:32','2020-10-13 14:40:32'),(18,9,18,278,65.00,NULL,'2020-10-13 14:40:32','2020-10-13 14:40:32'),(19,12,25,265,100.00,NULL,'2020-10-13 14:40:32','2020-10-13 14:40:32'),(20,18,26,278,65.00,NULL,'2020-10-13 14:40:32','2020-10-13 14:40:32'),(21,13,29,270,100.00,NULL,'2020-10-13 14:40:32','2020-10-13 14:40:32'),(22,14,29,265,100.00,NULL,'2020-10-13 14:40:32','2020-10-13 14:40:32'),(23,15,29,278,100.00,NULL,'2020-10-13 14:40:32','2020-10-13 14:40:32'),(24,17,33,278,100.00,NULL,'2020-10-13 14:40:32','2020-10-13 14:40:32'),(25,16,34,265,65.00,NULL,'2020-10-13 14:40:32','2020-10-13 14:40:32'),(26,16,37,265,100.00,NULL,'2020-10-13 14:40:32','2020-10-13 14:40:32'),(27,17,38,278,65.00,NULL,'2020-10-13 14:40:32','2020-10-13 14:40:32'),(28,20,41,278,100.00,NULL,'2020-10-13 14:40:32','2020-10-13 14:40:32'),(29,19,41,265,100.00,NULL,'2020-10-13 14:40:32','2020-10-13 14:40:32'),(30,19,46,265,65.00,NULL,'2020-10-13 14:40:32','2020-10-13 14:40:32'),(31,20,45,278,100.00,NULL,'2020-10-13 14:40:32','2020-10-13 14:40:32'),(32,21,50,265,65.00,NULL,'2020-10-13 14:40:32','2020-10-13 14:40:32'),(33,21,53,265,100.00,NULL,'2020-10-13 14:40:32','2020-10-13 14:40:32'),(34,23,49,278,100.00,NULL,'2020-10-13 14:40:32','2020-10-13 14:40:32'),(35,23,54,278,65.00,NULL,'2020-10-13 14:40:32','2020-10-13 14:40:32'),(36,22,58,265,65.00,NULL,'2020-10-13 14:40:32','2020-10-13 14:40:32'),(37,24,57,278,100.00,NULL,'2020-10-13 14:40:32','2020-10-13 14:40:32'),(38,26,62,278,65.00,NULL,'2020-10-13 14:40:32','2020-10-13 14:40:32'),(39,25,62,265,65.00,NULL,'2020-10-13 14:40:32','2020-10-13 14:40:32'),(40,30,66,265,65.00,NULL,'2020-10-13 14:40:33','2020-10-13 14:40:33'),(41,30,69,265,100.00,NULL,'2020-10-13 14:40:33','2020-10-13 14:40:33'),(42,30,73,265,100.00,NULL,'2020-10-13 14:40:33','2020-10-13 14:40:33'),(43,32,65,278,100.00,NULL,'2020-10-13 14:40:33','2020-10-13 14:40:33'),(44,32,69,278,100.00,NULL,'2020-10-13 14:40:33','2020-10-13 14:40:33'),(45,32,73,278,100.00,NULL,'2020-10-13 14:40:33','2020-10-13 14:40:33'),(46,31,78,270,65.00,NULL,'2020-10-13 14:40:33','2020-10-13 14:40:33'),(47,31,82,270,65.00,NULL,'2020-10-13 14:40:33','2020-10-13 14:40:33'),(48,31,86,270,65.00,NULL,'2020-10-13 14:40:33','2020-10-13 14:40:33'),(49,33,77,265,100.00,NULL,'2020-10-13 14:40:33','2020-10-13 14:40:33'),(50,33,82,265,65.00,NULL,'2020-10-13 14:40:33','2020-10-13 14:40:33'),(51,33,87,265,30.00,NULL,'2020-10-13 14:40:33','2020-10-13 14:40:33'),(52,34,81,278,100.00,NULL,'2020-10-13 14:40:33','2020-10-13 14:40:33'),(53,34,77,278,100.00,NULL,'2020-10-13 14:40:33','2020-10-13 14:40:33'),(54,35,89,270,100.00,NULL,'2020-10-13 14:40:33','2020-10-13 14:40:33'),(55,37,90,265,65.00,NULL,'2020-10-13 14:40:33','2020-10-13 14:40:33'),(56,34,85,278,100.00,NULL,'2020-10-13 14:40:33','2020-10-13 14:40:33'),(57,35,94,270,65.00,NULL,'2020-10-13 14:40:33','2020-10-13 14:40:33'),(58,37,93,265,100.00,NULL,'2020-10-13 14:40:33','2020-10-13 14:40:33'),(59,36,89,278,100.00,NULL,'2020-10-13 14:40:33','2020-10-13 14:40:33'),(60,38,98,270,65.00,NULL,'2020-10-13 14:40:33','2020-10-13 14:40:33'),(61,36,93,278,100.00,NULL,'2020-10-13 14:40:33','2020-10-13 14:40:33'),(62,38,101,270,100.00,NULL,'2020-10-13 14:40:33','2020-10-13 14:40:33'),(63,39,97,265,100.00,NULL,'2020-10-13 14:40:33','2020-10-13 14:40:33'),(64,40,97,278,100.00,NULL,'2020-10-13 14:40:33','2020-10-13 14:40:33'),(65,39,101,265,100.00,NULL,'2020-10-13 14:40:33','2020-10-13 14:40:33'),(66,40,101,278,100.00,NULL,'2020-10-13 14:40:33','2020-10-13 14:40:33'),(67,41,110,265,65.00,NULL,'2020-10-13 14:40:33','2020-10-13 14:40:33'),(68,41,105,265,100.00,NULL,'2020-10-13 14:40:33','2020-10-13 14:40:33'),(69,43,105,278,100.00,NULL,'2020-10-13 14:40:33','2020-10-13 14:40:33'),(70,43,109,278,100.00,NULL,'2020-10-13 14:40:34','2020-10-13 14:40:34'),(71,44,113,265,100.00,NULL,'2020-10-13 14:40:34','2020-10-13 14:40:34'),(72,42,113,278,100.00,NULL,'2020-10-13 14:40:34','2020-10-13 14:40:34'),(73,46,117,270,100.00,NULL,'2020-10-13 14:40:34','2020-10-13 14:40:34'),(74,47,117,265,100.00,NULL,'2020-10-13 14:40:34','2020-10-13 14:40:34'),(75,45,117,278,100.00,NULL,'2020-10-13 14:40:34','2020-10-13 14:40:34'),(76,49,121,269,100.00,NULL,'2020-10-13 14:40:34','2020-10-13 14:40:34'),(77,51,125,269,100.00,NULL,'2020-10-13 14:40:34','2020-10-13 14:40:34'),(78,52,135,269,30.00,NULL,'2020-10-13 14:40:34','2020-10-13 14:40:34'),(79,53,131,269,30.00,NULL,'2020-10-13 14:40:34','2020-10-13 14:40:34'),(80,55,143,269,30.00,NULL,'2020-10-13 14:40:34','2020-10-13 14:40:34'),(81,55,137,269,100.00,NULL,'2020-10-13 14:40:34','2020-10-13 14:40:34'),(82,56,157,269,100.00,NULL,'2020-10-13 14:40:34','2020-10-13 14:40:34'),(83,54,146,269,65.00,NULL,'2020-10-13 14:40:34','2020-10-13 14:40:34'),(84,56,162,269,65.00,NULL,'2020-10-13 14:40:34','2020-10-13 14:40:34'),(85,58,165,269,100.00,NULL,'2020-10-13 14:40:34','2020-10-13 14:40:34'),(86,58,171,269,30.00,NULL,'2020-10-13 14:40:34','2020-10-13 14:40:34'),(87,63,206,269,65.00,NULL,'2020-10-13 14:40:34','2020-10-13 14:40:34'),(88,57,181,269,100.00,NULL,'2020-10-13 14:40:34','2020-10-13 14:40:34'),(89,58,173,269,100.00,NULL,'2020-10-13 14:40:34','2020-10-13 14:40:34'),(90,58,180,269,0.00,NULL,'2020-10-13 14:40:34','2020-10-13 14:40:34'),(91,59,186,269,65.00,NULL,'2020-10-13 14:40:34','2020-10-13 14:40:34'),(92,60,194,269,65.00,NULL,'2020-10-13 14:40:34','2020-10-13 14:40:34'),(93,61,197,269,100.00,NULL,'2020-10-13 14:40:34','2020-10-13 14:40:34'),(94,60,189,269,100.00,NULL,'2020-10-13 14:40:34','2020-10-13 14:40:34'),(95,64,211,269,30.00,NULL,'2020-10-13 14:40:34','2020-10-13 14:40:34'),(96,62,202,269,65.00,NULL,'2020-10-13 14:40:34','2020-10-13 14:40:34'),(97,65,213,269,100.00,NULL,'2020-10-13 14:40:34','2020-10-13 14:40:34'),(98,67,223,269,30.00,NULL,'2020-10-13 14:40:34','2020-10-13 14:40:34'),(99,67,218,269,65.00,NULL,'2020-10-13 14:40:34','2020-10-13 14:40:34'),(100,68,225,269,100.00,NULL,'2020-10-13 14:40:34','2020-10-13 14:40:34'),(101,69,230,269,65.00,NULL,'2020-10-13 14:40:35','2020-10-13 14:40:35'),(102,70,234,269,65.00,NULL,'2020-10-13 14:40:35','2020-10-13 14:40:35'),(103,71,237,269,100.00,NULL,'2020-10-13 14:40:35','2020-10-13 14:40:35'),(104,73,245,269,100.00,NULL,'2020-10-13 14:40:35','2020-10-13 14:40:35'),(105,72,242,269,65.00,NULL,'2020-10-13 14:40:35','2020-10-13 14:40:35'),(106,75,249,269,100.00,NULL,'2020-10-13 14:40:35','2020-10-13 14:40:35'),(107,75,254,269,65.00,NULL,'2020-10-13 14:40:35','2020-10-13 14:40:35'),(108,74,249,278,100.00,NULL,'2020-10-13 14:40:35','2020-10-13 14:40:35'),(109,74,254,278,65.00,NULL,'2020-10-13 14:40:35','2020-10-13 14:40:35'),(110,76,258,269,65.00,NULL,'2020-10-13 14:40:35','2020-10-13 14:40:35'),(111,77,257,278,100.00,NULL,'2020-10-13 14:40:35','2020-10-13 14:40:35'),(112,79,262,278,65.00,NULL,'2020-10-13 14:40:35','2020-10-13 14:40:35'),(113,81,265,278,100.00,NULL,'2020-10-13 14:40:35','2020-10-13 14:40:35'),(114,84,273,278,0.00,NULL,'2020-10-13 14:40:35','2020-10-13 14:40:35'),(115,78,269,278,100.00,NULL,'2020-10-13 14:40:35','2020-10-13 14:40:35'),(116,83,277,278,100.00,NULL,'2020-10-13 14:40:35','2020-10-13 14:40:35'),(117,86,285,278,100.00,NULL,'2020-10-13 14:40:35','2020-10-13 14:40:35'),(118,85,282,278,65.00,NULL,'2020-10-13 14:40:35','2020-10-13 14:40:35'),(119,88,289,278,100.00,NULL,'2020-10-13 14:40:35','2020-10-13 14:40:35'),(120,90,293,278,100.00,NULL,'2020-10-13 14:40:35','2020-10-13 14:40:35'),(121,92,310,278,65.00,NULL,'2020-10-13 14:40:35','2020-10-13 14:40:35'),(122,91,301,278,100.00,NULL,'2020-10-13 14:40:35','2020-10-13 14:40:35'),(123,90,298,278,65.00,NULL,'2020-10-13 14:40:35','2020-10-13 14:40:35'),(124,92,305,278,100.00,NULL,'2020-10-13 14:40:35','2020-10-13 14:40:35'),(125,92,313,278,100.00,NULL,'2020-10-13 14:40:35','2020-10-13 14:40:35'),(126,93,317,278,100.00,NULL,'2020-10-13 14:40:35','2020-10-13 14:40:35'),(127,95,329,278,100.00,NULL,'2020-10-13 14:40:35','2020-10-13 14:40:35'),(128,93,321,278,100.00,NULL,'2020-10-13 14:40:36','2020-10-13 14:40:36'),(129,94,325,278,100.00,NULL,'2020-10-13 14:40:36','2020-10-13 14:40:36'),(130,97,333,278,100.00,NULL,'2020-10-13 14:40:36','2020-10-13 14:40:36'),(131,96,337,278,100.00,NULL,'2020-10-13 14:40:36','2020-10-13 14:40:36'),(132,98,342,278,65.00,NULL,'2020-10-13 14:40:36','2020-10-13 14:40:36'),(133,100,353,278,100.00,NULL,'2020-10-13 14:40:36','2020-10-13 14:40:36'),(134,101,346,278,65.00,NULL,'2020-10-13 14:40:36','2020-10-13 14:40:36'),(135,102,359,278,30.00,NULL,'2020-10-13 14:40:36','2020-10-13 14:40:36'),(136,99,350,278,65.00,NULL,'2020-10-13 14:40:36','2020-10-13 14:40:36'),(137,103,366,278,65.00,NULL,'2020-10-13 14:40:36','2020-10-13 14:40:36'),(138,104,361,278,100.00,NULL,'2020-10-13 14:40:36','2020-10-13 14:40:36'),(139,105,370,278,65.00,NULL,'2020-10-13 14:40:36','2020-10-13 14:40:36'),(140,109,377,278,100.00,NULL,'2020-10-13 14:40:36','2020-10-13 14:40:36'),(141,106,373,278,100.00,NULL,'2020-10-13 14:40:36','2020-10-13 14:40:36'),(142,107,383,289,30.00,NULL,'2020-10-13 14:40:36','2020-10-13 14:40:36'),(143,107,386,289,65.00,NULL,'2020-10-13 14:40:36','2020-10-13 14:40:36'),(144,107,391,289,30.00,NULL,'2020-10-13 14:40:36','2020-10-13 14:40:36'),(145,108,388,291,0.00,NULL,'2020-10-13 14:40:36','2020-10-13 14:40:36'),(146,108,383,291,30.00,NULL,'2020-10-13 14:40:36','2020-10-13 14:40:36'),(147,108,392,291,0.00,NULL,'2020-10-13 14:40:36','2020-10-13 14:40:36'),(148,110,384,288,0.00,NULL,'2020-10-13 14:40:36','2020-10-13 14:40:36'),(149,110,392,288,0.00,NULL,'2020-10-13 14:40:36','2020-10-13 14:40:36'),(150,110,388,288,0.00,NULL,'2020-10-13 14:40:36','2020-10-13 14:40:36'),(151,111,381,292,100.00,NULL,'2020-10-13 14:40:36','2020-10-13 14:40:36'),(152,111,385,292,100.00,NULL,'2020-10-13 14:40:36','2020-10-13 14:40:36'),(153,111,390,292,65.00,NULL,'2020-10-13 14:40:36','2020-10-13 14:40:36'),(154,112,386,297,65.00,NULL,'2020-10-13 14:40:36','2020-10-13 14:40:36'),(155,112,382,297,65.00,NULL,'2020-10-13 14:40:36','2020-10-13 14:40:36'),(156,112,389,297,100.00,NULL,'2020-10-13 14:40:37','2020-10-13 14:40:37'),(157,115,396,291,0.00,NULL,'2020-10-13 14:40:37','2020-10-13 14:40:37'),(158,113,395,288,30.00,NULL,'2020-10-13 14:40:37','2020-10-13 14:40:37'),(159,114,393,289,100.00,NULL,'2020-10-13 14:40:37','2020-10-13 14:40:37'),(160,119,395,297,30.00,NULL,'2020-10-13 14:40:37','2020-10-13 14:40:37'),(161,116,393,292,100.00,NULL,'2020-10-13 14:40:37','2020-10-13 14:40:37'),(162,117,397,299,100.00,NULL,'2020-10-13 14:40:37','2020-10-13 14:40:37'),(163,117,405,299,100.00,NULL,'2020-10-13 14:40:37','2020-10-13 14:40:37'),(164,117,402,299,65.00,NULL,'2020-10-13 14:40:37','2020-10-13 14:40:37'),(165,117,410,299,65.00,NULL,'2020-10-13 14:40:37','2020-10-13 14:40:37'),(166,120,400,289,0.00,NULL,'2020-10-13 14:40:37','2020-10-13 14:40:37'),(167,120,403,289,30.00,NULL,'2020-10-13 14:40:37','2020-10-13 14:40:37'),(168,120,408,289,0.00,NULL,'2020-10-13 14:40:37','2020-10-13 14:40:37'),(169,120,411,289,30.00,NULL,'2020-10-13 14:40:37','2020-10-13 14:40:37'),(170,121,397,291,100.00,NULL,'2020-10-13 14:40:37','2020-10-13 14:40:37'),(171,121,407,291,30.00,NULL,'2020-10-13 14:40:37','2020-10-13 14:40:37'),(172,121,404,291,0.00,NULL,'2020-10-13 14:40:37','2020-10-13 14:40:37'),(173,118,399,288,30.00,NULL,'2020-10-13 14:40:37','2020-10-13 14:40:37'),(174,121,412,291,0.00,NULL,'2020-10-13 14:40:37','2020-10-13 14:40:37'),(175,118,402,288,65.00,NULL,'2020-10-13 14:40:37','2020-10-13 14:40:37'),(176,118,407,288,30.00,NULL,'2020-10-13 14:40:37','2020-10-13 14:40:37'),(177,118,410,288,65.00,NULL,'2020-10-13 14:40:37','2020-10-13 14:40:37'),(178,122,405,292,100.00,NULL,'2020-10-13 14:40:37','2020-10-13 14:40:37'),(179,122,397,292,100.00,NULL,'2020-10-13 14:40:37','2020-10-13 14:40:37'),(180,122,402,292,65.00,NULL,'2020-10-13 14:40:37','2020-10-13 14:40:37'),(181,122,410,292,65.00,NULL,'2020-10-13 14:40:37','2020-10-13 14:40:37'),(182,123,397,297,100.00,NULL,'2020-10-13 14:40:37','2020-10-13 14:40:37'),(183,123,406,297,65.00,NULL,'2020-10-13 14:40:38','2020-10-13 14:40:38'),(184,125,414,299,65.00,NULL,'2020-10-13 14:40:38','2020-10-13 14:40:38'),(185,123,402,297,65.00,NULL,'2020-10-13 14:40:38','2020-10-13 14:40:38'),(186,123,411,297,30.00,NULL,'2020-10-13 14:40:38','2020-10-13 14:40:38'),(187,125,418,299,65.00,NULL,'2020-10-13 14:40:38','2020-10-13 14:40:38'),(188,125,422,299,65.00,NULL,'2020-10-13 14:40:38','2020-10-13 14:40:38'),(189,125,426,299,65.00,NULL,'2020-10-13 14:40:38','2020-10-13 14:40:38'),(190,124,419,289,30.00,NULL,'2020-10-13 14:40:38','2020-10-13 14:40:38'),(191,124,414,289,65.00,NULL,'2020-10-13 14:40:38','2020-10-13 14:40:38'),(192,124,428,289,0.00,NULL,'2020-10-13 14:40:38','2020-10-13 14:40:38'),(193,124,422,289,65.00,NULL,'2020-10-13 14:40:38','2020-10-13 14:40:38'),(194,126,415,291,30.00,NULL,'2020-10-13 14:40:38','2020-10-13 14:40:38'),(195,126,420,291,0.00,NULL,'2020-10-13 14:40:38','2020-10-13 14:40:38'),(196,126,423,291,30.00,NULL,'2020-10-13 14:40:38','2020-10-13 14:40:38'),(197,126,427,291,30.00,NULL,'2020-10-13 14:40:38','2020-10-13 14:40:38'),(198,127,418,288,65.00,NULL,'2020-10-13 14:40:38','2020-10-13 14:40:38'),(199,127,413,288,100.00,NULL,'2020-10-13 14:40:38','2020-10-13 14:40:38'),(200,127,427,288,30.00,NULL,'2020-10-13 14:40:38','2020-10-13 14:40:38'),(201,127,421,288,100.00,NULL,'2020-10-13 14:40:38','2020-10-13 14:40:38'),(202,129,417,292,100.00,NULL,'2020-10-13 14:40:38','2020-10-13 14:40:38'),(203,129,413,292,100.00,NULL,'2020-10-13 14:40:38','2020-10-13 14:40:38'),(204,129,426,292,65.00,NULL,'2020-10-13 14:40:38','2020-10-13 14:40:38'),(205,128,414,297,65.00,NULL,'2020-10-13 14:40:38','2020-10-13 14:40:38'),(206,129,422,292,65.00,NULL,'2020-10-13 14:40:38','2020-10-13 14:40:38'),(207,128,417,297,100.00,NULL,'2020-10-13 14:40:38','2020-10-13 14:40:38'),(208,128,421,297,100.00,NULL,'2020-10-13 14:40:38','2020-10-13 14:40:38'),(209,128,425,297,100.00,NULL,'2020-10-13 14:40:38','2020-10-13 14:40:38'),(210,130,429,299,100.00,NULL,'2020-10-13 14:40:39','2020-10-13 14:40:39'),(211,131,431,289,30.00,NULL,'2020-10-13 14:40:39','2020-10-13 14:40:39'),(212,134,429,288,100.00,NULL,'2020-10-13 14:40:39','2020-10-13 14:40:39'),(213,132,429,291,100.00,NULL,'2020-10-13 14:40:39','2020-10-13 14:40:39'),(214,133,429,292,100.00,NULL,'2020-10-13 14:40:39','2020-10-13 14:40:39'),(215,135,429,297,100.00,NULL,'2020-10-13 14:40:39','2020-10-13 14:40:39'),(216,136,436,299,0.00,NULL,'2020-10-13 14:40:39','2020-10-13 14:40:39'),(217,136,439,299,30.00,NULL,'2020-10-13 14:40:39','2020-10-13 14:40:39'),(218,137,437,289,100.00,NULL,'2020-10-13 14:40:39','2020-10-13 14:40:39'),(219,137,434,289,65.00,NULL,'2020-10-13 14:40:39','2020-10-13 14:40:39'),(220,138,433,291,100.00,NULL,'2020-10-13 14:40:39','2020-10-13 14:40:39'),(221,138,438,291,65.00,NULL,'2020-10-13 14:40:39','2020-10-13 14:40:39'),(222,140,435,288,30.00,NULL,'2020-10-13 14:40:39','2020-10-13 14:40:39'),(223,140,438,288,65.00,NULL,'2020-10-13 14:40:39','2020-10-13 14:40:39'),(224,139,435,292,30.00,NULL,'2020-10-13 14:40:39','2020-10-13 14:40:39'),(225,139,438,292,65.00,NULL,'2020-10-13 14:40:39','2020-10-13 14:40:39'),(226,141,434,297,65.00,NULL,'2020-10-13 14:40:39','2020-10-13 14:40:39'),(227,142,446,292,65.00,NULL,'2020-10-13 14:40:39','2020-10-13 14:40:39'),(228,141,439,297,30.00,NULL,'2020-10-13 14:40:39','2020-10-13 14:40:39'),(229,142,441,292,100.00,NULL,'2020-10-13 14:40:39','2020-10-13 14:40:39'),(230,142,449,292,100.00,NULL,'2020-10-13 14:40:39','2020-10-13 14:40:39'),(231,143,441,297,100.00,NULL,'2020-10-13 14:40:39','2020-10-13 14:40:39'),(232,142,454,292,65.00,NULL,'2020-10-13 14:40:39','2020-10-13 14:40:39'),(233,143,450,297,65.00,NULL,'2020-10-13 14:40:39','2020-10-13 14:40:39'),(234,143,446,297,65.00,NULL,'2020-10-13 14:40:39','2020-10-13 14:40:39'),(235,143,454,297,65.00,NULL,'2020-10-13 14:40:39','2020-10-13 14:40:39'),(236,144,457,292,100.00,NULL,'2020-10-13 14:40:39','2020-10-13 14:40:39'),(237,146,461,292,100.00,'sdfjkhdsf k','2020-10-13 14:40:39','2020-10-13 14:40:39'),(238,147,462,289,65.00,NULL,'2020-10-13 14:40:39','2020-10-13 14:40:39'),(239,145,457,297,100.00,NULL,'2020-10-13 14:40:39','2020-10-13 14:40:39'),(240,146,465,292,100.00,'sdfkj jsdkljfkl s','2020-10-13 14:40:39','2020-10-13 14:40:39'),(241,149,466,297,65.00,NULL,'2020-10-13 14:40:40','2020-10-13 14:40:40'),(242,150,475,297,30.00,NULL,'2020-10-13 14:40:40','2020-10-13 14:40:40'),(243,148,474,292,65.00,NULL,'2020-10-13 14:40:40','2020-10-13 14:40:40'),(244,149,461,297,100.00,NULL,'2020-10-13 14:40:40','2020-10-13 14:40:40'),(245,152,478,292,65.00,NULL,'2020-10-13 14:40:40','2020-10-13 14:40:40'),(246,148,469,292,100.00,NULL,'2020-10-13 14:40:40','2020-10-13 14:40:40'),(247,147,467,289,30.00,NULL,'2020-10-13 14:40:40','2020-10-13 14:40:40'),(248,150,470,297,65.00,NULL,'2020-10-13 14:40:40','2020-10-13 14:40:40'),(249,152,481,292,100.00,NULL,'2020-10-13 14:40:40','2020-10-13 14:40:40'),(250,152,486,292,65.00,NULL,'2020-10-13 14:40:40','2020-10-13 14:40:40'),(251,151,479,297,30.00,NULL,'2020-10-13 14:40:40','2020-10-13 14:40:40'),(252,153,489,289,100.00,NULL,'2020-10-13 14:40:40','2020-10-13 14:40:40'),(253,151,482,297,65.00,NULL,'2020-10-13 14:40:40','2020-10-13 14:40:40'),(254,151,488,297,0.00,NULL,'2020-10-13 14:40:40','2020-10-13 14:40:40'),(255,154,490,292,65.00,NULL,'2020-10-13 14:40:40','2020-10-13 14:40:40'),(256,155,489,297,100.00,NULL,'2020-10-13 14:40:40','2020-10-13 14:40:40'),(257,157,494,297,65.00,NULL,'2020-10-13 14:40:40','2020-10-13 14:40:40'),(258,156,493,292,100.00,NULL,'2020-10-13 14:40:40','2020-10-13 14:40:40'),(259,156,498,292,65.00,NULL,'2020-10-13 14:40:40','2020-10-13 14:40:40'),(260,157,498,297,65.00,NULL,'2020-10-13 14:40:40','2020-10-13 14:40:40'),(261,159,502,292,65.00,NULL,'2020-10-13 14:40:40','2020-10-13 14:40:40'),(262,159,507,292,30.00,NULL,'2020-10-13 14:40:40','2020-10-13 14:40:40'),(263,158,501,297,100.00,NULL,'2020-10-13 14:40:40','2020-10-13 14:40:40'),(264,159,509,292,100.00,NULL,'2020-10-13 14:40:40','2020-10-13 14:40:40'),(265,158,506,297,65.00,NULL,'2020-10-13 14:40:40','2020-10-13 14:40:40'),(266,158,510,297,65.00,NULL,'2020-10-13 14:40:40','2020-10-13 14:40:40'),(267,160,513,299,100.00,NULL,'2020-10-13 14:40:40','2020-10-13 14:40:40'),(268,164,526,299,65.00,NULL,'2020-10-13 14:40:40','2020-10-13 14:40:40'),(269,160,517,299,100.00,NULL,'2020-10-13 14:40:40','2020-10-13 14:40:40'),(270,160,521,299,100.00,NULL,'2020-10-13 14:40:40','2020-10-13 14:40:40'),(271,164,530,299,65.00,NULL,'2020-10-13 14:40:40','2020-10-13 14:40:40'),(272,161,533,299,100.00,NULL,'2020-10-13 14:40:40','2020-10-13 14:40:40'),(273,162,538,299,65.00,NULL,'2020-10-13 14:40:40','2020-10-13 14:40:40'),(274,163,546,299,65.00,NULL,'2020-10-13 14:40:40','2020-10-13 14:40:40'),(275,162,542,299,65.00,NULL,'2020-10-13 14:40:40','2020-10-13 14:40:40'),(276,165,550,299,65.00,NULL,'2020-10-13 14:40:40','2020-10-13 14:40:40'),(277,166,558,299,65.00,NULL,'2020-10-13 14:40:40','2020-10-13 14:40:40'),(278,166,553,299,100.00,NULL,'2020-10-13 14:40:40','2020-10-13 14:40:40'),(279,168,561,299,100.00,NULL,'2020-10-13 14:40:40','2020-10-13 14:40:40'),(280,168,569,299,100.00,NULL,'2020-10-13 14:40:40','2020-10-13 14:40:40'),(281,168,566,299,65.00,NULL,'2020-10-13 14:40:41','2020-10-13 14:40:41'),(282,171,578,299,65.00,NULL,'2020-10-13 14:40:41','2020-10-13 14:40:41'),(283,170,574,299,65.00,NULL,'2020-10-13 14:40:41','2020-10-13 14:40:41'),(284,171,582,299,65.00,NULL,'2020-10-13 14:40:41','2020-10-13 14:40:41'),(285,172,590,299,65.00,NULL,'2020-10-13 14:40:41','2020-10-13 14:40:41'),(286,171,585,299,100.00,NULL,'2020-10-13 14:40:41','2020-10-13 14:40:41'),(287,172,593,299,100.00,NULL,'2020-10-13 14:40:41','2020-10-13 14:40:41'),(288,174,606,299,65.00,NULL,'2020-10-13 14:40:41','2020-10-13 14:40:41'),(289,172,597,299,100.00,NULL,'2020-10-13 14:40:41','2020-10-13 14:40:41'),(290,173,602,299,65.00,NULL,'2020-10-13 14:40:41','2020-10-13 14:40:41'),(291,176,610,299,65.00,NULL,'2020-10-13 14:40:41','2020-10-13 14:40:41'),(292,175,621,299,100.00,NULL,'2020-10-13 14:40:41','2020-10-13 14:40:41'),(293,175,613,299,100.00,NULL,'2020-10-13 14:40:41','2020-10-13 14:40:41'),(294,175,617,299,100.00,NULL,'2020-10-13 14:40:41','2020-10-13 14:40:41'),(295,177,625,299,100.00,NULL,'2020-10-13 14:40:41','2020-10-13 14:40:41'),(296,177,629,299,100.00,NULL,'2020-10-13 14:40:41','2020-10-13 14:40:41'),(297,178,635,297,30.00,NULL,'2020-10-13 14:40:41','2020-10-13 14:40:41'),(298,178,641,297,100.00,NULL,'2020-10-13 14:40:41','2020-10-13 14:40:41'),(299,178,637,297,100.00,NULL,'2020-10-13 14:40:41','2020-10-13 14:40:41'),(300,180,645,297,100.00,NULL,'2020-10-13 14:40:41','2020-10-13 14:40:41'),(301,181,649,294,100.00,'ok','2020-10-13 14:40:41','2020-10-13 14:40:41'),(302,182,649,297,100.00,NULL,'2020-10-13 14:40:41','2020-10-13 14:40:41'),(303,186,654,297,65.00,NULL,'2020-10-13 14:40:41','2020-10-13 14:40:41'),(304,184,653,294,100.00,'ok','2020-10-13 14:40:41','2020-10-13 14:40:41'),(305,187,657,294,100.00,'ok','2020-10-13 14:40:41','2020-10-13 14:40:41'),(306,189,665,294,100.00,'ok','2020-10-13 14:40:41','2020-10-13 14:40:41'),(307,188,657,297,100.00,NULL,'2020-10-13 14:40:41','2020-10-13 14:40:41'),(308,189,661,294,100.00,'ok','2020-10-13 14:40:41','2020-10-13 14:40:41'),(309,190,665,297,100.00,'ok','2020-10-13 14:40:41','2020-10-13 14:40:41'),(310,190,661,297,100.00,NULL,'2020-10-13 14:40:41','2020-10-13 14:40:41'),(311,191,669,294,100.00,'ok','2020-10-13 14:40:41','2020-10-13 14:40:41'),(312,191,673,294,100.00,'ok','2020-10-13 14:40:41','2020-10-13 14:40:41'),(313,192,673,297,100.00,NULL,'2020-10-13 14:40:41','2020-10-13 14:40:41'),(314,197,677,297,100.00,NULL,'2020-10-13 14:40:41','2020-10-13 14:40:41'),(315,195,677,299,100.00,'si','2020-10-13 14:40:41','2020-10-13 14:40:41'),(316,192,669,297,100.00,NULL,'2020-10-13 14:40:41','2020-10-13 14:40:41'),(317,196,681,297,100.00,NULL,'2020-10-13 14:40:41','2020-10-13 14:40:41'),(318,196,685,297,100.00,NULL,'2020-10-13 14:40:41','2020-10-13 14:40:41'),(319,200,689,297,100.00,NULL,'2020-10-13 14:40:41','2020-10-13 14:40:41'),(320,200,693,297,100.00,NULL,'2020-10-13 14:40:42','2020-10-13 14:40:42'),(321,199,697,297,100.00,NULL,'2020-10-13 14:40:42','2020-10-13 14:40:42'),(322,201,701,297,100.00,NULL,'2020-10-13 14:40:42','2020-10-13 14:40:42'),(323,201,705,297,100.00,NULL,'2020-10-13 14:40:42','2020-10-13 14:40:42'),(324,202,713,297,100.00,NULL,'2020-10-13 14:40:42','2020-10-13 14:40:42'),(325,202,709,297,100.00,NULL,'2020-10-13 14:40:42','2020-10-13 14:40:42'),(326,204,717,297,100.00,NULL,'2020-10-13 14:40:42','2020-10-13 14:40:42'),(327,205,725,297,100.00,NULL,'2020-10-13 14:40:42','2020-10-13 14:40:42'),(328,205,721,297,100.00,NULL,'2020-10-13 14:40:42','2020-10-13 14:40:42'),(329,206,733,297,100.00,NULL,'2020-10-13 14:40:42','2020-10-13 14:40:42'),(330,209,737,297,100.00,NULL,'2020-10-13 14:40:42','2020-10-13 14:40:42'),(331,206,729,297,100.00,NULL,'2020-10-13 14:40:42','2020-10-13 14:40:42'),(332,208,741,297,100.00,NULL,'2020-10-13 14:40:42','2020-10-13 14:40:42'),(333,210,757,297,100.00,NULL,'2020-10-13 14:40:42','2020-10-13 14:40:42'),(334,208,745,297,100.00,NULL,'2020-10-13 14:40:42','2020-10-13 14:40:42'),(335,210,753,297,100.00,NULL,'2020-10-13 14:40:42','2020-10-13 14:40:42'),(336,207,749,297,100.00,NULL,'2020-10-13 14:40:42','2020-10-13 14:40:42'),(337,212,765,297,100.00,NULL,'2020-10-13 14:40:42','2020-10-13 14:40:42'),(338,212,761,297,100.00,NULL,'2020-10-13 14:40:42','2020-10-13 14:40:42'),(339,212,769,297,100.00,NULL,'2020-10-13 14:40:42','2020-10-13 14:40:42');
/*!40000 ALTER TABLE `score` ENABLE KEYS */;
UNLOCK TABLES;

--
-- Table structure for table `session`
--

DROP TABLE IF EXISTS `session`;
/*!40101 SET @saved_cs_client     = @@character_set_client */;
/*!40101 SET character_set_client = utf8 */;
CREATE TABLE `session` (
  `id` bigint(20) unsigned NOT NULL AUTO_INCREMENT,
  `module_id` bigint(20) unsigned NOT NULL,
  `name` text COLLATE utf8mb4_unicode_ci NOT NULL,
  `description` text COLLATE utf8mb4_unicode_ci NOT NULL,
  `created_at` timestamp NULL DEFAULT NULL,
  `updated_at` timestamp NULL DEFAULT NULL,
  PRIMARY KEY (`id`),
  KEY `session_module_id_index` (`module_id`),
  CONSTRAINT `session_module_id_foreign` FOREIGN KEY (`module_id`) REFERENCES `module` (`id`)
) ENGINE=InnoDB AUTO_INCREMENT=64 DEFAULT CHARSET=utf8mb4 COLLATE=utf8mb4_unicode_ci;
/*!40101 SET character_set_client = @saved_cs_client */;

--
-- Dumping data for table `session`
--

LOCK TABLES `session` WRITE;
/*!40000 ALTER TABLE `session` DISABLE KEYS */;
INSERT INTO `session` VALUES (3,1,'1,1 Presentación del curso y del Micro: Bit',' ','2020-10-13 14:37:23','2020-10-13 14:37:23'),(4,1,'1,2 Creando con Micro:bit',' ','2020-10-13 14:37:23','2020-10-13 14:37:23'),(5,1,'1,3 Inventando una historia',' ','2020-10-13 14:37:23','2020-10-13 14:37:23'),(6,1,'1,4 Tomando decisiones',' ','2020-10-13 14:37:23','2020-10-13 14:37:23'),(7,1,'1,5 Juguemos',' ','2020-10-13 14:37:23','2020-10-13 14:37:23'),(8,1,'1,6 ¡Haciendo fluir nuestras ideas!',' ','2020-10-13 14:37:23','2020-10-13 14:37:23'),(9,1,'1,7 Experimentando el mundo con Micro:bit',' ','2020-10-13 14:37:23','2020-10-13 14:37:23'),(10,1,'1,8 Expandiendo horizontes',' ','2020-10-13 14:37:23','2020-10-13 14:37:23'),(11,1,'1,9 Midiendo el mundo con Micro:bit',' ','2020-10-13 14:37:23','2020-10-13 14:37:23'),(12,1,'1,10 Amigo virtual',' ','2020-10-13 14:37:23','2020-10-13 14:37:23'),(13,2,'2,1 Sensores externos',' ','2020-10-13 14:37:23','2020-10-13 14:37:23'),(14,2,'2,2 Ultrasonido y Servomotor',' ','2020-10-13 14:37:23','2020-10-13 14:37:23'),(15,2,'2,3 Máquinas simples',' ','2020-10-13 14:37:23','2020-10-13 14:37:23'),(16,2,'2,4 Automatización y robótica',' ','2020-10-13 14:37:23','2020-10-13 14:37:23'),(17,2,'2,5 Haciendo robótica',' ','2020-10-13 14:37:23','2020-10-13 14:37:23'),(18,2,'2,6 Control remoto con Micro:bit',' ','2020-10-13 14:37:23','2020-10-13 14:37:23'),(19,2,'2,7 GAMEPAD',' ','2020-10-13 14:37:23','2020-10-13 14:37:23'),(20,2,'2,8 GAMEPAD casero',' ','2020-10-13 14:37:23','2020-10-13 14:37:23'),(21,2,'2,9 Ensamblando robots',' ','2020-10-13 14:37:23','2020-10-13 14:37:23'),(22,2,'2,10 Automatización y robótica aplicada',' ','2020-10-13 14:37:23','2020-10-13 14:37:23'),(23,3,'3,1 ¿Quién tiene problemas?',' ','2020-10-13 14:37:23','2020-10-13 14:37:23'),(24,3,'3,2 Espiral de soluciones',' ','2020-10-13 14:37:23','2020-10-13 14:37:23'),(25,3,'3,3 Definir un prototipo',' ','2020-10-13 14:37:23','2020-10-13 14:37:23'),(26,3,'3,4 Construyendo el prototipo - Parte I',' ','2020-10-13 14:37:23','2020-10-13 14:37:23'),(27,3,'3,5 Construyendo el prototipo - Parte II',' ','2020-10-13 14:37:23','2020-10-13 14:37:23'),(28,3,'3,6 Construyendo el prototipo - Parte III',' ','2020-10-13 14:37:23','2020-10-13 14:37:23'),(29,3,'3,7 Probando el prototipo – Parte I',' ','2020-10-13 14:37:23','2020-10-13 14:37:23'),(30,3,'3,8 Pruebas finales',' ','2020-10-13 14:37:23','2020-10-13 14:37:23'),(31,3,'3,9 ¡El poder de la tecnología es tuyo!',' ','2020-10-13 14:37:23','2020-10-13 14:37:23'),(32,3,'3,10 Feria bitbot',' ','2020-10-13 14:37:23','2020-10-13 14:37:23'),(34,4,'1,1 Introducción, computadoras y tecnología',' ','2020-10-13 14:37:23','2020-10-13 14:37:23'),(35,4,'1,2 Introducción a la programación y variables',' ','2020-10-13 14:37:23','2020-10-13 14:37:23'),(36,4,'1,3 Uso de condicionales y pines analógicos',' ','2020-10-13 14:37:23','2020-10-13 14:37:23'),(37,4,'1,4 Velocidad y tiempos de ejecución',' ','2020-10-13 14:37:23','2020-10-13 14:37:23'),(38,4,'1,5 Biotecnología y sus aplicaciones',' ','2020-10-13 14:37:23','2020-10-13 14:37:23'),(39,4,'1,6 Sensores y su aplicación a la biotecnología',' ','2020-10-13 14:37:23','2020-10-13 14:37:23'),(40,4,'1,7 Funcionamiento mecánico de la naturaleza',' ','2020-10-13 14:37:23','2020-10-13 14:37:23'),(41,4,'1,8 Movimiento en el planeta',' ','2020-10-13 14:37:23','2020-10-13 14:37:23'),(42,4,'1,9 Aplicación de la programación en agricultura',' ','2020-10-13 14:37:23','2020-10-13 14:37:23'),(43,4,'1,10 Aplicación de la programación en el sector agropecuario',' ','2020-10-13 14:37:23','2020-10-13 14:37:23'),(44,5,'2,1 Importancia de la humedad y su monitoreo',' ','2020-10-13 14:37:23','2020-10-13 14:37:23'),(45,5,'2,2 Importancia de la temperatura y su monitoreo',' ','2020-10-13 14:37:23','2020-10-13 14:37:23'),(46,5,'2,3 Energía solar y luz',' ','2020-10-13 14:37:23','2020-10-13 14:37:23'),(47,5,'2,4 Inundaciones, ciclo del agua y calentamiento climático',' ','2020-10-13 14:37:23','2020-10-13 14:37:23'),(48,5,'2,5 Aplicaciones de la tecnología en procesos reales del campo',' ','2020-10-13 14:37:24','2020-10-13 14:37:24'),(49,5,'2,6 Rotación de la tierra y su efecto en los vientos Calentamiento climático y su efecto en los ince',' ','2020-10-13 14:37:24','2020-10-13 14:37:24'),(50,5,'2,7 Aplicación de la tecnología en procesos que incluyan vehículos de soporte - Obstáculos',' ','2020-10-13 14:37:24','2020-10-13 14:37:24'),(51,5,'2,8 Integración de la biotecnología con la automatización de procesos y su aplicación en procesos de',' ','2020-10-13 14:37:24','2020-10-13 14:37:24'),(52,5,'2,9 Integración de la biotecnología con la automatización de procesos y su aplicación en procesos de',' ','2020-10-13 14:37:24','2020-10-13 14:37:24'),(53,5,'2,10 Integración de la biotecnología con la automatización de procesos y su aplicación en procesos d',' ','2020-10-13 14:37:24','2020-10-13 14:37:24'),(54,6,'3,1 Definición del problema',' ','2020-10-13 14:37:24','2020-10-13 14:37:24'),(55,6,'3,2 Definición del problema II',' ','2020-10-13 14:37:24','2020-10-13 14:37:24'),(56,6,'3,3 Ejecución del proyecto',' ','2020-10-13 14:37:24','2020-10-13 14:37:24'),(57,6,'3,4 Ejecución del proyecto II',' ','2020-10-13 14:37:24','2020-10-13 14:37:24'),(58,6,'3,5 Ejecución del proyecto III',' ','2020-10-13 14:37:24','2020-10-13 14:37:24'),(59,6,'3,6 Ejecución del proyecto IV',' ','2020-10-13 14:37:24','2020-10-13 14:37:24'),(60,6,'3,7 Pruebas sobre el prototipo final',' ','2020-10-13 14:37:24','2020-10-13 14:37:24'),(61,6,'3,8 Pruebas sobre el prototipo final II',' ','2020-10-13 14:37:24','2020-10-13 14:37:24'),(62,6,'3,9 Diseñando la feria',' ','2020-10-13 14:37:24','2020-10-13 14:37:24'),(63,6,'3,10 Feria de ciencia',' ','2020-10-13 14:37:24','2020-10-13 14:37:24');
/*!40000 ALTER TABLE `session` ENABLE KEYS */;
UNLOCK TABLES;

--
-- Table structure for table `status`
--

DROP TABLE IF EXISTS `status`;
/*!40101 SET @saved_cs_client     = @@character_set_client */;
/*!40101 SET character_set_client = utf8 */;
CREATE TABLE `status` (
  `id` tinyint(3) unsigned NOT NULL AUTO_INCREMENT,
  `name` varchar(191) COLLATE utf8mb4_unicode_ci NOT NULL,
  `created_at` timestamp NULL DEFAULT NULL,
  `updated_at` timestamp NULL DEFAULT NULL,
  PRIMARY KEY (`id`)
) ENGINE=InnoDB AUTO_INCREMENT=3 DEFAULT CHARSET=utf8mb4 COLLATE=utf8mb4_unicode_ci;
/*!40101 SET character_set_client = @saved_cs_client */;

--
-- Dumping data for table `status`
--

LOCK TABLES `status` WRITE;
/*!40000 ALTER TABLE `status` DISABLE KEYS */;
INSERT INTO `status` VALUES (1,'Activo','2020-10-13 14:37:18','2020-10-13 14:37:18'),(2,'Inactivo','2020-10-13 14:37:18','2020-10-13 14:37:18');
/*!40000 ALTER TABLE `status` ENABLE KEYS */;
UNLOCK TABLES;

--
-- Table structure for table `telescope_entries`
--

DROP TABLE IF EXISTS `telescope_entries`;
/*!40101 SET @saved_cs_client     = @@character_set_client */;
/*!40101 SET character_set_client = utf8 */;
CREATE TABLE `telescope_entries` (
  `sequence` bigint(20) unsigned NOT NULL AUTO_INCREMENT,
  `uuid` char(36) COLLATE utf8mb4_unicode_ci NOT NULL,
  `batch_id` char(36) COLLATE utf8mb4_unicode_ci NOT NULL,
  `family_hash` varchar(191) COLLATE utf8mb4_unicode_ci DEFAULT NULL,
  `should_display_on_index` tinyint(1) NOT NULL DEFAULT 1,
  `type` varchar(20) COLLATE utf8mb4_unicode_ci NOT NULL,
  `content` longtext COLLATE utf8mb4_unicode_ci NOT NULL,
  `created_at` datetime DEFAULT NULL,
  PRIMARY KEY (`sequence`),
  UNIQUE KEY `telescope_entries_uuid_unique` (`uuid`),
  KEY `telescope_entries_batch_id_index` (`batch_id`),
  KEY `telescope_entries_family_hash_index` (`family_hash`),
  KEY `telescope_entries_created_at_index` (`created_at`),
  KEY `telescope_entries_type_should_display_on_index_index` (`type`,`should_display_on_index`)
) ENGINE=InnoDB AUTO_INCREMENT=5 DEFAULT CHARSET=utf8mb4 COLLATE=utf8mb4_unicode_ci;
/*!40101 SET character_set_client = @saved_cs_client */;

--
-- Dumping data for table `telescope_entries`
--

LOCK TABLES `telescope_entries` WRITE;
/*!40000 ALTER TABLE `telescope_entries` DISABLE KEYS */;
INSERT INTO `telescope_entries` VALUES (1,'91c17017-2dda-4120-9915-926b5d061dad','91c17017-3769-4ded-a1c7-8f4d18e9b42a','9afbb1867d4c0dc2995eb7e8805597ae',1,'exception','{\"class\":\"ErrorException\",\"file\":\"\\/var\\/www\\/html\\/api-ensename-v2\\/app\\/Actions\\/Sync\\/SyncStudent.php\",\"line\":203,\"message\":\"Undefined variable: courseInstitutionCohortId\",\"context\":{\"userId\":3},\"trace\":[{\"file\":\"\\/var\\/www\\/html\\/api-ensename-v2\\/app\\/Actions\\/Sync\\/SyncStudent.php\",\"line\":203},{\"file\":\"\\/var\\/www\\/html\\/api-ensename-v2\\/app\\/Actions\\/Sync\\/SyncStudent.php\",\"line\":49},{\"file\":\"\\/var\\/www\\/html\\/api-ensename-v2\\/app\\/Http\\/Controllers\\/Admin\\/UserController.php\",\"line\":263},[],{\"file\":\"\\/var\\/www\\/html\\/api-ensename-v2\\/vendor\\/laravel\\/framework\\/src\\/Illuminate\\/Routing\\/Controller.php\",\"line\":54},{\"file\":\"\\/var\\/www\\/html\\/api-ensename-v2\\/vendor\\/laravel\\/framework\\/src\\/Illuminate\\/Routing\\/ControllerDispatcher.php\",\"line\":45},{\"file\":\"\\/var\\/www\\/html\\/api-ensename-v2\\/vendor\\/laravel\\/framework\\/src\\/Illuminate\\/Routing\\/Route.php\",\"line\":225},{\"file\":\"\\/var\\/www\\/html\\/api-ensename-v2\\/vendor\\/laravel\\/framework\\/src\\/Illuminate\\/Routing\\/Route.php\",\"line\":182},{\"file\":\"\\/var\\/www\\/html\\/api-ensename-v2\\/vendor\\/laravel\\/framework\\/src\\/Illuminate\\/Routing\\/Router.php\",\"line\":685},{\"file\":\"\\/var\\/www\\/html\\/api-ensename-v2\\/vendor\\/laravel\\/framework\\/src\\/Illuminate\\/Pipeline\\/Pipeline.php\",\"line\":128},{\"file\":\"\\/var\\/www\\/html\\/api-ensename-v2\\/vendor\\/tymon\\/jwt-auth\\/src\\/Http\\/Middleware\\/Authenticate.php\",\"line\":32},{\"file\":\"\\/var\\/www\\/html\\/api-ensename-v2\\/vendor\\/laravel\\/framework\\/src\\/Illuminate\\/Pipeline\\/Pipeline.php\",\"line\":167},{\"file\":\"\\/var\\/www\\/html\\/api-ensename-v2\\/app\\/Http\\/Middleware\\/Cors.php\",\"line\":18},{\"file\":\"\\/var\\/www\\/html\\/api-ensename-v2\\/vendor\\/laravel\\/framework\\/src\\/Illuminate\\/Pipeline\\/Pipeline.php\",\"line\":167},{\"file\":\"\\/var\\/www\\/html\\/api-ensename-v2\\/vendor\\/laravel\\/framework\\/src\\/Illuminate\\/Routing\\/Middleware\\/SubstituteBindings.php\",\"line\":41},{\"file\":\"\\/var\\/www\\/html\\/api-ensename-v2\\/vendor\\/laravel\\/framework\\/src\\/Illuminate\\/Pipeline\\/Pipeline.php\",\"line\":167},{\"file\":\"\\/var\\/www\\/html\\/api-ensename-v2\\/vendor\\/laravel\\/framework\\/src\\/Illuminate\\/Pipeline\\/Pipeline.php\",\"line\":103},{\"file\":\"\\/var\\/www\\/html\\/api-ensename-v2\\/vendor\\/laravel\\/framework\\/src\\/Illuminate\\/Routing\\/Router.php\",\"line\":687},{\"file\":\"\\/var\\/www\\/html\\/api-ensename-v2\\/vendor\\/laravel\\/framework\\/src\\/Illuminate\\/Routing\\/Router.php\",\"line\":662},{\"file\":\"\\/var\\/www\\/html\\/api-ensename-v2\\/vendor\\/laravel\\/framework\\/src\\/Illuminate\\/Routing\\/Router.php\",\"line\":628},{\"file\":\"\\/var\\/www\\/html\\/api-ensename-v2\\/vendor\\/laravel\\/framework\\/src\\/Illuminate\\/Routing\\/Router.php\",\"line\":617},{\"file\":\"\\/var\\/www\\/html\\/api-ensename-v2\\/vendor\\/laravel\\/framework\\/src\\/Illuminate\\/Foundation\\/Http\\/Kernel.php\",\"line\":165},{\"file\":\"\\/var\\/www\\/html\\/api-ensename-v2\\/vendor\\/laravel\\/framework\\/src\\/Illuminate\\/Pipeline\\/Pipeline.php\",\"line\":128},{\"file\":\"\\/var\\/www\\/html\\/api-ensename-v2\\/vendor\\/laravel\\/framework\\/src\\/Illuminate\\/Foundation\\/Http\\/Middleware\\/TransformsRequest.php\",\"line\":21},{\"file\":\"\\/var\\/www\\/html\\/api-ensename-v2\\/vendor\\/laravel\\/framework\\/src\\/Illuminate\\/Pipeline\\/Pipeline.php\",\"line\":167},{\"file\":\"\\/var\\/www\\/html\\/api-ensename-v2\\/vendor\\/laravel\\/framework\\/src\\/Illuminate\\/Foundation\\/Http\\/Middleware\\/TransformsRequest.php\",\"line\":21},{\"file\":\"\\/var\\/www\\/html\\/api-ensename-v2\\/vendor\\/laravel\\/framework\\/src\\/Illuminate\\/Pipeline\\/Pipeline.php\",\"line\":167},{\"file\":\"\\/var\\/www\\/html\\/api-ensename-v2\\/vendor\\/laravel\\/framework\\/src\\/Illuminate\\/Foundation\\/Http\\/Middleware\\/ValidatePostSize.php\",\"line\":27},{\"file\":\"\\/var\\/www\\/html\\/api-ensename-v2\\/vendor\\/laravel\\/framework\\/src\\/Illuminate\\/Pipeline\\/Pipeline.php\",\"line\":167},{\"file\":\"\\/var\\/www\\/html\\/api-ensename-v2\\/vendor\\/laravel\\/framework\\/src\\/Illuminate\\/Foundation\\/Http\\/Middleware\\/CheckForMaintenanceMode.php\",\"line\":63},{\"file\":\"\\/var\\/www\\/html\\/api-ensename-v2\\/vendor\\/laravel\\/framework\\/src\\/Illuminate\\/Pipeline\\/Pipeline.php\",\"line\":167},{\"file\":\"\\/var\\/www\\/html\\/api-ensename-v2\\/vendor\\/fruitcake\\/laravel-cors\\/src\\/HandleCors.php\",\"line\":36},{\"file\":\"\\/var\\/www\\/html\\/api-ensename-v2\\/vendor\\/laravel\\/framework\\/src\\/Illuminate\\/Pipeline\\/Pipeline.php\",\"line\":167},{\"file\":\"\\/var\\/www\\/html\\/api-ensename-v2\\/vendor\\/fideloper\\/proxy\\/src\\/TrustProxies.php\",\"line\":57},{\"file\":\"\\/var\\/www\\/html\\/api-ensename-v2\\/vendor\\/laravel\\/framework\\/src\\/Illuminate\\/Pipeline\\/Pipeline.php\",\"line\":167},{\"file\":\"\\/var\\/www\\/html\\/api-ensename-v2\\/vendor\\/laravel\\/framework\\/src\\/Illuminate\\/Pipeline\\/Pipeline.php\",\"line\":103},{\"file\":\"\\/var\\/www\\/html\\/api-ensename-v2\\/vendor\\/laravel\\/framework\\/src\\/Illuminate\\/Foundation\\/Http\\/Kernel.php\",\"line\":140},{\"file\":\"\\/var\\/www\\/html\\/api-ensename-v2\\/vendor\\/laravel\\/framework\\/src\\/Illuminate\\/Foundation\\/Http\\/Kernel.php\",\"line\":109},{\"file\":\"\\/var\\/www\\/html\\/api-ensename-v2\\/public\\/index.php\",\"line\":55}],\"line_preview\":{\"194\":\"                $courseInstitutionCohortId = $courseInstitutionCohortNew->id;\",\"195\":\"            } catch (\\\\Illuminate\\\\Database\\\\QueryException $e) {\",\"196\":\"                $this->SyncCourseInstitutionCohort($data);\",\"197\":\"            } catch (\\\\Exception $e) {\",\"198\":\"                $this->SyncCourseInstitutionCohort($data);\",\"199\":\"            }\",\"200\":\"        } else {\",\"201\":\"            $courseInstitutionCohortId = $courseInstitutionCohort->first()->id;\",\"202\":\"        }\",\"203\":\"        return $courseInstitutionCohortId;\",\"204\":\"    }\",\"205\":\"}\",\"206\":\"\"},\"hostname\":\"ensename-dev\",\"user\":{\"id\":3,\"name\":null,\"email\":\"admin@etraining.edu.co\"},\"occurrences\":1}','2020-10-13 14:39:12'),(2,'91c17017-3702-4933-ae57-de20beed8bd9','91c17017-3769-4ded-a1c7-8f4d18e9b42a',NULL,1,'request','{\"ip_address\":\"35.222.166.197\",\"uri\":\"\\/api\\/student\\/syncOfConnect\",\"method\":\"POST\",\"controller_action\":\"App\\\\Http\\\\Controllers\\\\Admin\\\\UserController@syncOfConnect\",\"middleware\":[\"api\",\"cors\",\"jwt.auth\"],\"headers\":{\"content-length\":\"1528\",\"authorization\":\"********\",\"content-type\":\"application\\/json\",\"user-agent\":\"GuzzleHttp\\/6.5.4 curl\\/7.58.0 PHP\\/7.4.10\",\"host\":\"35.196.125.157:8001\"},\"payload\":{\"id\":\"104\",\"firstname\":\"Veruska\",\"lastname\":\"Arteaga\",\"email\":\"veruartecab@gmail.com\",\"customfields\":\"[{\\\"type\\\":\\\"datetime\\\",\\\"value\\\":\\\"1601355600\\\",\\\"name\\\":\\\"Fecha Expedici\\\\u00f3n Documento\\\",\\\"shortname\\\":\\\"fexp\\\"},{\\\"type\\\":\\\"datetime\\\",\\\"value\\\":\\\"1601355600\\\",\\\"name\\\":\\\"Fecha Nacimiento\\\",\\\"shortname\\\":\\\"fnac\\\"},{\\\"type\\\":\\\"menu\\\",\\\"value\\\":\\\"1 - Ninguna\\\",\\\"name\\\":\\\"Grupo \\\\u00c9tnico\\\",\\\"shortname\\\":\\\"grupoEtnico\\\"},{\\\"type\\\":\\\"menu\\\",\\\"value\\\":\\\"1 - Ninguna\\\",\\\"name\\\":\\\"Discapacidad\\\",\\\"shortname\\\":\\\"discapacidad\\\"},{\\\"type\\\":\\\"menu\\\",\\\"value\\\":\\\"1 - Ninguna\\\",\\\"name\\\":\\\"Poblaci\\\\u00f3n Vulnerable\\\",\\\"shortname\\\":\\\"poblacionVulnerable\\\"},{\\\"type\\\":\\\"datetime\\\",\\\"value\\\":\\\"1601355600\\\",\\\"name\\\":\\\"Fecha Registro Sistema Tecnoacademias\\\",\\\"shortname\\\":\\\"fingre\\\"},{\\\"type\\\":\\\"menu\\\",\\\"value\\\":\\\"ANUAL\\\",\\\"name\\\":\\\"Periodicidad Tecnoacademia\\\",\\\"shortname\\\":\\\"periodoest\\\"},{\\\"type\\\":\\\"menu\\\",\\\"value\\\":\\\"1 - Formaci\\\\u00f3n\\\",\\\"name\\\":\\\"Tipo Formaci\\\\u00f3n L\\\\u00ednea Tecnoacademia Inicial\\\",\\\"shortname\\\":\\\"tipformlinestuno\\\"},{\\\"type\\\":\\\"menu\\\",\\\"value\\\":\\\"1 - En formaci\\\\u00f3n\\\",\\\"name\\\":\\\"Estado L\\\\u00ednea Tecnoacademia Inicial\\\",\\\"shortname\\\":\\\"estadouno\\\"},{\\\"type\\\":\\\"datetime\\\",\\\"value\\\":\\\"1601355600\\\",\\\"name\\\":\\\"Fecha Estado L\\\\u00ednea Tecnoacademia Inicial\\\",\\\"shortname\\\":\\\"fechestadouno\\\"}]\",\"id_course\":\"2\",\"state\":\"SIN SINCRONIZAR\",\"department\":null,\"firstaccess\":\"0\",\"lastaccess\":\"0\",\"lastcourseaccess\":\"0\",\"cohort\":\"Sin grupo asignado\",\"routeName\":\"student\",\"mac\":\"00:00:00:00:00:00\"},\"session\":[],\"response_status\":500,\"response\":{\"status\":false,\"message\":\"Undefined variable: courseInstitutionCohortId\",\"file\":\"\\/var\\/www\\/html\\/api-ensename-v2\\/app\\/Actions\\/Sync\\/SyncStudent.php\",\"line\":203,\"previous\":null,\"trace\":[{\"file\":\"\\/var\\/www\\/html\\/api-ensename-v2\\/app\\/Actions\\/Sync\\/SyncStudent.php\",\"line\":203,\"function\":\"handleError\",\"class\":\"Illuminate\\\\Foundation\\\\Bootstrap\\\\HandleExceptions\",\"type\":\"->\"},{\"file\":\"\\/var\\/www\\/html\\/api-ensename-v2\\/app\\/Actions\\/Sync\\/SyncStudent.php\",\"line\":49,\"function\":\"SyncCourseInstitutionCohort\",\"class\":\"App\\\\Actions\\\\Sync\\\\SyncStudent\",\"type\":\"->\"},{\"file\":\"\\/var\\/www\\/html\\/api-ensename-v2\\/app\\/Http\\/Controllers\\/Admin\\/UserController.php\",\"line\":263,\"function\":\"handle\",\"class\":\"App\\\\Actions\\\\Sync\\\\SyncStudent\",\"type\":\"->\"},{\"function\":\"syncOfConnect\",\"class\":\"App\\\\Http\\\\Controllers\\\\Admin\\\\UserController\",\"type\":\"->\"},{\"file\":\"\\/var\\/www\\/html\\/api-ensename-v2\\/vendor\\/laravel\\/framework\\/src\\/Illuminate\\/Routing\\/Controller.php\",\"line\":54,\"function\":\"call_user_func_array\"},{\"file\":\"\\/var\\/www\\/html\\/api-ensename-v2\\/vendor\\/laravel\\/framework\\/src\\/Illuminate\\/Routing\\/ControllerDispatcher.php\",\"line\":45,\"function\":\"callAction\",\"class\":\"Illuminate\\\\Routing\\\\Controller\",\"type\":\"->\"},{\"file\":\"\\/var\\/www\\/html\\/api-ensename-v2\\/vendor\\/laravel\\/framework\\/src\\/Illuminate\\/Routing\\/Route.php\",\"line\":225,\"function\":\"dispatch\",\"class\":\"Illuminate\\\\Routing\\\\ControllerDispatcher\",\"type\":\"->\"},{\"file\":\"\\/var\\/www\\/html\\/api-ensename-v2\\/vendor\\/laravel\\/framework\\/src\\/Illuminate\\/Routing\\/Route.php\",\"line\":182,\"function\":\"runController\",\"class\":\"Illuminate\\\\Routing\\\\Route\",\"type\":\"->\"},{\"file\":\"\\/var\\/www\\/html\\/api-ensename-v2\\/vendor\\/laravel\\/framework\\/src\\/Illuminate\\/Routing\\/Router.php\",\"line\":685,\"function\":\"run\",\"class\":\"Illuminate\\\\Routing\\\\Route\",\"type\":\"->\"},{\"file\":\"\\/var\\/www\\/html\\/api-ensename-v2\\/vendor\\/laravel\\/framework\\/src\\/Illuminate\\/Pipeline\\/Pipeline.php\",\"line\":128,\"function\":\"Illuminate\\\\Routing\\\\{closure}\",\"class\":\"Illuminate\\\\Routing\\\\Router\",\"type\":\"->\"},{\"file\":\"\\/var\\/www\\/html\\/api-ensename-v2\\/vendor\\/tymon\\/jwt-auth\\/src\\/Http\\/Middleware\\/Authenticate.php\",\"line\":32,\"function\":\"Illuminate\\\\Pipeline\\\\{closure}\",\"class\":\"Illuminate\\\\Pipeline\\\\Pipeline\",\"type\":\"->\"},{\"file\":\"\\/var\\/www\\/html\\/api-ensename-v2\\/vendor\\/laravel\\/framework\\/src\\/Illuminate\\/Pipeline\\/Pipeline.php\",\"line\":167,\"function\":\"handle\",\"class\":\"Tymon\\\\JWTAuth\\\\Http\\\\Middleware\\\\Authenticate\",\"type\":\"->\"},{\"file\":\"\\/var\\/www\\/html\\/api-ensename-v2\\/app\\/Http\\/Middleware\\/Cors.php\",\"line\":18,\"function\":\"Illuminate\\\\Pipeline\\\\{closure}\",\"class\":\"Illuminate\\\\Pipeline\\\\Pipeline\",\"type\":\"->\"},{\"file\":\"\\/var\\/www\\/html\\/api-ensename-v2\\/vendor\\/laravel\\/framework\\/src\\/Illuminate\\/Pipeline\\/Pipeline.php\",\"line\":167,\"function\":\"handle\",\"class\":\"App\\\\Http\\\\Middleware\\\\Cors\",\"type\":\"->\"},{\"file\":\"\\/var\\/www\\/html\\/api-ensename-v2\\/vendor\\/laravel\\/framework\\/src\\/Illuminate\\/Routing\\/Middleware\\/SubstituteBindings.php\",\"line\":41,\"function\":\"Illuminate\\\\Pipeline\\\\{closure}\",\"class\":\"Illuminate\\\\Pipeline\\\\Pipeline\",\"type\":\"->\"},{\"file\":\"\\/var\\/www\\/html\\/api-ensename-v2\\/vendor\\/laravel\\/framework\\/src\\/Illuminate\\/Pipeline\\/Pipeline.php\",\"line\":167,\"function\":\"handle\",\"class\":\"Illuminate\\\\Routing\\\\Middleware\\\\SubstituteBindings\",\"type\":\"->\"},{\"file\":\"\\/var\\/www\\/html\\/api-ensename-v2\\/vendor\\/laravel\\/framework\\/src\\/Illuminate\\/Pipeline\\/Pipeline.php\",\"line\":103,\"function\":\"Illuminate\\\\Pipeline\\\\{closure}\",\"class\":\"Illuminate\\\\Pipeline\\\\Pipeline\",\"type\":\"->\"},{\"file\":\"\\/var\\/www\\/html\\/api-ensename-v2\\/vendor\\/laravel\\/framework\\/src\\/Illuminate\\/Routing\\/Router.php\",\"line\":687,\"function\":\"then\",\"class\":\"Illuminate\\\\Pipeline\\\\Pipeline\",\"type\":\"->\"},{\"file\":\"\\/var\\/www\\/html\\/api-ensename-v2\\/vendor\\/laravel\\/framework\\/src\\/Illuminate\\/Routing\\/Router.php\",\"line\":662,\"function\":\"runRouteWithinStack\",\"class\":\"Illuminate\\\\Routing\\\\Router\",\"type\":\"->\"},{\"file\":\"\\/var\\/www\\/html\\/api-ensename-v2\\/vendor\\/laravel\\/framework\\/src\\/Illuminate\\/Routing\\/Router.php\",\"line\":628,\"function\":\"runRoute\",\"class\":\"Illuminate\\\\Routing\\\\Router\",\"type\":\"->\"},{\"file\":\"\\/var\\/www\\/html\\/api-ensename-v2\\/vendor\\/laravel\\/framework\\/src\\/Illuminate\\/Routing\\/Router.php\",\"line\":617,\"function\":\"dispatchToRoute\",\"class\":\"Illuminate\\\\Routing\\\\Router\",\"type\":\"->\"},{\"file\":\"\\/var\\/www\\/html\\/api-ensename-v2\\/vendor\\/laravel\\/framework\\/src\\/Illuminate\\/Foundation\\/Http\\/Kernel.php\",\"line\":165,\"function\":\"dispatch\",\"class\":\"Illuminate\\\\Routing\\\\Router\",\"type\":\"->\"},{\"file\":\"\\/var\\/www\\/html\\/api-ensename-v2\\/vendor\\/laravel\\/framework\\/src\\/Illuminate\\/Pipeline\\/Pipeline.php\",\"line\":128,\"function\":\"Illuminate\\\\Foundation\\\\Http\\\\{closure}\",\"class\":\"Illuminate\\\\Foundation\\\\Http\\\\Kernel\",\"type\":\"->\"},{\"file\":\"\\/var\\/www\\/html\\/api-ensename-v2\\/vendor\\/laravel\\/framework\\/src\\/Illuminate\\/Foundation\\/Http\\/Middleware\\/TransformsRequest.php\",\"line\":21,\"function\":\"Illuminate\\\\Pipeline\\\\{closure}\",\"class\":\"Illuminate\\\\Pipeline\\\\Pipeline\",\"type\":\"->\"},{\"file\":\"\\/var\\/www\\/html\\/api-ensename-v2\\/vendor\\/laravel\\/framework\\/src\\/Illuminate\\/Pipeline\\/Pipeline.php\",\"line\":167,\"function\":\"handle\",\"class\":\"Illuminate\\\\Foundation\\\\Http\\\\Middleware\\\\TransformsRequest\",\"type\":\"->\"},{\"file\":\"\\/var\\/www\\/html\\/api-ensename-v2\\/vendor\\/laravel\\/framework\\/src\\/Illuminate\\/Foundation\\/Http\\/Middleware\\/TransformsRequest.php\",\"line\":21,\"function\":\"Illuminate\\\\Pipeline\\\\{closure}\",\"class\":\"Illuminate\\\\Pipeline\\\\Pipeline\",\"type\":\"->\"},{\"file\":\"\\/var\\/www\\/html\\/api-ensename-v2\\/vendor\\/laravel\\/framework\\/src\\/Illuminate\\/Pipeline\\/Pipeline.php\",\"line\":167,\"function\":\"handle\",\"class\":\"Illuminate\\\\Foundation\\\\Http\\\\Middleware\\\\TransformsRequest\",\"type\":\"->\"},{\"file\":\"\\/var\\/www\\/html\\/api-ensename-v2\\/vendor\\/laravel\\/framework\\/src\\/Illuminate\\/Foundation\\/Http\\/Middleware\\/ValidatePostSize.php\",\"line\":27,\"function\":\"Illuminate\\\\Pipeline\\\\{closure}\",\"class\":\"Illuminate\\\\Pipeline\\\\Pipeline\",\"type\":\"->\"},{\"file\":\"\\/var\\/www\\/html\\/api-ensename-v2\\/vendor\\/laravel\\/framework\\/src\\/Illuminate\\/Pipeline\\/Pipeline.php\",\"line\":167,\"function\":\"handle\",\"class\":\"Illuminate\\\\Foundation\\\\Http\\\\Middleware\\\\ValidatePostSize\",\"type\":\"->\"},{\"file\":\"\\/var\\/www\\/html\\/api-ensename-v2\\/vendor\\/laravel\\/framework\\/src\\/Illuminate\\/Foundation\\/Http\\/Middleware\\/CheckForMaintenanceMode.php\",\"line\":63,\"function\":\"Illuminate\\\\Pipeline\\\\{closure}\",\"class\":\"Illuminate\\\\Pipeline\\\\Pipeline\",\"type\":\"->\"},{\"file\":\"\\/var\\/www\\/html\\/api-ensename-v2\\/vendor\\/laravel\\/framework\\/src\\/Illuminate\\/Pipeline\\/Pipeline.php\",\"line\":167,\"function\":\"handle\",\"class\":\"Illuminate\\\\Foundation\\\\Http\\\\Middleware\\\\CheckForMaintenanceMode\",\"type\":\"->\"},{\"file\":\"\\/var\\/www\\/html\\/api-ensename-v2\\/vendor\\/fruitcake\\/laravel-cors\\/src\\/HandleCors.php\",\"line\":36,\"function\":\"Illuminate\\\\Pipeline\\\\{closure}\",\"class\":\"Illuminate\\\\Pipeline\\\\Pipeline\",\"type\":\"->\"},{\"file\":\"\\/var\\/www\\/html\\/api-ensename-v2\\/vendor\\/laravel\\/framework\\/src\\/Illuminate\\/Pipeline\\/Pipeline.php\",\"line\":167,\"function\":\"handle\",\"class\":\"Fruitcake\\\\Cors\\\\HandleCors\",\"type\":\"->\"},{\"file\":\"\\/var\\/www\\/html\\/api-ensename-v2\\/vendor\\/fideloper\\/proxy\\/src\\/TrustProxies.php\",\"line\":57,\"function\":\"Illuminate\\\\Pipeline\\\\{closure}\",\"class\":\"Illuminate\\\\Pipeline\\\\Pipeline\",\"type\":\"->\"},{\"file\":\"\\/var\\/www\\/html\\/api-ensename-v2\\/vendor\\/laravel\\/framework\\/src\\/Illuminate\\/Pipeline\\/Pipeline.php\",\"line\":167,\"function\":\"handle\",\"class\":\"Fideloper\\\\Proxy\\\\TrustProxies\",\"type\":\"->\"},{\"file\":\"\\/var\\/www\\/html\\/api-ensename-v2\\/vendor\\/laravel\\/framework\\/src\\/Illuminate\\/Pipeline\\/Pipeline.php\",\"line\":103,\"function\":\"Illuminate\\\\Pipeline\\\\{closure}\",\"class\":\"Illuminate\\\\Pipeline\\\\Pipeline\",\"type\":\"->\"},{\"file\":\"\\/var\\/www\\/html\\/api-ensename-v2\\/vendor\\/laravel\\/framework\\/src\\/Illuminate\\/Foundation\\/Http\\/Kernel.php\",\"line\":140,\"function\":\"then\",\"class\":\"Illuminate\\\\Pipeline\\\\Pipeline\",\"type\":\"->\"},{\"file\":\"\\/var\\/www\\/html\\/api-ensename-v2\\/vendor\\/laravel\\/framework\\/src\\/Illuminate\\/Foundation\\/Http\\/Kernel.php\",\"line\":109,\"function\":\"sendRequestThroughRouter\",\"class\":\"Illuminate\\\\Foundation\\\\Http\\\\Kernel\",\"type\":\"->\"},{\"file\":\"\\/var\\/www\\/html\\/api-ensename-v2\\/public\\/index.php\",\"line\":55,\"function\":\"handle\",\"class\":\"Illuminate\\\\Foundation\\\\Http\\\\Kernel\",\"type\":\"->\"}]},\"duration\":169,\"memory\":2,\"hostname\":\"ensename-dev\",\"user\":{\"id\":3,\"name\":null,\"email\":\"admin@etraining.edu.co\"}}','2020-10-13 14:39:12'),(3,'91d5f8cb-b09c-44e0-86a2-776e02c426c3','91d5f8cb-b107-4137-ba95-ffe7f2e803d0',NULL,1,'request','{\"ip_address\":\"181.136.83.64\",\"uri\":\"\\/api\\/item\\/role\\/permission\\/byRole\",\"method\":\"GET\",\"controller_action\":null,\"middleware\":[],\"headers\":{\"accept-language\":\"es-419,es;q=0.9\",\"accept-encoding\":\"gzip, deflate\",\"referer\":\"http:\\/\\/localhost:4200\\/\",\"origin\":\"http:\\/\\/localhost:4200\",\"content-type\":\"application\\/json\",\"user-agent\":\"Mozilla\\/5.0 (Windows NT 10.0; Win64; x64) AppleWebKit\\/537.36 (KHTML, like Gecko) Chrome\\/86.0.4240.111 Safari\\/537.36 Edg\\/86.0.622.51\",\"authorization\":\"********\",\"accept\":\"application\\/json\",\"connection\":\"keep-alive\",\"host\":\"35.196.125.157:8001\",\"content-length\":\"\"},\"payload\":[],\"session\":[],\"response_status\":500,\"response\":{\"status\":false,\"message\":\"The GET method is not supported for this route. Supported methods: DELETE.\",\"file\":\"\\/var\\/www\\/html\\/api-ensename-v2\\/vendor\\/laravel\\/framework\\/src\\/Illuminate\\/Routing\\/AbstractRouteCollection.php\",\"line\":117,\"previous\":null,\"trace\":[{\"file\":\"\\/var\\/www\\/html\\/api-ensename-v2\\/vendor\\/laravel\\/framework\\/src\\/Illuminate\\/Routing\\/AbstractRouteCollection.php\",\"line\":103,\"function\":\"methodNotAllowed\",\"class\":\"Illuminate\\\\Routing\\\\AbstractRouteCollection\",\"type\":\"->\"},{\"file\":\"\\/var\\/www\\/html\\/api-ensename-v2\\/vendor\\/laravel\\/framework\\/src\\/Illuminate\\/Routing\\/AbstractRouteCollection.php\",\"line\":40,\"function\":\"getRouteForMethods\",\"class\":\"Illuminate\\\\Routing\\\\AbstractRouteCollection\",\"type\":\"->\"},{\"file\":\"\\/var\\/www\\/html\\/api-ensename-v2\\/vendor\\/laravel\\/framework\\/src\\/Illuminate\\/Routing\\/CompiledRouteCollection.php\",\"line\":144,\"function\":\"handleMatchedRoute\",\"class\":\"Illuminate\\\\Routing\\\\AbstractRouteCollection\",\"type\":\"->\"},{\"file\":\"\\/var\\/www\\/html\\/api-ensename-v2\\/vendor\\/laravel\\/framework\\/src\\/Illuminate\\/Routing\\/Router.php\",\"line\":639,\"function\":\"match\",\"class\":\"Illuminate\\\\Routing\\\\CompiledRouteCollection\",\"type\":\"->\"},{\"file\":\"\\/var\\/www\\/html\\/api-ensename-v2\\/vendor\\/laravel\\/framework\\/src\\/Illuminate\\/Routing\\/Router.php\",\"line\":628,\"function\":\"findRoute\",\"class\":\"Illuminate\\\\Routing\\\\Router\",\"type\":\"->\"},{\"file\":\"\\/var\\/www\\/html\\/api-ensename-v2\\/vendor\\/laravel\\/framework\\/src\\/Illuminate\\/Routing\\/Router.php\",\"line\":617,\"function\":\"dispatchToRoute\",\"class\":\"Illuminate\\\\Routing\\\\Router\",\"type\":\"->\"},{\"file\":\"\\/var\\/www\\/html\\/api-ensename-v2\\/vendor\\/laravel\\/framework\\/src\\/Illuminate\\/Foundation\\/Http\\/Kernel.php\",\"line\":165,\"function\":\"dispatch\",\"class\":\"Illuminate\\\\Routing\\\\Router\",\"type\":\"->\"},{\"file\":\"\\/var\\/www\\/html\\/api-ensename-v2\\/vendor\\/laravel\\/framework\\/src\\/Illuminate\\/Pipeline\\/Pipeline.php\",\"line\":128,\"function\":\"Illuminate\\\\Foundation\\\\Http\\\\{closure}\",\"class\":\"Illuminate\\\\Foundation\\\\Http\\\\Kernel\",\"type\":\"->\"},{\"file\":\"\\/var\\/www\\/html\\/api-ensename-v2\\/vendor\\/laravel\\/framework\\/src\\/Illuminate\\/Foundation\\/Http\\/Middleware\\/TransformsRequest.php\",\"line\":21,\"function\":\"Illuminate\\\\Pipeline\\\\{closure}\",\"class\":\"Illuminate\\\\Pipeline\\\\Pipeline\",\"type\":\"->\"},{\"file\":\"\\/var\\/www\\/html\\/api-ensename-v2\\/vendor\\/laravel\\/framework\\/src\\/Illuminate\\/Pipeline\\/Pipeline.php\",\"line\":167,\"function\":\"handle\",\"class\":\"Illuminate\\\\Foundation\\\\Http\\\\Middleware\\\\TransformsRequest\",\"type\":\"->\"},{\"file\":\"\\/var\\/www\\/html\\/api-ensename-v2\\/vendor\\/laravel\\/framework\\/src\\/Illuminate\\/Foundation\\/Http\\/Middleware\\/TransformsRequest.php\",\"line\":21,\"function\":\"Illuminate\\\\Pipeline\\\\{closure}\",\"class\":\"Illuminate\\\\Pipeline\\\\Pipeline\",\"type\":\"->\"},{\"file\":\"\\/var\\/www\\/html\\/api-ensename-v2\\/vendor\\/laravel\\/framework\\/src\\/Illuminate\\/Pipeline\\/Pipeline.php\",\"line\":167,\"function\":\"handle\",\"class\":\"Illuminate\\\\Foundation\\\\Http\\\\Middleware\\\\TransformsRequest\",\"type\":\"->\"},{\"file\":\"\\/var\\/www\\/html\\/api-ensename-v2\\/vendor\\/laravel\\/framework\\/src\\/Illuminate\\/Foundation\\/Http\\/Middleware\\/ValidatePostSize.php\",\"line\":27,\"function\":\"Illuminate\\\\Pipeline\\\\{closure}\",\"class\":\"Illuminate\\\\Pipeline\\\\Pipeline\",\"type\":\"->\"},{\"file\":\"\\/var\\/www\\/html\\/api-ensename-v2\\/vendor\\/laravel\\/framework\\/src\\/Illuminate\\/Pipeline\\/Pipeline.php\",\"line\":167,\"function\":\"handle\",\"class\":\"Illuminate\\\\Foundation\\\\Http\\\\Middleware\\\\ValidatePostSize\",\"type\":\"->\"},{\"file\":\"\\/var\\/www\\/html\\/api-ensename-v2\\/vendor\\/laravel\\/framework\\/src\\/Illuminate\\/Foundation\\/Http\\/Middleware\\/CheckForMaintenanceMode.php\",\"line\":63,\"function\":\"Illuminate\\\\Pipeline\\\\{closure}\",\"class\":\"Illuminate\\\\Pipeline\\\\Pipeline\",\"type\":\"->\"},{\"file\":\"\\/var\\/www\\/html\\/api-ensename-v2\\/vendor\\/laravel\\/framework\\/src\\/Illuminate\\/Pipeline\\/Pipeline.php\",\"line\":167,\"function\":\"handle\",\"class\":\"Illuminate\\\\Foundation\\\\Http\\\\Middleware\\\\CheckForMaintenanceMode\",\"type\":\"->\"},{\"file\":\"\\/var\\/www\\/html\\/api-ensename-v2\\/vendor\\/fruitcake\\/laravel-cors\\/src\\/HandleCors.php\",\"line\":50,\"function\":\"Illuminate\\\\Pipeline\\\\{closure}\",\"class\":\"Illuminate\\\\Pipeline\\\\Pipeline\",\"type\":\"->\"},{\"file\":\"\\/var\\/www\\/html\\/api-ensename-v2\\/vendor\\/laravel\\/framework\\/src\\/Illuminate\\/Pipeline\\/Pipeline.php\",\"line\":167,\"function\":\"handle\",\"class\":\"Fruitcake\\\\Cors\\\\HandleCors\",\"type\":\"->\"},{\"file\":\"\\/var\\/www\\/html\\/api-ensename-v2\\/vendor\\/fideloper\\/proxy\\/src\\/TrustProxies.php\",\"line\":57,\"function\":\"Illuminate\\\\Pipeline\\\\{closure}\",\"class\":\"Illuminate\\\\Pipeline\\\\Pipeline\",\"type\":\"->\"},{\"file\":\"\\/var\\/www\\/html\\/api-ensename-v2\\/vendor\\/laravel\\/framework\\/src\\/Illuminate\\/Pipeline\\/Pipeline.php\",\"line\":167,\"function\":\"handle\",\"class\":\"Fideloper\\\\Proxy\\\\TrustProxies\",\"type\":\"->\"},{\"file\":\"\\/var\\/www\\/html\\/api-ensename-v2\\/vendor\\/laravel\\/framework\\/src\\/Illuminate\\/Pipeline\\/Pipeline.php\",\"line\":103,\"function\":\"Illuminate\\\\Pipeline\\\\{closure}\",\"class\":\"Illuminate\\\\Pipeline\\\\Pipeline\",\"type\":\"->\"},{\"file\":\"\\/var\\/www\\/html\\/api-ensename-v2\\/vendor\\/laravel\\/framework\\/src\\/Illuminate\\/Foundation\\/Http\\/Kernel.php\",\"line\":140,\"function\":\"then\",\"class\":\"Illuminate\\\\Pipeline\\\\Pipeline\",\"type\":\"->\"},{\"file\":\"\\/var\\/www\\/html\\/api-ensename-v2\\/vendor\\/laravel\\/framework\\/src\\/Illuminate\\/Foundation\\/Http\\/Kernel.php\",\"line\":109,\"function\":\"sendRequestThroughRouter\",\"class\":\"Illuminate\\\\Foundation\\\\Http\\\\Kernel\",\"type\":\"->\"},{\"file\":\"\\/var\\/www\\/html\\/api-ensename-v2\\/public\\/index.php\",\"line\":55,\"function\":\"handle\",\"class\":\"Illuminate\\\\Foundation\\\\Http\\\\Kernel\",\"type\":\"->\"}]},\"duration\":17,\"memory\":2,\"hostname\":\"ensename-dev\"}','2020-10-23 19:38:01'),(4,'91d5fa56-b715-429b-82ab-084432ea7480','91d5fa56-b7ae-4ca0-8bfc-a9cd63f79a2d',NULL,1,'request','{\"ip_address\":\"181.136.83.64\",\"uri\":\"\\/api\\/item\\/role\\/permission\\/byRole\",\"method\":\"GET\",\"controller_action\":null,\"middleware\":[],\"headers\":{\"accept-language\":\"es-419,es;q=0.9\",\"accept-encoding\":\"gzip, deflate\",\"referer\":\"http:\\/\\/localhost:4200\\/\",\"origin\":\"http:\\/\\/localhost:4200\",\"content-type\":\"application\\/json\",\"user-agent\":\"Mozilla\\/5.0 (Windows NT 10.0; Win64; x64) AppleWebKit\\/537.36 (KHTML, like Gecko) Chrome\\/86.0.4240.111 Safari\\/537.36 Edg\\/86.0.622.51\",\"authorization\":\"********\",\"accept\":\"application\\/json\",\"connection\":\"keep-alive\",\"host\":\"35.196.125.157:8001\",\"content-length\":\"\"},\"payload\":[],\"session\":[],\"response_status\":500,\"response\":{\"status\":false,\"message\":\"The GET method is not supported for this route. Supported methods: DELETE.\",\"file\":\"\\/var\\/www\\/html\\/api-ensename-v2\\/vendor\\/laravel\\/framework\\/src\\/Illuminate\\/Routing\\/AbstractRouteCollection.php\",\"line\":117,\"previous\":null,\"trace\":[{\"file\":\"\\/var\\/www\\/html\\/api-ensename-v2\\/vendor\\/laravel\\/framework\\/src\\/Illuminate\\/Routing\\/AbstractRouteCollection.php\",\"line\":103,\"function\":\"methodNotAllowed\",\"class\":\"Illuminate\\\\Routing\\\\AbstractRouteCollection\",\"type\":\"->\"},{\"file\":\"\\/var\\/www\\/html\\/api-ensename-v2\\/vendor\\/laravel\\/framework\\/src\\/Illuminate\\/Routing\\/AbstractRouteCollection.php\",\"line\":40,\"function\":\"getRouteForMethods\",\"class\":\"Illuminate\\\\Routing\\\\AbstractRouteCollection\",\"type\":\"->\"},{\"file\":\"\\/var\\/www\\/html\\/api-ensename-v2\\/vendor\\/laravel\\/framework\\/src\\/Illuminate\\/Routing\\/CompiledRouteCollection.php\",\"line\":144,\"function\":\"handleMatchedRoute\",\"class\":\"Illuminate\\\\Routing\\\\AbstractRouteCollection\",\"type\":\"->\"},{\"file\":\"\\/var\\/www\\/html\\/api-ensename-v2\\/vendor\\/laravel\\/framework\\/src\\/Illuminate\\/Routing\\/Router.php\",\"line\":639,\"function\":\"match\",\"class\":\"Illuminate\\\\Routing\\\\CompiledRouteCollection\",\"type\":\"->\"},{\"file\":\"\\/var\\/www\\/html\\/api-ensename-v2\\/vendor\\/laravel\\/framework\\/src\\/Illuminate\\/Routing\\/Router.php\",\"line\":628,\"function\":\"findRoute\",\"class\":\"Illuminate\\\\Routing\\\\Router\",\"type\":\"->\"},{\"file\":\"\\/var\\/www\\/html\\/api-ensename-v2\\/vendor\\/laravel\\/framework\\/src\\/Illuminate\\/Routing\\/Router.php\",\"line\":617,\"function\":\"dispatchToRoute\",\"class\":\"Illuminate\\\\Routing\\\\Router\",\"type\":\"->\"},{\"file\":\"\\/var\\/www\\/html\\/api-ensename-v2\\/vendor\\/laravel\\/framework\\/src\\/Illuminate\\/Foundation\\/Http\\/Kernel.php\",\"line\":165,\"function\":\"dispatch\",\"class\":\"Illuminate\\\\Routing\\\\Router\",\"type\":\"->\"},{\"file\":\"\\/var\\/www\\/html\\/api-ensename-v2\\/vendor\\/laravel\\/framework\\/src\\/Illuminate\\/Pipeline\\/Pipeline.php\",\"line\":128,\"function\":\"Illuminate\\\\Foundation\\\\Http\\\\{closure}\",\"class\":\"Illuminate\\\\Foundation\\\\Http\\\\Kernel\",\"type\":\"->\"},{\"file\":\"\\/var\\/www\\/html\\/api-ensename-v2\\/vendor\\/laravel\\/framework\\/src\\/Illuminate\\/Foundation\\/Http\\/Middleware\\/TransformsRequest.php\",\"line\":21,\"function\":\"Illuminate\\\\Pipeline\\\\{closure}\",\"class\":\"Illuminate\\\\Pipeline\\\\Pipeline\",\"type\":\"->\"},{\"file\":\"\\/var\\/www\\/html\\/api-ensename-v2\\/vendor\\/laravel\\/framework\\/src\\/Illuminate\\/Pipeline\\/Pipeline.php\",\"line\":167,\"function\":\"handle\",\"class\":\"Illuminate\\\\Foundation\\\\Http\\\\Middleware\\\\TransformsRequest\",\"type\":\"->\"},{\"file\":\"\\/var\\/www\\/html\\/api-ensename-v2\\/vendor\\/laravel\\/framework\\/src\\/Illuminate\\/Foundation\\/Http\\/Middleware\\/TransformsRequest.php\",\"line\":21,\"function\":\"Illuminate\\\\Pipeline\\\\{closure}\",\"class\":\"Illuminate\\\\Pipeline\\\\Pipeline\",\"type\":\"->\"},{\"file\":\"\\/var\\/www\\/html\\/api-ensename-v2\\/vendor\\/laravel\\/framework\\/src\\/Illuminate\\/Pipeline\\/Pipeline.php\",\"line\":167,\"function\":\"handle\",\"class\":\"Illuminate\\\\Foundation\\\\Http\\\\Middleware\\\\TransformsRequest\",\"type\":\"->\"},{\"file\":\"\\/var\\/www\\/html\\/api-ensename-v2\\/vendor\\/laravel\\/framework\\/src\\/Illuminate\\/Foundation\\/Http\\/Middleware\\/ValidatePostSize.php\",\"line\":27,\"function\":\"Illuminate\\\\Pipeline\\\\{closure}\",\"class\":\"Illuminate\\\\Pipeline\\\\Pipeline\",\"type\":\"->\"},{\"file\":\"\\/var\\/www\\/html\\/api-ensename-v2\\/vendor\\/laravel\\/framework\\/src\\/Illuminate\\/Pipeline\\/Pipeline.php\",\"line\":167,\"function\":\"handle\",\"class\":\"Illuminate\\\\Foundation\\\\Http\\\\Middleware\\\\ValidatePostSize\",\"type\":\"->\"},{\"file\":\"\\/var\\/www\\/html\\/api-ensename-v2\\/vendor\\/laravel\\/framework\\/src\\/Illuminate\\/Foundation\\/Http\\/Middleware\\/CheckForMaintenanceMode.php\",\"line\":63,\"function\":\"Illuminate\\\\Pipeline\\\\{closure}\",\"class\":\"Illuminate\\\\Pipeline\\\\Pipeline\",\"type\":\"->\"},{\"file\":\"\\/var\\/www\\/html\\/api-ensename-v2\\/vendor\\/laravel\\/framework\\/src\\/Illuminate\\/Pipeline\\/Pipeline.php\",\"line\":167,\"function\":\"handle\",\"class\":\"Illuminate\\\\Foundation\\\\Http\\\\Middleware\\\\CheckForMaintenanceMode\",\"type\":\"->\"},{\"file\":\"\\/var\\/www\\/html\\/api-ensename-v2\\/vendor\\/fruitcake\\/laravel-cors\\/src\\/HandleCors.php\",\"line\":50,\"function\":\"Illuminate\\\\Pipeline\\\\{closure}\",\"class\":\"Illuminate\\\\Pipeline\\\\Pipeline\",\"type\":\"->\"},{\"file\":\"\\/var\\/www\\/html\\/api-ensename-v2\\/vendor\\/laravel\\/framework\\/src\\/Illuminate\\/Pipeline\\/Pipeline.php\",\"line\":167,\"function\":\"handle\",\"class\":\"Fruitcake\\\\Cors\\\\HandleCors\",\"type\":\"->\"},{\"file\":\"\\/var\\/www\\/html\\/api-ensename-v2\\/vendor\\/fideloper\\/proxy\\/src\\/TrustProxies.php\",\"line\":57,\"function\":\"Illuminate\\\\Pipeline\\\\{closure}\",\"class\":\"Illuminate\\\\Pipeline\\\\Pipeline\",\"type\":\"->\"},{\"file\":\"\\/var\\/www\\/html\\/api-ensename-v2\\/vendor\\/laravel\\/framework\\/src\\/Illuminate\\/Pipeline\\/Pipeline.php\",\"line\":167,\"function\":\"handle\",\"class\":\"Fideloper\\\\Proxy\\\\TrustProxies\",\"type\":\"->\"},{\"file\":\"\\/var\\/www\\/html\\/api-ensename-v2\\/vendor\\/laravel\\/framework\\/src\\/Illuminate\\/Pipeline\\/Pipeline.php\",\"line\":103,\"function\":\"Illuminate\\\\Pipeline\\\\{closure}\",\"class\":\"Illuminate\\\\Pipeline\\\\Pipeline\",\"type\":\"->\"},{\"file\":\"\\/var\\/www\\/html\\/api-ensename-v2\\/vendor\\/laravel\\/framework\\/src\\/Illuminate\\/Foundation\\/Http\\/Kernel.php\",\"line\":140,\"function\":\"then\",\"class\":\"Illuminate\\\\Pipeline\\\\Pipeline\",\"type\":\"->\"},{\"file\":\"\\/var\\/www\\/html\\/api-ensename-v2\\/vendor\\/laravel\\/framework\\/src\\/Illuminate\\/Foundation\\/Http\\/Kernel.php\",\"line\":109,\"function\":\"sendRequestThroughRouter\",\"class\":\"Illuminate\\\\Foundation\\\\Http\\\\Kernel\",\"type\":\"->\"},{\"file\":\"\\/var\\/www\\/html\\/api-ensename-v2\\/public\\/index.php\",\"line\":55,\"function\":\"handle\",\"class\":\"Illuminate\\\\Foundation\\\\Http\\\\Kernel\",\"type\":\"->\"}]},\"duration\":22,\"memory\":2,\"hostname\":\"ensename-dev\"}','2020-10-23 19:42:20');
/*!40000 ALTER TABLE `telescope_entries` ENABLE KEYS */;
UNLOCK TABLES;

--
-- Table structure for table `telescope_entries_tags`
--

DROP TABLE IF EXISTS `telescope_entries_tags`;
/*!40101 SET @saved_cs_client     = @@character_set_client */;
/*!40101 SET character_set_client = utf8 */;
CREATE TABLE `telescope_entries_tags` (
  `entry_uuid` char(36) COLLATE utf8mb4_unicode_ci NOT NULL,
  `tag` varchar(191) COLLATE utf8mb4_unicode_ci NOT NULL,
  KEY `telescope_entries_tags_entry_uuid_tag_index` (`entry_uuid`,`tag`),
  KEY `telescope_entries_tags_tag_index` (`tag`),
  CONSTRAINT `telescope_entries_tags_entry_uuid_foreign` FOREIGN KEY (`entry_uuid`) REFERENCES `telescope_entries` (`uuid`) ON DELETE CASCADE
) ENGINE=InnoDB DEFAULT CHARSET=utf8mb4 COLLATE=utf8mb4_unicode_ci;
/*!40101 SET character_set_client = @saved_cs_client */;

--
-- Dumping data for table `telescope_entries_tags`
--

LOCK TABLES `telescope_entries_tags` WRITE;
/*!40000 ALTER TABLE `telescope_entries_tags` DISABLE KEYS */;
INSERT INTO `telescope_entries_tags` VALUES ('91c17017-2dda-4120-9915-926b5d061dad','Auth:3'),('91c17017-3702-4933-ae57-de20beed8bd9','Auth:3');
/*!40000 ALTER TABLE `telescope_entries_tags` ENABLE KEYS */;
UNLOCK TABLES;

--
-- Table structure for table `telescope_monitoring`
--

DROP TABLE IF EXISTS `telescope_monitoring`;
/*!40101 SET @saved_cs_client     = @@character_set_client */;
/*!40101 SET character_set_client = utf8 */;
CREATE TABLE `telescope_monitoring` (
  `tag` varchar(191) COLLATE utf8mb4_unicode_ci NOT NULL
) ENGINE=InnoDB DEFAULT CHARSET=utf8mb4 COLLATE=utf8mb4_unicode_ci;
/*!40101 SET character_set_client = @saved_cs_client */;

--
-- Dumping data for table `telescope_monitoring`
--

LOCK TABLES `telescope_monitoring` WRITE;
/*!40000 ALTER TABLE `telescope_monitoring` DISABLE KEYS */;
/*!40000 ALTER TABLE `telescope_monitoring` ENABLE KEYS */;
UNLOCK TABLES;

--
-- Table structure for table `unit`
--

DROP TABLE IF EXISTS `unit`;
/*!40101 SET @saved_cs_client     = @@character_set_client */;
/*!40101 SET character_set_client = utf8 */;
CREATE TABLE `unit` (
  `id` tinyint(3) unsigned NOT NULL AUTO_INCREMENT,
  `name` varchar(191) COLLATE utf8mb4_unicode_ci NOT NULL,
  `symbol` varchar(191) COLLATE utf8mb4_unicode_ci NOT NULL,
  `created_at` timestamp NULL DEFAULT NULL,
  `updated_at` timestamp NULL DEFAULT NULL,
  PRIMARY KEY (`id`)
) ENGINE=InnoDB AUTO_INCREMENT=4 DEFAULT CHARSET=utf8mb4 COLLATE=utf8mb4_unicode_ci;
/*!40101 SET character_set_client = @saved_cs_client */;

--
-- Dumping data for table `unit`
--

LOCK TABLES `unit` WRITE;
/*!40000 ALTER TABLE `unit` DISABLE KEYS */;
INSERT INTO `unit` VALUES (1,'Porcentaje','%','2020-10-13 14:37:24','2020-10-13 14:37:24'),(2,'Decimal','0.00','2020-10-13 14:37:24','2020-10-13 14:37:24'),(3,'Entero','0','2020-10-13 14:37:24','2020-10-13 14:37:24');
/*!40000 ALTER TABLE `unit` ENABLE KEYS */;
UNLOCK TABLES;

--
-- Table structure for table `user_group_activity`
--

DROP TABLE IF EXISTS `user_group_activity`;
/*!40101 SET @saved_cs_client     = @@character_set_client */;
/*!40101 SET character_set_client = utf8 */;
CREATE TABLE `user_group_activity` (
  `id` bigint(20) unsigned NOT NULL AUTO_INCREMENT,
  `user_role_course_id` bigint(20) unsigned NOT NULL,
  `group_activity_id` bigint(20) unsigned NOT NULL,
  `created_at` timestamp NULL DEFAULT NULL,
  `updated_at` timestamp NULL DEFAULT NULL,
  PRIMARY KEY (`id`),
  KEY `user_group_activity_user_role_course_id_index` (`user_role_course_id`),
  KEY `user_group_activity_group_activity_id_index` (`group_activity_id`),
  CONSTRAINT `user_group_activity_group_activity_id_foreign` FOREIGN KEY (`group_activity_id`) REFERENCES `group_activity` (`id`),
  CONSTRAINT `user_group_activity_user_role_course_id_foreign` FOREIGN KEY (`user_role_course_id`) REFERENCES `user_role_course` (`id`)
) ENGINE=InnoDB DEFAULT CHARSET=utf8mb4 COLLATE=utf8mb4_unicode_ci;
/*!40101 SET character_set_client = @saved_cs_client */;

--
-- Dumping data for table `user_group_activity`
--

LOCK TABLES `user_group_activity` WRITE;
/*!40000 ALTER TABLE `user_group_activity` DISABLE KEYS */;
/*!40000 ALTER TABLE `user_group_activity` ENABLE KEYS */;
UNLOCK TABLES;

--
-- Table structure for table `user_origin`
--

DROP TABLE IF EXISTS `user_origin`;
/*!40101 SET @saved_cs_client     = @@character_set_client */;
/*!40101 SET character_set_client = utf8 */;
CREATE TABLE `user_origin` (
  `id` bigint(20) unsigned NOT NULL AUTO_INCREMENT,
  `user_id` bigint(20) unsigned NOT NULL,
  `origin_id` tinyint(3) unsigned NOT NULL,
  `created_at` timestamp NULL DEFAULT NULL,
  `updated_at` timestamp NULL DEFAULT NULL,
  PRIMARY KEY (`id`),
  KEY `user_origin_user_id_index` (`user_id`),
  KEY `user_origin_origin_id_index` (`origin_id`),
  CONSTRAINT `user_origin_origin_id_foreign` FOREIGN KEY (`origin_id`) REFERENCES `origin` (`id`),
  CONSTRAINT `user_origin_user_id_foreign` FOREIGN KEY (`user_id`) REFERENCES `users` (`id`)
) ENGINE=InnoDB AUTO_INCREMENT=32 DEFAULT CHARSET=utf8mb4 COLLATE=utf8mb4_unicode_ci;
/*!40101 SET character_set_client = @saved_cs_client */;

--
-- Dumping data for table `user_origin`
--

LOCK TABLES `user_origin` WRITE;
/*!40000 ALTER TABLE `user_origin` DISABLE KEYS */;
INSERT INTO `user_origin` VALUES (1,1,1,'2020-10-13 14:37:19','2020-10-13 14:37:19'),(2,1,2,'2020-10-13 14:37:19','2020-10-13 14:37:19'),(3,2,1,'2020-10-13 14:37:19','2020-10-13 14:37:19'),(4,2,2,'2020-10-13 14:37:19','2020-10-13 14:37:19'),(5,3,1,'2020-10-13 14:37:19','2020-10-13 14:37:19'),(6,3,2,'2020-10-13 14:37:19','2020-10-13 14:37:19'),(7,4,2,'2020-10-13 14:39:10','2020-10-13 14:39:10'),(8,5,2,'2020-10-13 14:39:10','2020-10-13 14:39:10'),(9,6,2,'2020-10-13 14:39:10','2020-10-13 14:39:10'),(10,7,2,'2020-10-13 14:39:10','2020-10-13 14:39:10'),(11,8,2,'2020-10-13 14:39:11','2020-10-13 14:39:11'),(12,9,2,'2020-10-13 14:39:11','2020-10-13 14:39:11'),(13,10,2,'2020-10-13 14:39:11','2020-10-13 14:39:11'),(14,11,2,'2020-10-13 14:39:11','2020-10-13 14:39:11'),(15,12,2,'2020-10-13 14:39:11','2020-10-13 14:39:11'),(16,13,2,'2020-10-13 14:39:11','2020-10-13 14:39:11'),(17,14,2,'2020-10-13 14:39:11','2020-10-13 14:39:11'),(18,15,2,'2020-10-13 14:39:11','2020-10-13 14:39:11'),(19,16,2,'2020-10-13 14:39:11','2020-10-13 14:39:11'),(20,17,2,'2020-10-13 14:39:12','2020-10-13 14:39:12'),(21,18,2,'2020-10-13 14:39:12','2020-10-13 14:39:12'),(22,19,2,'2020-10-13 14:39:12','2020-10-13 14:39:12'),(23,20,2,'2020-10-13 14:39:12','2020-10-13 14:39:12'),(24,21,2,'2020-10-13 14:39:12','2020-10-13 14:39:12'),(25,22,2,'2020-10-13 14:39:12','2020-10-13 14:39:12'),(26,23,2,'2020-10-13 14:39:12','2020-10-13 14:39:12'),(27,24,2,'2020-10-13 14:39:12','2020-10-13 14:39:12'),(28,25,2,'2020-10-13 14:39:12','2020-10-13 14:39:12'),(29,26,2,'2020-10-13 14:39:13','2020-10-13 14:39:13'),(30,27,2,'2020-10-13 14:39:13','2020-10-13 14:39:13'),(31,28,2,'2020-10-13 14:39:14','2020-10-13 14:39:14');
/*!40000 ALTER TABLE `user_origin` ENABLE KEYS */;
UNLOCK TABLES;

--
-- Table structure for table `user_role`
--

DROP TABLE IF EXISTS `user_role`;
/*!40101 SET @saved_cs_client     = @@character_set_client */;
/*!40101 SET character_set_client = utf8 */;
CREATE TABLE `user_role` (
  `id` bigint(20) unsigned NOT NULL AUTO_INCREMENT,
  `user_id` bigint(20) unsigned NOT NULL,
  `role_id` smallint(5) unsigned NOT NULL,
  `created_at` timestamp NULL DEFAULT NULL,
  `updated_at` timestamp NULL DEFAULT NULL,
  PRIMARY KEY (`id`),
  KEY `user_role_user_id_index` (`user_id`),
  KEY `user_role_role_id_index` (`role_id`),
  CONSTRAINT `user_role_role_id_foreign` FOREIGN KEY (`role_id`) REFERENCES `role` (`id`),
  CONSTRAINT `user_role_user_id_foreign` FOREIGN KEY (`user_id`) REFERENCES `users` (`id`)
) ENGINE=InnoDB AUTO_INCREMENT=36 DEFAULT CHARSET=utf8mb4 COLLATE=utf8mb4_unicode_ci;
/*!40101 SET character_set_client = @saved_cs_client */;

--
-- Dumping data for table `user_role`
--

LOCK TABLES `user_role` WRITE;
/*!40000 ALTER TABLE `user_role` DISABLE KEYS */;
INSERT INTO `user_role` VALUES (1,1,1,'2020-10-13 14:37:19','2020-10-13 14:37:19'),(2,1,2,'2020-10-13 14:37:19','2020-10-13 14:37:19'),(3,1,3,'2020-10-13 14:37:19','2020-10-13 14:37:19'),(4,1,4,'2020-10-13 14:37:19','2020-10-13 14:37:19'),(5,1,5,'2020-10-13 14:37:19','2020-10-13 14:37:19'),(6,1,6,'2020-10-13 14:37:19','2020-10-13 14:37:19'),(7,1,7,'2020-10-13 14:37:19','2020-10-13 14:37:19'),(8,1,8,'2020-10-13 14:37:19','2020-10-13 14:37:19'),(9,2,1,'2020-10-13 14:37:19','2020-10-13 14:37:19'),(10,3,1,'2020-10-13 14:37:19','2020-10-13 14:37:19'),(11,4,5,'2020-10-13 14:39:10','2020-10-13 14:39:10'),(12,5,5,'2020-10-13 14:39:10','2020-10-13 14:39:10'),(13,6,5,'2020-10-13 14:39:10','2020-10-13 14:39:10'),(14,7,5,'2020-10-13 14:39:10','2020-10-13 14:39:10'),(15,8,5,'2020-10-13 14:39:11','2020-10-13 14:39:11'),(16,9,5,'2020-10-13 14:39:11','2020-10-13 14:39:11'),(17,10,5,'2020-10-13 14:39:11','2020-10-13 14:39:11'),(18,11,5,'2020-10-13 14:39:11','2020-10-13 14:39:11'),(19,12,5,'2020-10-13 14:39:11','2020-10-13 14:39:11'),(20,13,5,'2020-10-13 14:39:11','2020-10-13 14:39:11'),(21,14,5,'2020-10-13 14:39:11','2020-10-13 14:39:11'),(22,15,5,'2020-10-13 14:39:11','2020-10-13 14:39:11'),(23,16,5,'2020-10-13 14:39:11','2020-10-13 14:39:11'),(24,17,5,'2020-10-13 14:39:12','2020-10-13 14:39:12'),(25,18,5,'2020-10-13 14:39:12','2020-10-13 14:39:12'),(26,19,5,'2020-10-13 14:39:12','2020-10-13 14:39:12'),(27,20,5,'2020-10-13 14:39:12','2020-10-13 14:39:12'),(28,21,5,'2020-10-13 14:39:12','2020-10-13 14:39:12'),(29,22,5,'2020-10-13 14:39:12','2020-10-13 14:39:12'),(30,23,5,'2020-10-13 14:39:12','2020-10-13 14:39:12'),(31,24,5,'2020-10-13 14:39:12','2020-10-13 14:39:12'),(32,25,5,'2020-10-13 14:39:12','2020-10-13 14:39:12'),(33,26,5,'2020-10-13 14:39:13','2020-10-13 14:39:13'),(34,27,5,'2020-10-13 14:39:13','2020-10-13 14:39:13'),(35,28,5,'2020-10-13 14:39:14','2020-10-13 14:39:14');
/*!40000 ALTER TABLE `user_role` ENABLE KEYS */;
UNLOCK TABLES;

--
-- Table structure for table `user_role_course`
--

DROP TABLE IF EXISTS `user_role_course`;
/*!40101 SET @saved_cs_client     = @@character_set_client */;
/*!40101 SET character_set_client = utf8 */;
CREATE TABLE `user_role_course` (
  `id` bigint(20) unsigned NOT NULL AUTO_INCREMENT,
  `user_role_id` bigint(20) unsigned NOT NULL,
  `course_institution_cohort_id` bigint(20) unsigned NOT NULL,
  `status_id` tinyint(3) unsigned NOT NULL,
  `created_at` timestamp NULL DEFAULT NULL,
  `updated_at` timestamp NULL DEFAULT NULL,
  PRIMARY KEY (`id`),
  KEY `user_role_course_user_role_id_index` (`user_role_id`),
  KEY `user_role_course_course_institution_cohort_id_index` (`course_institution_cohort_id`),
  KEY `user_role_course_status_id_index` (`status_id`),
  CONSTRAINT `user_role_course_course_institution_cohort_id_foreign` FOREIGN KEY (`course_institution_cohort_id`) REFERENCES `course_institution_cohort` (`id`),
  CONSTRAINT `user_role_course_status_id_foreign` FOREIGN KEY (`status_id`) REFERENCES `status` (`id`),
  CONSTRAINT `user_role_course_user_role_id_foreign` FOREIGN KEY (`user_role_id`) REFERENCES `user_role` (`id`)
) ENGINE=InnoDB AUTO_INCREMENT=311 DEFAULT CHARSET=utf8mb4 COLLATE=utf8mb4_unicode_ci;
/*!40101 SET character_set_client = @saved_cs_client */;

--
-- Dumping data for table `user_role_course`
--

LOCK TABLES `user_role_course` WRITE;
/*!40000 ALTER TABLE `user_role_course` DISABLE KEYS */;
INSERT INTO `user_role_course` VALUES (1,5,1,1,'2020-10-13 14:37:22','2020-10-13 14:37:22'),(2,5,2,1,'2020-10-13 14:37:22','2020-10-13 14:37:22'),(3,5,3,1,'2020-10-13 14:37:22','2020-10-13 14:37:22'),(4,5,4,1,'2020-10-13 14:37:22','2020-10-13 14:37:22'),(5,5,5,1,'2020-10-13 14:37:22','2020-10-13 14:37:22'),(6,5,6,1,'2020-10-13 14:37:22','2020-10-13 14:37:22'),(7,5,7,1,'2020-10-13 14:37:22','2020-10-13 14:37:22'),(8,5,8,1,'2020-10-13 14:37:22','2020-10-13 14:37:22'),(9,5,9,1,'2020-10-13 14:37:22','2020-10-13 14:37:22'),(10,5,10,1,'2020-10-13 14:37:22','2020-10-13 14:37:22'),(11,5,11,1,'2020-10-13 14:37:22','2020-10-13 14:37:22'),(12,5,12,1,'2020-10-13 14:37:22','2020-10-13 14:37:22'),(13,5,13,1,'2020-10-13 14:37:22','2020-10-13 14:37:22'),(14,5,14,1,'2020-10-13 14:37:22','2020-10-13 14:37:22'),(15,5,15,1,'2020-10-13 14:37:22','2020-10-13 14:37:22'),(16,5,16,1,'2020-10-13 14:37:22','2020-10-13 14:37:22'),(17,5,17,1,'2020-10-13 14:37:22','2020-10-13 14:37:22'),(18,5,18,1,'2020-10-13 14:37:22','2020-10-13 14:37:22'),(19,5,19,1,'2020-10-13 14:37:22','2020-10-13 14:37:22'),(20,5,20,1,'2020-10-13 14:37:22','2020-10-13 14:37:22'),(21,5,21,1,'2020-10-13 14:37:22','2020-10-13 14:37:22'),(22,5,22,1,'2020-10-13 14:37:22','2020-10-13 14:37:22'),(23,5,23,1,'2020-10-13 14:37:22','2020-10-13 14:37:22'),(24,5,24,1,'2020-10-13 14:37:22','2020-10-13 14:37:22'),(25,5,25,1,'2020-10-13 14:37:22','2020-10-13 14:37:22'),(26,5,26,1,'2020-10-13 14:37:22','2020-10-13 14:37:22'),(27,5,27,1,'2020-10-13 14:37:22','2020-10-13 14:37:22'),(28,5,28,1,'2020-10-13 14:37:22','2020-10-13 14:37:22'),(29,5,29,1,'2020-10-13 14:37:22','2020-10-13 14:37:22'),(30,5,30,1,'2020-10-13 14:37:22','2020-10-13 14:37:22'),(31,5,31,1,'2020-10-13 14:37:22','2020-10-13 14:37:22'),(32,5,32,1,'2020-10-13 14:37:22','2020-10-13 14:37:22'),(33,5,33,1,'2020-10-13 14:37:22','2020-10-13 14:37:22'),(34,5,34,1,'2020-10-13 14:37:22','2020-10-13 14:37:22'),(35,5,35,1,'2020-10-13 14:37:22','2020-10-13 14:37:22'),(36,5,36,1,'2020-10-13 14:37:22','2020-10-13 14:37:22'),(37,5,37,1,'2020-10-13 14:37:22','2020-10-13 14:37:22'),(38,5,38,1,'2020-10-13 14:37:22','2020-10-13 14:37:22'),(39,5,39,1,'2020-10-13 14:37:22','2020-10-13 14:37:22'),(40,5,40,1,'2020-10-13 14:37:22','2020-10-13 14:37:22'),(41,5,41,1,'2020-10-13 14:37:22','2020-10-13 14:37:22'),(42,5,42,1,'2020-10-13 14:37:22','2020-10-13 14:37:22'),(43,5,43,1,'2020-10-13 14:37:22','2020-10-13 14:37:22'),(44,5,44,1,'2020-10-13 14:37:22','2020-10-13 14:37:22'),(45,5,45,1,'2020-10-13 14:37:22','2020-10-13 14:37:22'),(46,5,46,1,'2020-10-13 14:37:22','2020-10-13 14:37:22'),(47,5,47,1,'2020-10-13 14:37:22','2020-10-13 14:37:22'),(48,5,48,1,'2020-10-13 14:37:22','2020-10-13 14:37:22'),(49,5,49,1,'2020-10-13 14:37:22','2020-10-13 14:37:22'),(50,5,50,1,'2020-10-13 14:37:22','2020-10-13 14:37:22'),(51,5,51,1,'2020-10-13 14:37:22','2020-10-13 14:37:22'),(52,5,52,1,'2020-10-13 14:37:22','2020-10-13 14:37:22'),(53,5,53,1,'2020-10-13 14:37:22','2020-10-13 14:37:22'),(54,5,54,1,'2020-10-13 14:37:22','2020-10-13 14:37:22'),(55,5,55,1,'2020-10-13 14:37:22','2020-10-13 14:37:22'),(56,5,56,1,'2020-10-13 14:37:22','2020-10-13 14:37:22'),(57,5,57,1,'2020-10-13 14:37:22','2020-10-13 14:37:22'),(58,5,58,1,'2020-10-13 14:37:22','2020-10-13 14:37:22'),(59,5,59,1,'2020-10-13 14:37:22','2020-10-13 14:37:22'),(60,5,60,1,'2020-10-13 14:37:22','2020-10-13 14:37:22'),(61,5,61,1,'2020-10-13 14:37:22','2020-10-13 14:37:22'),(62,5,62,1,'2020-10-13 14:37:22','2020-10-13 14:37:22'),(63,5,63,1,'2020-10-13 14:37:22','2020-10-13 14:37:22'),(64,5,64,1,'2020-10-13 14:37:22','2020-10-13 14:37:22'),(65,5,65,1,'2020-10-13 14:37:22','2020-10-13 14:37:22'),(66,5,66,1,'2020-10-13 14:37:22','2020-10-13 14:37:22'),(67,5,67,1,'2020-10-13 14:37:22','2020-10-13 14:37:22'),(68,5,68,1,'2020-10-13 14:37:22','2020-10-13 14:37:22'),(69,5,69,1,'2020-10-13 14:37:22','2020-10-13 14:37:22'),(70,5,70,1,'2020-10-13 14:37:22','2020-10-13 14:37:22'),(71,5,71,1,'2020-10-13 14:37:22','2020-10-13 14:37:22'),(72,5,72,1,'2020-10-13 14:37:22','2020-10-13 14:37:22'),(73,5,73,1,'2020-10-13 14:37:22','2020-10-13 14:37:22'),(74,5,74,1,'2020-10-13 14:37:22','2020-10-13 14:37:22'),(75,5,75,1,'2020-10-13 14:37:22','2020-10-13 14:37:22'),(76,5,76,1,'2020-10-13 14:37:22','2020-10-13 14:37:22'),(77,5,77,1,'2020-10-13 14:37:22','2020-10-13 14:37:22'),(78,5,78,1,'2020-10-13 14:37:22','2020-10-13 14:37:22'),(79,5,79,1,'2020-10-13 14:37:22','2020-10-13 14:37:22'),(80,5,80,1,'2020-10-13 14:37:22','2020-10-13 14:37:22'),(81,5,81,1,'2020-10-13 14:37:22','2020-10-13 14:37:22'),(82,5,82,1,'2020-10-13 14:37:22','2020-10-13 14:37:22'),(83,5,83,1,'2020-10-13 14:37:22','2020-10-13 14:37:22'),(84,5,84,1,'2020-10-13 14:37:22','2020-10-13 14:37:22'),(85,5,85,1,'2020-10-13 14:37:22','2020-10-13 14:37:22'),(86,5,86,1,'2020-10-13 14:37:22','2020-10-13 14:37:22'),(87,5,87,1,'2020-10-13 14:37:22','2020-10-13 14:37:22'),(88,5,88,1,'2020-10-13 14:37:22','2020-10-13 14:37:22'),(89,5,89,1,'2020-10-13 14:37:22','2020-10-13 14:37:22'),(90,5,90,1,'2020-10-13 14:37:22','2020-10-13 14:37:22'),(91,5,91,1,'2020-10-13 14:37:22','2020-10-13 14:37:22'),(92,5,92,1,'2020-10-13 14:37:22','2020-10-13 14:37:22'),(93,5,93,1,'2020-10-13 14:37:22','2020-10-13 14:37:22'),(94,5,94,1,'2020-10-13 14:37:22','2020-10-13 14:37:22'),(95,5,95,1,'2020-10-13 14:37:22','2020-10-13 14:37:22'),(96,5,96,1,'2020-10-13 14:37:22','2020-10-13 14:37:22'),(97,5,97,1,'2020-10-13 14:37:22','2020-10-13 14:37:22'),(98,5,98,1,'2020-10-13 14:37:22','2020-10-13 14:37:22'),(99,5,99,1,'2020-10-13 14:37:22','2020-10-13 14:37:22'),(100,5,100,1,'2020-10-13 14:37:22','2020-10-13 14:37:22'),(101,5,101,1,'2020-10-13 14:37:22','2020-10-13 14:37:22'),(102,5,102,1,'2020-10-13 14:37:22','2020-10-13 14:37:22'),(103,5,103,1,'2020-10-13 14:37:22','2020-10-13 14:37:22'),(104,5,104,1,'2020-10-13 14:37:22','2020-10-13 14:37:22'),(105,5,105,1,'2020-10-13 14:37:22','2020-10-13 14:37:22'),(106,5,106,1,'2020-10-13 14:37:22','2020-10-13 14:37:22'),(107,5,107,1,'2020-10-13 14:37:22','2020-10-13 14:37:22'),(108,5,108,1,'2020-10-13 14:37:22','2020-10-13 14:37:22'),(109,5,109,1,'2020-10-13 14:37:22','2020-10-13 14:37:22'),(110,5,110,1,'2020-10-13 14:37:22','2020-10-13 14:37:22'),(111,5,111,1,'2020-10-13 14:37:22','2020-10-13 14:37:22'),(112,5,112,1,'2020-10-13 14:37:22','2020-10-13 14:37:22'),(113,5,113,1,'2020-10-13 14:37:22','2020-10-13 14:37:22'),(114,5,114,1,'2020-10-13 14:37:22','2020-10-13 14:37:22'),(115,5,115,1,'2020-10-13 14:37:22','2020-10-13 14:37:22'),(116,5,116,1,'2020-10-13 14:37:22','2020-10-13 14:37:22'),(117,5,117,1,'2020-10-13 14:37:22','2020-10-13 14:37:22'),(118,5,118,1,'2020-10-13 14:37:22','2020-10-13 14:37:22'),(119,5,119,1,'2020-10-13 14:37:22','2020-10-13 14:37:22'),(120,5,120,1,'2020-10-13 14:37:22','2020-10-13 14:37:22'),(121,5,121,1,'2020-10-13 14:37:22','2020-10-13 14:37:22'),(122,5,122,1,'2020-10-13 14:37:22','2020-10-13 14:37:22'),(123,5,123,1,'2020-10-13 14:37:22','2020-10-13 14:37:22'),(124,5,124,1,'2020-10-13 14:37:22','2020-10-13 14:37:22'),(125,5,125,1,'2020-10-13 14:37:22','2020-10-13 14:37:22'),(126,5,126,1,'2020-10-13 14:37:22','2020-10-13 14:37:22'),(127,5,127,1,'2020-10-13 14:37:22','2020-10-13 14:37:22'),(128,5,128,1,'2020-10-13 14:37:22','2020-10-13 14:37:22'),(129,5,129,1,'2020-10-13 14:37:22','2020-10-13 14:37:22'),(130,5,130,1,'2020-10-13 14:37:22','2020-10-13 14:37:22'),(131,5,131,1,'2020-10-13 14:37:22','2020-10-13 14:37:22'),(132,5,132,1,'2020-10-13 14:37:22','2020-10-13 14:37:22'),(133,5,133,1,'2020-10-13 14:37:22','2020-10-13 14:37:22'),(134,5,134,1,'2020-10-13 14:37:23','2020-10-13 14:37:23'),(135,5,135,1,'2020-10-13 14:37:23','2020-10-13 14:37:23'),(136,5,136,1,'2020-10-13 14:37:23','2020-10-13 14:37:23'),(137,5,137,1,'2020-10-13 14:37:23','2020-10-13 14:37:23'),(138,5,138,1,'2020-10-13 14:37:23','2020-10-13 14:37:23'),(139,5,139,1,'2020-10-13 14:37:23','2020-10-13 14:37:23'),(140,5,140,1,'2020-10-13 14:37:23','2020-10-13 14:37:23'),(141,5,141,1,'2020-10-13 14:37:23','2020-10-13 14:37:23'),(142,5,142,1,'2020-10-13 14:37:23','2020-10-13 14:37:23'),(143,5,143,1,'2020-10-13 14:37:23','2020-10-13 14:37:23'),(144,5,144,1,'2020-10-13 14:37:23','2020-10-13 14:37:23'),(145,5,145,1,'2020-10-13 14:37:23','2020-10-13 14:37:23'),(146,5,146,1,'2020-10-13 14:37:23','2020-10-13 14:37:23'),(147,5,147,1,'2020-10-13 14:37:23','2020-10-13 14:37:23'),(148,5,148,1,'2020-10-13 14:37:23','2020-10-13 14:37:23'),(149,5,149,1,'2020-10-13 14:37:23','2020-10-13 14:37:23'),(150,5,150,1,'2020-10-13 14:37:23','2020-10-13 14:37:23'),(151,5,151,1,'2020-10-13 14:37:23','2020-10-13 14:37:23'),(152,5,152,1,'2020-10-13 14:37:23','2020-10-13 14:37:23'),(153,5,153,1,'2020-10-13 14:37:23','2020-10-13 14:37:23'),(154,5,154,1,'2020-10-13 14:37:23','2020-10-13 14:37:23'),(155,5,155,1,'2020-10-13 14:37:23','2020-10-13 14:37:23'),(156,5,156,1,'2020-10-13 14:37:23','2020-10-13 14:37:23'),(157,5,157,1,'2020-10-13 14:37:23','2020-10-13 14:37:23'),(158,5,158,1,'2020-10-13 14:37:23','2020-10-13 14:37:23'),(159,5,159,1,'2020-10-13 14:37:23','2020-10-13 14:37:23'),(160,5,160,1,'2020-10-13 14:37:23','2020-10-13 14:37:23'),(161,5,161,1,'2020-10-13 14:37:23','2020-10-13 14:37:23'),(162,5,162,1,'2020-10-13 14:37:23','2020-10-13 14:37:23'),(163,5,163,1,'2020-10-13 14:37:23','2020-10-13 14:37:23'),(164,5,164,1,'2020-10-13 14:37:23','2020-10-13 14:37:23'),(165,5,165,1,'2020-10-13 14:37:23','2020-10-13 14:37:23'),(166,5,166,1,'2020-10-13 14:37:23','2020-10-13 14:37:23'),(167,5,167,1,'2020-10-13 14:37:23','2020-10-13 14:37:23'),(168,5,168,1,'2020-10-13 14:37:23','2020-10-13 14:37:23'),(169,5,169,1,'2020-10-13 14:37:23','2020-10-13 14:37:23'),(170,5,170,1,'2020-10-13 14:37:23','2020-10-13 14:37:23'),(171,5,171,1,'2020-10-13 14:37:23','2020-10-13 14:37:23'),(172,5,172,1,'2020-10-13 14:37:23','2020-10-13 14:37:23'),(173,5,173,1,'2020-10-13 14:37:23','2020-10-13 14:37:23'),(174,5,174,1,'2020-10-13 14:37:23','2020-10-13 14:37:23'),(175,5,175,1,'2020-10-13 14:37:23','2020-10-13 14:37:23'),(176,5,176,1,'2020-10-13 14:37:23','2020-10-13 14:37:23'),(177,5,177,1,'2020-10-13 14:37:23','2020-10-13 14:37:23'),(178,5,178,1,'2020-10-13 14:37:23','2020-10-13 14:37:23'),(179,5,179,1,'2020-10-13 14:37:23','2020-10-13 14:37:23'),(180,5,180,1,'2020-10-13 14:37:23','2020-10-13 14:37:23'),(181,5,181,1,'2020-10-13 14:37:23','2020-10-13 14:37:23'),(182,5,182,1,'2020-10-13 14:37:23','2020-10-13 14:37:23'),(183,5,183,1,'2020-10-13 14:37:23','2020-10-13 14:37:23'),(184,5,184,1,'2020-10-13 14:37:23','2020-10-13 14:37:23'),(185,5,185,1,'2020-10-13 14:37:23','2020-10-13 14:37:23'),(186,5,186,1,'2020-10-13 14:37:23','2020-10-13 14:37:23'),(187,5,187,1,'2020-10-13 14:37:23','2020-10-13 14:37:23'),(188,5,188,1,'2020-10-13 14:37:23','2020-10-13 14:37:23'),(189,5,189,1,'2020-10-13 14:37:23','2020-10-13 14:37:23'),(190,5,190,1,'2020-10-13 14:37:23','2020-10-13 14:37:23'),(191,5,191,1,'2020-10-13 14:37:23','2020-10-13 14:37:23'),(192,5,192,1,'2020-10-13 14:37:23','2020-10-13 14:37:23'),(193,5,193,1,'2020-10-13 14:37:23','2020-10-13 14:37:23'),(194,5,194,1,'2020-10-13 14:37:23','2020-10-13 14:37:23'),(195,5,195,1,'2020-10-13 14:37:23','2020-10-13 14:37:23'),(196,5,196,1,'2020-10-13 14:37:23','2020-10-13 14:37:23'),(197,5,197,1,'2020-10-13 14:37:23','2020-10-13 14:37:23'),(198,5,198,1,'2020-10-13 14:37:23','2020-10-13 14:37:23'),(199,5,199,1,'2020-10-13 14:37:23','2020-10-13 14:37:23'),(200,5,200,1,'2020-10-13 14:37:23','2020-10-13 14:37:23'),(201,5,201,1,'2020-10-13 14:37:23','2020-10-13 14:37:23'),(202,5,202,1,'2020-10-13 14:37:23','2020-10-13 14:37:23'),(203,5,203,1,'2020-10-13 14:37:23','2020-10-13 14:37:23'),(204,5,204,1,'2020-10-13 14:37:23','2020-10-13 14:37:23'),(205,5,205,1,'2020-10-13 14:37:23','2020-10-13 14:37:23'),(206,5,206,1,'2020-10-13 14:37:23','2020-10-13 14:37:23'),(207,5,207,1,'2020-10-13 14:37:23','2020-10-13 14:37:23'),(208,5,208,1,'2020-10-13 14:37:23','2020-10-13 14:37:23'),(209,5,209,1,'2020-10-13 14:37:23','2020-10-13 14:37:23'),(210,5,210,1,'2020-10-13 14:37:23','2020-10-13 14:37:23'),(211,5,211,1,'2020-10-13 14:37:23','2020-10-13 14:37:23'),(212,5,212,1,'2020-10-13 14:37:23','2020-10-13 14:37:23'),(213,5,213,1,'2020-10-13 14:37:23','2020-10-13 14:37:23'),(214,5,214,1,'2020-10-13 14:37:23','2020-10-13 14:37:23'),(215,5,215,1,'2020-10-13 14:37:23','2020-10-13 14:37:23'),(216,5,216,1,'2020-10-13 14:37:23','2020-10-13 14:37:23'),(217,5,217,1,'2020-10-13 14:37:23','2020-10-13 14:37:23'),(218,5,218,1,'2020-10-13 14:37:23','2020-10-13 14:37:23'),(219,5,219,1,'2020-10-13 14:37:23','2020-10-13 14:37:23'),(220,5,220,1,'2020-10-13 14:37:23','2020-10-13 14:37:23'),(221,5,221,1,'2020-10-13 14:37:23','2020-10-13 14:37:23'),(222,5,222,1,'2020-10-13 14:37:23','2020-10-13 14:37:23'),(223,5,223,1,'2020-10-13 14:37:23','2020-10-13 14:37:23'),(224,5,224,1,'2020-10-13 14:37:23','2020-10-13 14:37:23'),(225,5,225,1,'2020-10-13 14:37:23','2020-10-13 14:37:23'),(226,5,226,1,'2020-10-13 14:37:23','2020-10-13 14:37:23'),(227,5,227,1,'2020-10-13 14:37:23','2020-10-13 14:37:23'),(228,5,228,1,'2020-10-13 14:37:23','2020-10-13 14:37:23'),(229,5,229,1,'2020-10-13 14:37:23','2020-10-13 14:37:23'),(230,5,230,1,'2020-10-13 14:37:23','2020-10-13 14:37:23'),(231,5,231,1,'2020-10-13 14:37:23','2020-10-13 14:37:23'),(232,5,232,1,'2020-10-13 14:37:23','2020-10-13 14:37:23'),(233,5,233,1,'2020-10-13 14:37:23','2020-10-13 14:37:23'),(234,5,234,1,'2020-10-13 14:37:23','2020-10-13 14:37:23'),(235,5,235,1,'2020-10-13 14:37:23','2020-10-13 14:37:23'),(236,5,236,1,'2020-10-13 14:37:23','2020-10-13 14:37:23'),(237,5,237,1,'2020-10-13 14:37:23','2020-10-13 14:37:23'),(238,5,238,1,'2020-10-13 14:37:23','2020-10-13 14:37:23'),(239,5,239,1,'2020-10-13 14:37:23','2020-10-13 14:37:23'),(240,5,240,1,'2020-10-13 14:37:23','2020-10-13 14:37:23'),(241,5,241,1,'2020-10-13 14:37:23','2020-10-13 14:37:23'),(242,5,242,1,'2020-10-13 14:37:23','2020-10-13 14:37:23'),(243,5,243,1,'2020-10-13 14:37:23','2020-10-13 14:37:23'),(244,5,244,1,'2020-10-13 14:37:23','2020-10-13 14:37:23'),(245,5,245,1,'2020-10-13 14:37:23','2020-10-13 14:37:23'),(246,5,246,1,'2020-10-13 14:37:23','2020-10-13 14:37:23'),(247,5,247,1,'2020-10-13 14:37:23','2020-10-13 14:37:23'),(248,5,248,1,'2020-10-13 14:37:23','2020-10-13 14:37:23'),(249,5,249,1,'2020-10-13 14:37:23','2020-10-13 14:37:23'),(250,5,250,1,'2020-10-13 14:37:23','2020-10-13 14:37:23'),(251,5,251,1,'2020-10-13 14:37:23','2020-10-13 14:37:23'),(252,5,252,1,'2020-10-13 14:37:23','2020-10-13 14:37:23'),(253,5,253,1,'2020-10-13 14:37:23','2020-10-13 14:37:23'),(254,5,254,1,'2020-10-13 14:37:23','2020-10-13 14:37:23'),(255,5,255,1,'2020-10-13 14:37:23','2020-10-13 14:37:23'),(256,5,256,1,'2020-10-13 14:37:23','2020-10-13 14:37:23'),(257,5,257,1,'2020-10-13 14:37:23','2020-10-13 14:37:23'),(258,5,258,1,'2020-10-13 14:37:23','2020-10-13 14:37:23'),(259,5,259,1,'2020-10-13 14:37:23','2020-10-13 14:37:23'),(260,5,260,1,'2020-10-13 14:37:23','2020-10-13 14:37:23'),(261,5,261,1,'2020-10-13 14:37:23','2020-10-13 14:37:23'),(262,5,262,1,'2020-10-13 14:37:23','2020-10-13 14:37:23'),(263,5,263,1,'2020-10-13 14:37:23','2020-10-13 14:37:23'),(264,5,264,1,'2020-10-13 14:37:23','2020-10-13 14:37:23'),(265,11,265,1,'2020-10-13 14:39:10','2020-10-13 14:39:10'),(266,12,265,1,'2020-10-13 14:39:10','2020-10-13 14:39:10'),(267,13,265,1,'2020-10-13 14:39:10','2020-10-13 14:39:10'),(268,14,265,1,'2020-10-13 14:39:10','2020-10-13 14:39:10'),(269,15,265,1,'2020-10-13 14:39:11','2020-10-13 14:39:11'),(270,16,265,1,'2020-10-13 14:39:11','2020-10-13 14:39:11'),(271,17,266,1,'2020-10-13 14:39:11','2020-10-13 14:39:11'),(272,18,265,1,'2020-10-13 14:39:11','2020-10-13 14:39:11'),(273,19,265,1,'2020-10-13 14:39:11','2020-10-13 14:39:11'),(274,20,266,1,'2020-10-13 14:39:11','2020-10-13 14:39:11'),(275,21,266,1,'2020-10-13 14:39:11','2020-10-13 14:39:11'),(276,22,266,1,'2020-10-13 14:39:11','2020-10-13 14:39:11'),(277,23,265,1,'2020-10-13 14:39:11','2020-10-13 14:39:11'),(278,24,266,1,'2020-10-13 14:39:12','2020-10-13 14:39:12'),(279,25,265,1,'2020-10-13 14:39:12','2020-10-13 14:39:12'),(280,26,266,1,'2020-10-13 14:39:12','2020-10-13 14:39:12'),(281,27,266,1,'2020-10-13 14:39:12','2020-10-13 14:39:12'),(282,28,265,1,'2020-10-13 14:39:12','2020-10-13 14:39:12'),(283,29,266,1,'2020-10-13 14:39:12','2020-10-13 14:39:12'),(284,30,266,1,'2020-10-13 14:39:12','2020-10-13 14:39:12'),(285,31,267,1,'2020-10-13 14:39:12','2020-10-13 14:39:12'),(286,32,267,1,'2020-10-13 14:39:12','2020-10-13 14:39:12'),(287,12,269,1,'2020-10-13 14:39:12','2020-10-13 14:39:12'),(288,23,270,1,'2020-10-13 14:39:12','2020-10-13 14:39:12'),(289,16,270,1,'2020-10-13 14:39:12','2020-10-13 14:39:12'),(290,20,269,1,'2020-10-13 14:39:13','2020-10-13 14:39:13'),(291,11,270,1,'2020-10-13 14:39:13','2020-10-13 14:39:13'),(292,26,271,1,'2020-10-13 14:39:13','2020-10-13 14:39:13'),(293,19,270,1,'2020-10-13 14:39:13','2020-10-13 14:39:13'),(294,22,271,1,'2020-10-13 14:39:13','2020-10-13 14:39:13'),(295,25,271,1,'2020-10-13 14:39:13','2020-10-13 14:39:13'),(296,21,271,1,'2020-10-13 14:39:13','2020-10-13 14:39:13'),(297,33,269,1,'2020-10-13 14:39:13','2020-10-13 14:39:13'),(298,24,269,1,'2020-10-13 14:39:13','2020-10-13 14:39:13'),(299,34,270,1,'2020-10-13 14:39:13','2020-10-13 14:39:13'),(300,13,269,1,'2020-10-13 14:39:13','2020-10-13 14:39:13'),(301,14,269,1,'2020-10-13 14:39:13','2020-10-13 14:39:13'),(302,17,269,1,'2020-10-13 14:39:13','2020-10-13 14:39:13'),(303,18,269,1,'2020-10-13 14:39:14','2020-10-13 14:39:14'),(304,27,269,1,'2020-10-13 14:39:14','2020-10-13 14:39:14'),(305,28,269,1,'2020-10-13 14:39:14','2020-10-13 14:39:14'),(306,29,269,1,'2020-10-13 14:39:14','2020-10-13 14:39:14'),(307,30,269,1,'2020-10-13 14:39:14','2020-10-13 14:39:14'),(308,31,269,1,'2020-10-13 14:39:14','2020-10-13 14:39:14'),(309,32,269,1,'2020-10-13 14:39:14','2020-10-13 14:39:14'),(310,35,269,1,'2020-10-13 14:39:14','2020-10-13 14:39:14');
/*!40000 ALTER TABLE `user_role_course` ENABLE KEYS */;
UNLOCK TABLES;

--
-- Table structure for table `user_role_educational_institution`
--

DROP TABLE IF EXISTS `user_role_educational_institution`;
/*!40101 SET @saved_cs_client     = @@character_set_client */;
/*!40101 SET character_set_client = utf8 */;
CREATE TABLE `user_role_educational_institution` (
  `id` bigint(20) unsigned NOT NULL AUTO_INCREMENT,
  `user_role_id` bigint(20) unsigned NOT NULL,
  `educational_institution_id` int(10) unsigned NOT NULL,
  `created_at` timestamp NULL DEFAULT NULL,
  `updated_at` timestamp NULL DEFAULT NULL,
  PRIMARY KEY (`id`),
  KEY `user_role_educational_institution_user_role_id_index` (`user_role_id`),
  KEY `idx_user_role_institution` (`educational_institution_id`),
  CONSTRAINT `fk_user_role_institution` FOREIGN KEY (`educational_institution_id`) REFERENCES `educational_institution` (`id`),
  CONSTRAINT `user_role_educational_institution_user_role_id_foreign` FOREIGN KEY (`user_role_id`) REFERENCES `user_role` (`id`)
) ENGINE=InnoDB AUTO_INCREMENT=32 DEFAULT CHARSET=utf8mb4 COLLATE=utf8mb4_unicode_ci;
/*!40101 SET character_set_client = @saved_cs_client */;

--
-- Dumping data for table `user_role_educational_institution`
--

LOCK TABLES `user_role_educational_institution` WRITE;
/*!40000 ALTER TABLE `user_role_educational_institution` DISABLE KEYS */;
INSERT INTO `user_role_educational_institution` VALUES (1,1,1,'2020-10-13 14:37:29','2020-10-13 14:37:29'),(2,2,1,'2020-10-13 14:37:29','2020-10-13 14:37:29'),(3,3,3,'2020-10-13 14:37:29','2020-10-13 14:37:29'),(4,4,4,'2020-10-13 14:37:29','2020-10-13 14:37:29'),(5,5,1,'2020-10-13 14:37:29','2020-10-13 14:37:29'),(6,6,1,'2020-10-13 14:37:29','2020-10-13 14:37:29'),(7,11,1,'2020-10-13 14:39:10','2020-10-13 14:39:10'),(8,12,1,'2020-10-13 14:39:10','2020-10-13 14:39:10'),(9,13,1,'2020-10-13 14:39:10','2020-10-13 14:39:10'),(10,14,1,'2020-10-13 14:39:10','2020-10-13 14:39:10'),(11,15,1,'2020-10-13 14:39:11','2020-10-13 14:39:11'),(12,16,1,'2020-10-13 14:39:11','2020-10-13 14:39:11'),(13,17,1,'2020-10-13 14:39:11','2020-10-13 14:39:11'),(14,18,1,'2020-10-13 14:39:11','2020-10-13 14:39:11'),(15,19,1,'2020-10-13 14:39:11','2020-10-13 14:39:11'),(16,20,1,'2020-10-13 14:39:11','2020-10-13 14:39:11'),(17,21,1,'2020-10-13 14:39:11','2020-10-13 14:39:11'),(18,22,1,'2020-10-13 14:39:11','2020-10-13 14:39:11'),(19,23,1,'2020-10-13 14:39:11','2020-10-13 14:39:11'),(20,24,1,'2020-10-13 14:39:12','2020-10-13 14:39:12'),(21,25,1,'2020-10-13 14:39:12','2020-10-13 14:39:12'),(22,26,1,'2020-10-13 14:39:12','2020-10-13 14:39:12'),(23,27,1,'2020-10-13 14:39:12','2020-10-13 14:39:12'),(24,28,1,'2020-10-13 14:39:12','2020-10-13 14:39:12'),(25,29,1,'2020-10-13 14:39:12','2020-10-13 14:39:12'),(26,30,1,'2020-10-13 14:39:12','2020-10-13 14:39:12'),(27,31,1,'2020-10-13 14:39:12','2020-10-13 14:39:12'),(28,32,1,'2020-10-13 14:39:12','2020-10-13 14:39:12'),(29,33,1,'2020-10-13 14:39:13','2020-10-13 14:39:13'),(30,34,1,'2020-10-13 14:39:13','2020-10-13 14:39:13'),(31,35,1,'2020-10-13 14:39:14','2020-10-13 14:39:14');
/*!40000 ALTER TABLE `user_role_educational_institution` ENABLE KEYS */;
UNLOCK TABLES;

--
-- Table structure for table `user_user`
--

DROP TABLE IF EXISTS `user_user`;
/*!40101 SET @saved_cs_client     = @@character_set_client */;
/*!40101 SET character_set_client = utf8 */;
CREATE TABLE `user_user` (
  `id` bigint(20) unsigned NOT NULL AUTO_INCREMENT,
  `user_id` bigint(20) unsigned NOT NULL,
  `user_parent_id` bigint(20) unsigned NOT NULL,
  `created_at` timestamp NULL DEFAULT NULL,
  `updated_at` timestamp NULL DEFAULT NULL,
  PRIMARY KEY (`id`),
  KEY `user_user_user_id_index` (`user_id`),
  KEY `user_user_user_parent_id_index` (`user_parent_id`),
  CONSTRAINT `user_user_user_id_foreign` FOREIGN KEY (`user_id`) REFERENCES `users` (`id`),
  CONSTRAINT `user_user_user_parent_id_foreign` FOREIGN KEY (`user_parent_id`) REFERENCES `users` (`id`)
) ENGINE=InnoDB AUTO_INCREMENT=2 DEFAULT CHARSET=utf8mb4 COLLATE=utf8mb4_unicode_ci;
/*!40101 SET character_set_client = @saved_cs_client */;

--
-- Dumping data for table `user_user`
--

LOCK TABLES `user_user` WRITE;
/*!40000 ALTER TABLE `user_user` DISABLE KEYS */;
INSERT INTO `user_user` VALUES (1,3,1,'2020-10-13 14:37:34','2020-10-13 14:37:34');
/*!40000 ALTER TABLE `user_user` ENABLE KEYS */;
UNLOCK TABLES;

--
-- Table structure for table `users`
--

DROP TABLE IF EXISTS `users`;
/*!40101 SET @saved_cs_client     = @@character_set_client */;
/*!40101 SET character_set_client = utf8 */;
CREATE TABLE `users` (
  `id` bigint(20) unsigned NOT NULL AUTO_INCREMENT,
  `status_id` tinyint(3) unsigned NOT NULL,
  `gender_id` tinyint(3) unsigned DEFAULT NULL,
  `academic_level_id` tinyint(3) unsigned DEFAULT NULL,
  `identification_type_id` tinyint(3) unsigned DEFAULT NULL,
  `birthplace_municipality_id` bigint(20) unsigned DEFAULT NULL,
  `username` varchar(191) COLLATE utf8mb4_unicode_ci DEFAULT NULL,
  `email` varchar(191) COLLATE utf8mb4_unicode_ci DEFAULT NULL,
  `email_verified_at` timestamp NULL DEFAULT NULL,
  `password` varchar(191) COLLATE utf8mb4_unicode_ci DEFAULT NULL,
  `firstname` varchar(191) COLLATE utf8mb4_unicode_ci NOT NULL,
  `middlefirstname` varchar(191) COLLATE utf8mb4_unicode_ci DEFAULT NULL,
  `lastname` varchar(191) COLLATE utf8mb4_unicode_ci NOT NULL,
  `middlelastname` varchar(191) COLLATE utf8mb4_unicode_ci DEFAULT NULL,
  `identification` bigint(20) DEFAULT NULL,
  `birthday` date DEFAULT NULL,
  `phone` bigint(20) DEFAULT NULL,
  `sync_id` bigint(20) DEFAULT NULL,
  `remember_token` varchar(100) COLLATE utf8mb4_unicode_ci DEFAULT NULL,
  `created_at` timestamp NULL DEFAULT NULL,
  `updated_at` timestamp NULL DEFAULT NULL,
  PRIMARY KEY (`id`),
  KEY `users_status_id_index` (`status_id`),
  KEY `users_gender_id_index` (`gender_id`),
  KEY `users_academic_level_id_index` (`academic_level_id`),
  KEY `users_identification_type_id_index` (`identification_type_id`),
  KEY `users_birthplace_municipality_id_index` (`birthplace_municipality_id`),
  CONSTRAINT `users_academic_level_id_foreign` FOREIGN KEY (`academic_level_id`) REFERENCES `academic_level` (`id`),
  CONSTRAINT `users_birthplace_municipality_id_foreign` FOREIGN KEY (`birthplace_municipality_id`) REFERENCES `municipality` (`id`),
  CONSTRAINT `users_gender_id_foreign` FOREIGN KEY (`gender_id`) REFERENCES `gender` (`id`),
  CONSTRAINT `users_identification_type_id_foreign` FOREIGN KEY (`identification_type_id`) REFERENCES `identification_type` (`id`),
  CONSTRAINT `users_status_id_foreign` FOREIGN KEY (`status_id`) REFERENCES `status` (`id`)
) ENGINE=InnoDB AUTO_INCREMENT=29 DEFAULT CHARSET=utf8mb4 COLLATE=utf8mb4_unicode_ci;
/*!40101 SET character_set_client = @saved_cs_client */;

--
-- Dumping data for table `users`
--

LOCK TABLES `users` WRITE;
/*!40000 ALTER TABLE `users` DISABLE KEYS */;
INSERT INTO `users` VALUES (1,1,1,10,4,13001,'walterg','walterg@etraining.edu.co',NULL,'$2y$10$wwDnyZFKFeifWsIhgxrfbuxn5WCKhYbNs8D4s42TZkR2726s5BtPi','Walter','Andrés','Guevara','Peña',1233488312,'1997-05-21',3209194932,NULL,NULL,'2020-10-13 14:37:19','2020-10-13 14:37:19'),(2,1,2,10,4,13001,'sena','sena@sena.edu.co',NULL,'$2y$10$fIRPjpa9ztshRGB8N8dDT.KCHFaUxrkjug7jCWvKUxpmr9KoAGOp6','Sena',NULL,'Sena',NULL,123154634,'1991-01-01',3333333533,NULL,NULL,'2020-10-13 14:37:19','2020-10-16 17:49:04'),(3,1,2,10,4,13001,'admin','admin@etraining.edu.co',NULL,'$2y$10$UTUzq67y6pLa/sTcjs3J.uSARIt70uNC2CmSAZx15l7rFZ91kDS7G','Admin ',NULL,'Pruebas',NULL,1111111111,'1991-01-01',3333333533,NULL,NULL,'2020-10-13 14:37:19','2020-10-13 14:37:19'),(4,1,NULL,NULL,NULL,NULL,NULL,'sebduque19@gmail.com',NULL,NULL,'Sebastián',NULL,'Duque Córdoba',NULL,NULL,NULL,NULL,35,NULL,'2020-10-13 14:39:10','2020-10-13 14:39:10'),(5,1,NULL,NULL,NULL,NULL,NULL,'sebastiand@etraining.edu.co',NULL,NULL,'Sebastián',NULL,'Duque A.',NULL,NULL,NULL,NULL,29,NULL,'2020-10-13 14:39:10','2020-10-13 14:39:10'),(6,1,NULL,NULL,NULL,NULL,NULL,'qweqwe@qweqwe.qwe',NULL,NULL,'Andrés',NULL,'Fernández',NULL,NULL,NULL,NULL,52,NULL,'2020-10-13 14:39:10','2020-10-13 14:39:10'),(7,1,NULL,NULL,NULL,NULL,NULL,'juanpablojimenezprieto@hotmail.com',NULL,NULL,'JUAN PABLO',NULL,'JIMENEZ',NULL,NULL,NULL,NULL,96,NULL,'2020-10-13 14:39:10','2020-10-13 14:39:10'),(8,1,NULL,NULL,NULL,NULL,NULL,'camilo.osorio@micorreo.com',NULL,NULL,'Camilo',NULL,'Osorio',NULL,NULL,NULL,NULL,45,NULL,'2020-10-13 14:39:11','2020-10-13 14:39:11'),(9,1,NULL,NULL,NULL,NULL,NULL,'danielm1@etraining.edu.co',NULL,NULL,'Daniel',NULL,'Aprendiz',NULL,NULL,NULL,NULL,31,NULL,'2020-10-13 14:39:11','2020-10-13 14:39:11'),(10,1,NULL,NULL,NULL,NULL,NULL,'osoraco@gmail.com',NULL,NULL,'OSCAR',NULL,'RAMIREZ',NULL,NULL,NULL,NULL,97,NULL,'2020-10-13 14:39:11','2020-10-13 14:39:11'),(11,1,NULL,NULL,NULL,NULL,NULL,'ing.laurayaneth@gmail.com',NULL,NULL,'LAURA YANETH',NULL,'NOGUERA QUENGUAN',NULL,NULL,NULL,NULL,98,NULL,'2020-10-13 14:39:11','2020-10-13 14:39:11'),(12,1,NULL,NULL,NULL,NULL,NULL,'henryossa@etraining.edu.co',NULL,NULL,'Henry',NULL,'De la Ossa',NULL,NULL,NULL,NULL,38,NULL,'2020-10-13 14:39:11','2020-10-13 14:39:11'),(13,1,NULL,NULL,NULL,NULL,NULL,'user1@email.com',NULL,NULL,'Oscar',NULL,'Benavides',NULL,NULL,NULL,NULL,33,NULL,'2020-10-13 14:39:11','2020-10-13 14:39:11'),(14,1,NULL,NULL,NULL,NULL,NULL,'jhonr@etraining.edu.co',NULL,NULL,'Jhon',NULL,'Ramírez',NULL,NULL,NULL,NULL,39,NULL,'2020-10-13 14:39:11','2020-10-13 14:39:11'),(15,1,NULL,NULL,NULL,NULL,NULL,'carlospa@etraining.edu.co',NULL,NULL,'Carlos',NULL,'Parrado A.',NULL,NULL,NULL,NULL,41,NULL,'2020-10-13 14:39:11','2020-10-13 14:39:11'),(16,1,NULL,NULL,NULL,NULL,NULL,'javierl@etraining.edu.co',NULL,NULL,'Javier',NULL,'Laverde',NULL,NULL,NULL,NULL,30,NULL,'2020-10-13 14:39:11','2020-10-13 14:39:11'),(17,1,NULL,NULL,NULL,NULL,NULL,'micorreo3@gmail.com',NULL,NULL,'Daniela',NULL,'Sanchez',NULL,NULL,NULL,NULL,48,NULL,'2020-10-13 14:39:12','2020-10-13 14:39:12'),(18,1,NULL,NULL,NULL,NULL,NULL,'hernandom@etraining.edu.co',NULL,NULL,'Hernando',NULL,'Manrique A.',NULL,NULL,NULL,NULL,43,NULL,'2020-10-13 14:39:12','2020-10-13 14:39:12'),(19,1,NULL,NULL,NULL,NULL,NULL,'a@etraining.edu.co',NULL,NULL,'Pedro',NULL,'Rodriguez',NULL,NULL,NULL,NULL,37,NULL,'2020-10-13 14:39:12','2020-10-13 14:39:12'),(20,1,NULL,NULL,NULL,NULL,NULL,'emarinpa@gmail.com',NULL,NULL,'ELIANA MARIN',NULL,'PALACIO',NULL,NULL,NULL,NULL,99,NULL,'2020-10-13 14:39:12','2020-10-13 14:39:12'),(21,1,NULL,NULL,NULL,NULL,NULL,'ing.fredyacp@gmail.com',NULL,NULL,'FREDY ALEXANDER',NULL,'CORDOBA PALACIOS',NULL,NULL,NULL,NULL,100,NULL,'2020-10-13 14:39:12','2020-10-13 14:39:12'),(22,1,NULL,NULL,NULL,NULL,NULL,'nancy.rubiano@gmail.com',NULL,NULL,'ELIZABETH',NULL,'RUBIANO',NULL,NULL,NULL,NULL,101,NULL,'2020-10-13 14:39:12','2020-10-13 14:39:12'),(23,1,NULL,NULL,NULL,NULL,NULL,'ingsteven.rm@gmail.com',NULL,NULL,'DARLEY STEVEN',NULL,'ROSERO MONCAYO',NULL,NULL,NULL,NULL,102,NULL,'2020-10-13 14:39:12','2020-10-13 14:39:12'),(24,1,NULL,NULL,NULL,NULL,NULL,'s.vogtschmidt@gmail.com',NULL,NULL,'Sergio',NULL,'Vogtschmidt',NULL,NULL,NULL,NULL,103,NULL,'2020-10-13 14:39:12','2020-10-13 14:39:12'),(25,1,NULL,NULL,NULL,NULL,NULL,'carcuero123@gmail.com',NULL,NULL,'Carlos',NULL,'Cuello',NULL,NULL,NULL,NULL,105,NULL,'2020-10-13 14:39:12','2020-10-13 14:39:12'),(26,1,NULL,NULL,NULL,NULL,NULL,'micorreo@gmail.com',NULL,NULL,'Andres',NULL,'Sanchez',NULL,NULL,NULL,NULL,46,NULL,'2020-10-13 14:39:13','2020-10-13 14:39:13'),(27,1,NULL,NULL,NULL,NULL,NULL,'micorreo2@gmail.com',NULL,NULL,'Fernanado',NULL,'Alvira',NULL,NULL,NULL,NULL,47,NULL,'2020-10-13 14:39:13','2020-10-13 14:39:13'),(28,1,NULL,NULL,NULL,NULL,NULL,'veruartecab@gmail.com',NULL,NULL,'Veruska',NULL,'Arteaga',NULL,NULL,NULL,NULL,104,NULL,'2020-10-13 14:39:14','2020-10-13 14:39:14');
/*!40000 ALTER TABLE `users` ENABLE KEYS */;
UNLOCK TABLES;
/*!40103 SET TIME_ZONE=@OLD_TIME_ZONE */;

/*!40101 SET SQL_MODE=@OLD_SQL_MODE */;
/*!40014 SET FOREIGN_KEY_CHECKS=@OLD_FOREIGN_KEY_CHECKS */;
/*!40014 SET UNIQUE_CHECKS=@OLD_UNIQUE_CHECKS */;
/*!40101 SET CHARACTER_SET_CLIENT=@OLD_CHARACTER_SET_CLIENT */;
/*!40101 SET CHARACTER_SET_RESULTS=@OLD_CHARACTER_SET_RESULTS */;
/*!40101 SET COLLATION_CONNECTION=@OLD_COLLATION_CONNECTION */;
/*!40111 SET SQL_NOTES=@OLD_SQL_NOTES */;

-- Dump completed on 2020-10-28 16:33:33
